{
    "data_description": {
        "target": {
            "filename": "ma2019",
            "records": 7634,
            "features": 24
        },
        "deid": {
            "filename": "tvae_family",
            "records": 7634,
            "features": 11,
            "labels": {
                "algorithm name": "tvae",
                "library": "sdv",
                "feature set": "family-focused",
                "target dataset": "ma2019",
                "variant label": ""
            },
            "validations": {
                "values_out_of_bound": {}
            }
        },
        "features": [
            {
                "Feature Name": "PUMA",
                "Feature Description": "Public use microdata area code",
                "Feature Type": "object of type string",
                "Feature Has 'N' (N/A) values?": false
            },
            {
                "Feature Name": "AGEP",
                "Feature Description": "Person's age",
                "Feature Type": "int64",
                "Feature Has 'N' (N/A) values?": false
            },
            {
                "Feature Name": "SEX",
                "Feature Description": "Person's gender",
                "Feature Type": "int64",
                "Feature Has 'N' (N/A) values?": false
            },
            {
                "Feature Name": "MSP",
                "Feature Description": "Marital Status",
                "Feature Type": "object of type string",
                "Feature Has 'N' (N/A) values?": true
            },
            {
                "Feature Name": "HISP",
                "Feature Description": "Hispanic origin",
                "Feature Type": "int64",
                "Feature Has 'N' (N/A) values?": false
            },
            {
                "Feature Name": "RAC1P",
                "Feature Description": "Person's Race",
                "Feature Type": "int64",
                "Feature Has 'N' (N/A) values?": false
            },
            {
                "Feature Name": "NOC",
                "Feature Description": "Number of own children in household (unweighted)",
                "Feature Type": "object of type string",
                "Feature Has 'N' (N/A) values?": true
            },
            {
                "Feature Name": "NPF",
                "Feature Description": "Number of persons in family (unweighted)",
                "Feature Type": "object of type string",
                "Feature Has 'N' (N/A) values?": true
            },
            {
                "Feature Name": "OWN_RENT",
                "Feature Description": "Housing unit rented or owned",
                "Feature Type": "int64",
                "Feature Has 'N' (N/A) values?": false
            },
            {
                "Feature Name": "PINCP_DECILE",
                "Feature Description": "Person's total income rank (with respect to their state) discretized into 10% bins.",
                "Feature Type": "object of type string",
                "Feature Has 'N' (N/A) values?": true
            },
            {
                "Feature Name": "POVPIP",
                "Feature Description": "Income-to-poverty ratio (ex: 250 = 2.5 x poverty line)",
                "Feature Type": "object of type string",
                "Feature Has 'N' (N/A) values?": true
            }
        ]
    },
    "Univariate": {
        "divergence": "univariate/divergence.csv",
        "counts": {
            "AGEP": {
                "counts": "univariate/AGEP_counts.csv",
                "plot": "univariate/AGEP.jpg"
            },
            "PUMA": {
                "counts": "univariate/PUMA_counts.csv",
                "plot": "univariate/PUMA.jpg"
            },
            "PINCP_DECILE": {
                "counts": "univariate/PINCP_DECILE_counts.csv",
                "plot": "univariate/PINCP_DECILE.jpg"
            },
            "POVPIP": {
                "counts": "univariate/POVPIP_counts.csv",
                "plot": "univariate/POVPIP.jpg"
            },
            "NPF": {
                "counts": "univariate/NPF_counts.csv",
                "plot": "univariate/NPF.jpg"
            },
            "SEX": {
                "counts": "univariate/SEX_counts.csv",
                "plot": "univariate/SEX.jpg"
            },
            "MSP": {
                "counts": "univariate/MSP_counts.csv",
                "plot": "univariate/MSP.jpg"
            },
            "NOC": {
                "counts": "univariate/NOC_counts.csv",
                "plot": "univariate/NOC.jpg"
            },
            "RAC1P": {
                "counts": "univariate/RAC1P_counts.csv",
                "plot": "univariate/RAC1P.jpg"
            },
            "OWN_RENT": {
                "counts": "univariate/OWN_RENT_counts.csv",
                "plot": "univariate/OWN_RENT.jpg"
            },
            "HISP": {
                "counts": "univariate/HISP_counts.csv",
                "plot": "univariate/HISP.jpg"
            }
        }
    },
    "Correlations": {
        "kendall correlation difference": {
            "correlation_difference": "correlation_difference/correlation_difference.csv",
            "plot": "correlation_difference/corr_diff.jpg"
        },
        "pearson correlation difference": {
            "correlation_difference": "pearson_correlation/correlation_difference.csv",
            "plot": "pearson_correlation/pearson_corr_diff.jpg"
        }
    },
    "k_marginal": {
        "k_marginal_synopsys": {
            "subsample_error_comparison": "k_marginal_synopsys/subsample_error_comparison.csv",
            "k_marginal_score": 494,
            "score_in_each_puma": "k_marginal_synopsys/score_in_each_puma.csv"
        },
        "k_marginal_breakdown": {
            "worst_2_puma_univariate": {
                "divergence": "k_marginal_breakdown/univariate/divergence.csv",
                "counts": {
                    "AGEP": {
                        "counts": "k_marginal_breakdown/univariate/AGEP_counts.csv",
                        "plot": "k_marginal_breakdown/univariate/AGEP.jpg"
                    },
                    "PINCP_DECILE": {
                        "counts": "k_marginal_breakdown/univariate/PINCP_DECILE_counts.csv",
                        "plot": "k_marginal_breakdown/univariate/PINCP_DECILE.jpg"
                    },
                    "POVPIP": {
                        "counts": "k_marginal_breakdown/univariate/POVPIP_counts.csv",
                        "plot": "k_marginal_breakdown/univariate/POVPIP.jpg"
                    },
                    "PUMA": {
                        "counts": "k_marginal_breakdown/univariate/PUMA_counts.csv",
                        "plot": "k_marginal_breakdown/univariate/PUMA.jpg"
                    },
                    "SEX": {
                        "counts": "k_marginal_breakdown/univariate/SEX_counts.csv",
                        "plot": "k_marginal_breakdown/univariate/SEX.jpg"
                    },
                    "NPF": {
                        "counts": "k_marginal_breakdown/univariate/NPF_counts.csv",
                        "plot": "k_marginal_breakdown/univariate/NPF.jpg"
                    },
                    "MSP": {
                        "counts": "k_marginal_breakdown/univariate/MSP_counts.csv",
                        "plot": "k_marginal_breakdown/univariate/MSP.jpg"
                    },
                    "NOC": {
                        "counts": "k_marginal_breakdown/univariate/NOC_counts.csv",
                        "plot": "k_marginal_breakdown/univariate/NOC.jpg"
                    },
                    "OWN_RENT": {
                        "counts": "k_marginal_breakdown/univariate/OWN_RENT_counts.csv",
                        "plot": "k_marginal_breakdown/univariate/OWN_RENT.jpg"
                    },
                    "RAC1P": {
                        "counts": "k_marginal_breakdown/univariate/RAC1P_counts.csv",
                        "plot": "k_marginal_breakdown/univariate/RAC1P.jpg"
                    },
                    "HISP": {
                        "counts": "k_marginal_breakdown/univariate/HISP_counts.csv",
                        "plot": "k_marginal_breakdown/univariate/HISP.jpg"
                    }
                }
            },
            "worst_2_puma_k_marginal_scores": "k_marginal_breakdown/worst_2_puma_k_marginal_scores.csv",
            "correlation_difference": {
                "pearson_correlation_difference": {
                    "correlation_difference": "k_marginal_breakdown/pearson_correlation/correlation_difference.csv",
                    "plot": "k_marginal_breakdown/pearson_correlation/pearson_corr_diff.jpg"
                }
            }
        }
    },
    "propensity mean square error": {
        "pmse_score": 0.11444064672082147,
        "propensity_distribution": "propensity/propensity_distribution.csv"
    },
    "pca": {
        "components_eigenvector": "pca/components_eigenvector.csv",
        "target_all_components_plot": "pca/target.png",
        "deidentified_all_components_plot": "pca/deidentified.png",
        "highlighted_plots": {
            "MSP-MSP_N-Children (AGEP < 15)": [
                "pca/target_highlighted_MSP/MSP_N.png",
                "pca/deidentified_highlighted_MSP/MSP_N.png"
            ]
        }
    },
    "inconsistencies": {
        "age": {
            "title": "Age-Based Inconsistencies",
            "description": "These inconsistencies deal with the AGE feature; records with age-based inconsistencies might have children who are married, or infants with high school diplomas",
            "inconsistencies": [
                {
                    "inconsistency_name": "child_MSP",
                    "inconsistency_description": "Children (< 15) can't be married",
                    "inconsistency_features": [
                        "AGEP",
                        "MSP"
                    ],
                    "inconsistency_violations": 280,
                    "inconsistent_data_indexes": [
                        66,
                        76,
                        82,
                        92,
                        102,
                        117,
                        136,
                        140,
                        185,
                        190,
                        195,
                        224,
                        269,
                        361,
                        367,
                        391,
                        398,
                        399,
                        532,
                        591,
                        605,
                        635,
                        717,
                        729,
                        767,
                        770,
                        799,
                        823,
                        867,
                        888,
                        898,
                        901,
                        914,
                        969,
                        1025,
                        1026,
                        1051,
                        1111,
                        1114,
                        1151,
                        1175,
                        1203,
                        1269,
                        1272,
                        1274,
                        1276,
                        1319,
                        1352,
                        1391,
                        1440,
                        1446,
                        1472,
                        1487,
                        1493,
                        1499,
                        1508,
                        1592,
                        1620,
                        1623,
                        1703,
                        1756,
                        1789,
                        1808,
                        1849,
                        1870,
                        1888,
                        1939,
                        1958,
                        1973,
                        2013,
                        2027,
                        2035,
                        2055,
                        2065,
                        2072,
                        2076,
                        2078,
                        2089,
                        2091,
                        2092,
                        2125,
                        2128,
                        2162,
                        2201,
                        2277,
                        2308,
                        2313,
                        2332,
                        2333,
                        2416,
                        2426,
                        2494,
                        2515,
                        2545,
                        2554,
                        2591,
                        2594,
                        2597,
                        2607,
                        2663,
                        2673,
                        2757,
                        2777,
                        2779,
                        2794,
                        2817,
                        2823,
                        2833,
                        2836,
                        2839,
                        2842,
                        2889,
                        2890,
                        2909,
                        2920,
                        2950,
                        2952,
                        2991,
                        3016,
                        3042,
                        3150,
                        3236,
                        3247,
                        3262,
                        3343,
                        3350,
                        3371,
                        3410,
                        3411,
                        3418,
                        3425,
                        3426,
                        3428,
                        3430,
                        3477,
                        3497,
                        3498,
                        3507,
                        3533,
                        3535,
                        3541,
                        3570,
                        3583,
                        3598,
                        3620,
                        3639,
                        3689,
                        3750,
                        3852,
                        3905,
                        3925,
                        4003,
                        4055,
                        4160,
                        4226,
                        4252,
                        4262,
                        4304,
                        4312,
                        4354,
                        4361,
                        4370,
                        4391,
                        4410,
                        4426,
                        4433,
                        4435,
                        4438,
                        4483,
                        4495,
                        4561,
                        4577,
                        4585,
                        4596,
                        4602,
                        4605,
                        4620,
                        4663,
                        4710,
                        4728,
                        4729,
                        4757,
                        4759,
                        4792,
                        4879,
                        4966,
                        5012,
                        5023,
                        5057,
                        5098,
                        5117,
                        5141,
                        5199,
                        5204,
                        5230,
                        5238,
                        5248,
                        5254,
                        5262,
                        5287,
                        5292,
                        5302,
                        5355,
                        5395,
                        5468,
                        5477,
                        5514,
                        5537,
                        5545,
                        5551,
                        5564,
                        5610,
                        5620,
                        5644,
                        5700,
                        5784,
                        5912,
                        5935,
                        5943,
                        5946,
                        6021,
                        6044,
                        6049,
                        6053,
                        6077,
                        6094,
                        6147,
                        6158,
                        6182,
                        6248,
                        6265,
                        6273,
                        6274,
                        6309,
                        6333,
                        6465,
                        6488,
                        6499,
                        6510,
                        6518,
                        6542,
                        6546,
                        6563,
                        6603,
                        6615,
                        6659,
                        6688,
                        6725,
                        6780,
                        6798,
                        6805,
                        6854,
                        6867,
                        6930,
                        7004,
                        7010,
                        7071,
                        7177,
                        7179,
                        7252,
                        7274,
                        7321,
                        7323,
                        7360,
                        7373,
                        7378,
                        7379,
                        7397,
                        7409,
                        7462,
                        7476,
                        7482,
                        7509,
                        7526,
                        7536,
                        7555,
                        7558,
                        7560,
                        7570,
                        7580
                    ],
                    "inconsistent_record_example": "inconsistencies/age/child_MSP_example.csv"
                },
                {
                    "inconsistency_name": "child_PINCP_DECILE",
                    "inconsistency_description": "Children (< 15) don't have personal incomes",
                    "inconsistency_features": [
                        "AGEP",
                        "PINCP_DECILE"
                    ],
                    "inconsistency_violations": 236,
                    "inconsistent_data_indexes": [
                        76,
                        82,
                        92,
                        102,
                        136,
                        185,
                        195,
                        224,
                        259,
                        269,
                        361,
                        367,
                        391,
                        398,
                        399,
                        482,
                        591,
                        605,
                        635,
                        643,
                        717,
                        729,
                        767,
                        799,
                        823,
                        867,
                        888,
                        898,
                        901,
                        914,
                        969,
                        1026,
                        1051,
                        1111,
                        1114,
                        1151,
                        1175,
                        1203,
                        1228,
                        1269,
                        1272,
                        1274,
                        1276,
                        1319,
                        1352,
                        1391,
                        1446,
                        1487,
                        1620,
                        1703,
                        1728,
                        1756,
                        1787,
                        1789,
                        1798,
                        1808,
                        1849,
                        1870,
                        1888,
                        1939,
                        1958,
                        1972,
                        1973,
                        2013,
                        2035,
                        2055,
                        2065,
                        2072,
                        2076,
                        2078,
                        2089,
                        2091,
                        2128,
                        2162,
                        2201,
                        2277,
                        2308,
                        2313,
                        2332,
                        2333,
                        2350,
                        2416,
                        2494,
                        2515,
                        2545,
                        2591,
                        2597,
                        2607,
                        2663,
                        2673,
                        2757,
                        2777,
                        2779,
                        2794,
                        2823,
                        2833,
                        2836,
                        2839,
                        2842,
                        2889,
                        2890,
                        2909,
                        2920,
                        2950,
                        2952,
                        2991,
                        3016,
                        3042,
                        3139,
                        3236,
                        3247,
                        3343,
                        3350,
                        3371,
                        3393,
                        3411,
                        3425,
                        3426,
                        3430,
                        3477,
                        3507,
                        3533,
                        3535,
                        3541,
                        3583,
                        3598,
                        3639,
                        3689,
                        3750,
                        3905,
                        3925,
                        4003,
                        4092,
                        4160,
                        4226,
                        4262,
                        4304,
                        4312,
                        4361,
                        4370,
                        4391,
                        4410,
                        4426,
                        4433,
                        4435,
                        4438,
                        4483,
                        4493,
                        4495,
                        4561,
                        4596,
                        4602,
                        4605,
                        4620,
                        4663,
                        4714,
                        4728,
                        4757,
                        4759,
                        4792,
                        4879,
                        4966,
                        5023,
                        5057,
                        5062,
                        5098,
                        5117,
                        5141,
                        5199,
                        5204,
                        5230,
                        5238,
                        5248,
                        5254,
                        5287,
                        5355,
                        5477,
                        5514,
                        5537,
                        5545,
                        5551,
                        5564,
                        5610,
                        5620,
                        5700,
                        5912,
                        5935,
                        6021,
                        6044,
                        6049,
                        6053,
                        6077,
                        6147,
                        6158,
                        6182,
                        6248,
                        6273,
                        6309,
                        6333,
                        6499,
                        6510,
                        6518,
                        6542,
                        6546,
                        6563,
                        6603,
                        6615,
                        6640,
                        6688,
                        6719,
                        6780,
                        6798,
                        6805,
                        6867,
                        6930,
                        7004,
                        7010,
                        7177,
                        7179,
                        7210,
                        7252,
                        7274,
                        7321,
                        7323,
                        7378,
                        7379,
                        7409,
                        7462,
                        7476,
                        7482,
                        7501,
                        7509,
                        7536,
                        7555,
                        7560,
                        7580
                    ],
                    "inconsistent_record_example": "inconsistencies/age/child_PINCP_DECILE_example.csv"
                },
                {
                    "inconsistency_name": "adult_N",
                    "inconsistency_description": "Adults ( > 14) must specify values (other than N) for all adult features",
                    "inconsistency_features": [
                        "AGEP",
                        "MSP",
                        "PINCP",
                        "PINCP_DECILE",
                        "EDU",
                        "DPHY",
                        "DREM"
                    ],
                    "inconsistency_violations": 107,
                    "inconsistent_data_indexes": [
                        23,
                        107,
                        214,
                        608,
                        633,
                        678,
                        782,
                        860,
                        1192,
                        1244,
                        1282,
                        1304,
                        1378,
                        1572,
                        1586,
                        1605,
                        1617,
                        1707,
                        1914,
                        1916,
                        1989,
                        2141,
                        2239,
                        2258,
                        2266,
                        2386,
                        2481,
                        2491,
                        2539,
                        2667,
                        2700,
                        2763,
                        2822,
                        2857,
                        2863,
                        2971,
                        2990,
                        3135,
                        3244,
                        3259,
                        3560,
                        3610,
                        3630,
                        3666,
                        3761,
                        3875,
                        3877,
                        3884,
                        3936,
                        3949,
                        4045,
                        4128,
                        4247,
                        4276,
                        4280,
                        4290,
                        4331,
                        4334,
                        4348,
                        4400,
                        4422,
                        4489,
                        4501,
                        4656,
                        4896,
                        4930,
                        4956,
                        5045,
                        5047,
                        5072,
                        5163,
                        5334,
                        5402,
                        5500,
                        5550,
                        5566,
                        5635,
                        5693,
                        5775,
                        5833,
                        5845,
                        5904,
                        6046,
                        6083,
                        6187,
                        6189,
                        6379,
                        6545,
                        6643,
                        6653,
                        6690,
                        6748,
                        6770,
                        6775,
                        6784,
                        6829,
                        6955,
                        6960,
                        7117,
                        7206,
                        7256,
                        7307,
                        7325,
                        7391,
                        7475,
                        7489,
                        7547
                    ],
                    "inconsistent_record_example": "inconsistencies/age/adult_N_example.csv"
                },
                {
                    "inconsistency_name": "too_many_children",
                    "inconsistency_description": "Adults needed: Family size must be at least one greater than number of children",
                    "inconsistency_features": [
                        "NOC",
                        "NPF"
                    ],
                    "inconsistency_violations": 24,
                    "inconsistent_data_indexes": [
                        4,
                        31,
                        51,
                        479,
                        568,
                        977,
                        1322,
                        1730,
                        2216,
                        2364,
                        2957,
                        3028,
                        3145,
                        3180,
                        3749,
                        4611,
                        4809,
                        4950,
                        5089,
                        5856,
                        5895,
                        6109,
                        6503,
                        6918
                    ],
                    "inconsistent_record_example": "inconsistencies/work/too_many_children_example.csv"
                }
            ]
        },
        "work": {
            "title": "Work-Based Inconsistencies",
            "description": "These inconsistencies deal with the work and finance features; records with work-based inconsistencies might have high incomes while being in poverty, or have conflicts between their industry code and industry category.",
            "inconsistencies": []
        },
        "housing": {
            "title": "Housing-Based Inconsistencies",
            "description": "These inconsistencies deal with housing and family features; records with household-based inconsistencies might have more children in the house than the total household size, or be residents of group quarters (such as prison inmates) who are listed as owning their residences.",
            "inconsistencies": []
        },
        "summary": [
            {
                "Inconsistency Group": "Age",
                "Number of Records Inconsistent": 406,
                "Percent Records Inconsistent": 5.3
            },
            {
                "Inconsistency Group": "Work",
                "Number of Records Inconsistent": 0,
                "Percent Records Inconsistent": 0.0
            },
            {
                "Inconsistency Group": "Housing",
                "Number of Records Inconsistent": 24,
                "Percent Records Inconsistent": 0.3
            }
        ]
    },
    "unique_exact_matches": {
        "records matched in target data": 387,
        "percent records matched in target data": 5.07,
        "unique target records": 6435,
        "percent unique target records": 84.29
    },
    "apparent_match_distribution": {
        "unique_matched_percents": "apparent_match_distribution/unique_matched_percents.csv",
        "plot": "apparent_match_distribution/apparent_match_distribution.jpg"
    },
    "created_on": "May 19, 2023 18:02:20"
}