{
    "data_description": {
        "target": {
            "filename": "ma2019",
            "records": 7634,
            "features": 24
        },
        "deid": {
            "filename": "genetic_sd_k_3_e_1_simple_GiuseppeVietri_4",
            "records": 7634,
            "features": 21,
            "labels": {
                "team": "DataEvolution",
                "submission timestamp": "4/28/2023 14:37:48",
                "target dataset": "ma2019",
                "algorithm name": "Genetic SD",
                "feature set": "simple-features",
                "variant label": "MA_Rows=N_k=3_eps=1",
                "epsilon": "1",
                "delta": "10^(-5)",
                "submission number": 4,
                "privacy": "Differential Privacy",
                "library": "Genetic SD"
            },
            "validations": {
                "values_out_of_bound": {}
            }
        },
        "features": [
            {
                "Feature Name": "PUMA",
                "Feature Description": "Public use microdata area code",
                "Feature Type": "object of type string",
                "Feature Has 'N' (N/A) values?": false
            },
            {
                "Feature Name": "AGEP",
                "Feature Description": "Person's age",
                "Feature Type": "int64",
                "Feature Has 'N' (N/A) values?": false
            },
            {
                "Feature Name": "SEX",
                "Feature Description": "Person's gender",
                "Feature Type": "int64",
                "Feature Has 'N' (N/A) values?": false
            },
            {
                "Feature Name": "MSP",
                "Feature Description": "Marital Status",
                "Feature Type": "object of type string",
                "Feature Has 'N' (N/A) values?": true
            },
            {
                "Feature Name": "HISP",
                "Feature Description": "Hispanic origin",
                "Feature Type": "int64",
                "Feature Has 'N' (N/A) values?": false
            },
            {
                "Feature Name": "RAC1P",
                "Feature Description": "Person's Race",
                "Feature Type": "int64",
                "Feature Has 'N' (N/A) values?": false
            },
            {
                "Feature Name": "NOC",
                "Feature Description": "Number of own children in household (unweighted)",
                "Feature Type": "object of type string",
                "Feature Has 'N' (N/A) values?": true
            },
            {
                "Feature Name": "NPF",
                "Feature Description": "Number of persons in family (unweighted)",
                "Feature Type": "object of type string",
                "Feature Has 'N' (N/A) values?": true
            },
            {
                "Feature Name": "HOUSING_TYPE",
                "Feature Description": "Housing unit or group quarters",
                "Feature Type": "int64",
                "Feature Has 'N' (N/A) values?": false
            },
            {
                "Feature Name": "OWN_RENT",
                "Feature Description": "Housing unit rented or owned",
                "Feature Type": "int64",
                "Feature Has 'N' (N/A) values?": false
            },
            {
                "Feature Name": "DENSITY",
                "Feature Description": "Population density among residents of each PUMA",
                "Feature Type": "float64",
                "Feature Has 'N' (N/A) values?": false
            },
            {
                "Feature Name": "INDP_CAT",
                "Feature Description": "Industry categories",
                "Feature Type": "object of type string",
                "Feature Has 'N' (N/A) values?": true
            },
            {
                "Feature Name": "EDU",
                "Feature Description": "Educational attainment",
                "Feature Type": "object of type string",
                "Feature Has 'N' (N/A) values?": true
            },
            {
                "Feature Name": "PINCP",
                "Feature Description": "Person's total income in dollars",
                "Feature Type": "object of type string",
                "Feature Has 'N' (N/A) values?": true
            },
            {
                "Feature Name": "PINCP_DECILE",
                "Feature Description": "Person's total income rank (with respect to their state) discretized into 10% bins.",
                "Feature Type": "object of type string",
                "Feature Has 'N' (N/A) values?": true
            },
            {
                "Feature Name": "POVPIP",
                "Feature Description": "Income-to-poverty ratio (ex: 250 = 2.5 x poverty line)",
                "Feature Type": "object of type string",
                "Feature Has 'N' (N/A) values?": true
            },
            {
                "Feature Name": "DVET",
                "Feature Description": "Veteran service connected disability rating (percentage)",
                "Feature Type": "object of type string",
                "Feature Has 'N' (N/A) values?": true
            },
            {
                "Feature Name": "DREM",
                "Feature Description": "Cognitive difficulty",
                "Feature Type": "object of type string",
                "Feature Has 'N' (N/A) values?": true
            },
            {
                "Feature Name": "DPHY",
                "Feature Description": "Ambulatory (walking) difficulty",
                "Feature Type": "object of type string",
                "Feature Has 'N' (N/A) values?": true
            },
            {
                "Feature Name": "DEYE",
                "Feature Description": "Vision difficulty",
                "Feature Type": "int32",
                "Feature Has 'N' (N/A) values?": false
            },
            {
                "Feature Name": "DEAR",
                "Feature Description": "Hearing difficulty",
                "Feature Type": "int32",
                "Feature Has 'N' (N/A) values?": false
            }
        ]
    },
    "Univariate": {
        "divergence": "univariate/divergence.csv",
        "counts": {
            "INDP_CAT": {
                "counts": "univariate/INDP_CAT_counts.csv",
                "plot": "univariate/INDP_CAT.jpg"
            },
            "AGEP": {
                "counts": "univariate/AGEP_counts.csv",
                "plot": "univariate/AGEP.jpg"
            },
            "PINCP": {
                "counts": "univariate/PINCP_counts.csv",
                "plot": "univariate/PINCP.jpg"
            },
            "PINCP_DECILE": {
                "counts": "univariate/PINCP_DECILE_counts.csv",
                "plot": "univariate/PINCP_DECILE.jpg"
            },
            "EDU": {
                "counts": "univariate/EDU_counts.csv",
                "plot": "univariate/EDU.jpg"
            },
            "NPF": {
                "counts": "univariate/NPF_counts.csv",
                "plot": "univariate/NPF.jpg"
            },
            "MSP": {
                "counts": "univariate/MSP_counts.csv",
                "plot": "univariate/MSP.jpg"
            },
            "POVPIP": {
                "counts": "univariate/POVPIP_counts.csv",
                "plot": "univariate/POVPIP.jpg"
            },
            "NOC": {
                "counts": "univariate/NOC_counts.csv",
                "plot": "univariate/NOC.jpg"
            },
            "DVET": {
                "counts": "univariate/DVET_counts.csv",
                "plot": "univariate/DVET.jpg"
            },
            "DPHY": {
                "counts": "univariate/DPHY_counts.csv",
                "plot": "univariate/DPHY.jpg"
            },
            "RAC1P": {
                "counts": "univariate/RAC1P_counts.csv",
                "plot": "univariate/RAC1P.jpg"
            },
            "DREM": {
                "counts": "univariate/DREM_counts.csv",
                "plot": "univariate/DREM.jpg"
            },
            "PUMA": {
                "counts": "univariate/PUMA_counts.csv",
                "plot": "univariate/PUMA.jpg"
            },
            "HISP": {
                "counts": "univariate/HISP_counts.csv",
                "plot": "univariate/HISP.jpg"
            },
            "DEAR": {
                "counts": "univariate/DEAR_counts.csv",
                "plot": "univariate/DEAR.jpg"
            },
            "DEYE": {
                "counts": "univariate/DEYE_counts.csv",
                "plot": "univariate/DEYE.jpg"
            },
            "OWN_RENT": {
                "counts": "univariate/OWN_RENT_counts.csv",
                "plot": "univariate/OWN_RENT.jpg"
            },
            "DENSITY": {
                "counts": "univariate/DENSITY_counts.csv",
                "plot": "univariate/DENSITY.jpg"
            },
            "HOUSING_TYPE": {
                "counts": "univariate/HOUSING_TYPE_counts.csv",
                "plot": "univariate/HOUSING_TYPE.jpg"
            },
            "SEX": {
                "counts": "univariate/SEX_counts.csv",
                "plot": "univariate/SEX.jpg"
            }
        }
    },
    "Correlations": {
        "kendall correlation difference": {
            "correlation_difference": "correlation_difference/correlation_difference.csv",
            "plot": "correlation_difference/corr_diff.jpg"
        },
        "pearson correlation difference": {
            "correlation_difference": "pearson_correlation/correlation_difference.csv",
            "plot": "pearson_correlation/pearson_corr_diff.jpg"
        }
    },
    "k_marginal": {
        "k_marginal_synopsys": {
            "subsample_error_comparison": "k_marginal_synopsys/subsample_error_comparison.csv",
            "k_marginal_score": 827,
            "score_in_each_puma": "k_marginal_synopsys/score_in_each_puma.csv"
        },
        "k_marginal_breakdown": {
            "worst_2_puma_univariate": {
                "divergence": "k_marginal_breakdown/univariate/divergence.csv",
                "counts": {
                    "INDP_CAT": {
                        "counts": "k_marginal_breakdown/univariate/INDP_CAT_counts.csv",
                        "plot": "k_marginal_breakdown/univariate/INDP_CAT.jpg"
                    },
                    "AGEP": {
                        "counts": "k_marginal_breakdown/univariate/AGEP_counts.csv",
                        "plot": "k_marginal_breakdown/univariate/AGEP.jpg"
                    },
                    "PINCP": {
                        "counts": "k_marginal_breakdown/univariate/PINCP_counts.csv",
                        "plot": "k_marginal_breakdown/univariate/PINCP.jpg"
                    },
                    "PINCP_DECILE": {
                        "counts": "k_marginal_breakdown/univariate/PINCP_DECILE_counts.csv",
                        "plot": "k_marginal_breakdown/univariate/PINCP_DECILE.jpg"
                    },
                    "EDU": {
                        "counts": "k_marginal_breakdown/univariate/EDU_counts.csv",
                        "plot": "k_marginal_breakdown/univariate/EDU.jpg"
                    },
                    "NPF": {
                        "counts": "k_marginal_breakdown/univariate/NPF_counts.csv",
                        "plot": "k_marginal_breakdown/univariate/NPF.jpg"
                    },
                    "MSP": {
                        "counts": "k_marginal_breakdown/univariate/MSP_counts.csv",
                        "plot": "k_marginal_breakdown/univariate/MSP.jpg"
                    },
                    "POVPIP": {
                        "counts": "k_marginal_breakdown/univariate/POVPIP_counts.csv",
                        "plot": "k_marginal_breakdown/univariate/POVPIP.jpg"
                    },
                    "NOC": {
                        "counts": "k_marginal_breakdown/univariate/NOC_counts.csv",
                        "plot": "k_marginal_breakdown/univariate/NOC.jpg"
                    },
                    "DVET": {
                        "counts": "k_marginal_breakdown/univariate/DVET_counts.csv",
                        "plot": "k_marginal_breakdown/univariate/DVET.jpg"
                    },
                    "DPHY": {
                        "counts": "k_marginal_breakdown/univariate/DPHY_counts.csv",
                        "plot": "k_marginal_breakdown/univariate/DPHY.jpg"
                    },
                    "DREM": {
                        "counts": "k_marginal_breakdown/univariate/DREM_counts.csv",
                        "plot": "k_marginal_breakdown/univariate/DREM.jpg"
                    },
                    "RAC1P": {
                        "counts": "k_marginal_breakdown/univariate/RAC1P_counts.csv",
                        "plot": "k_marginal_breakdown/univariate/RAC1P.jpg"
                    },
                    "HISP": {
                        "counts": "k_marginal_breakdown/univariate/HISP_counts.csv",
                        "plot": "k_marginal_breakdown/univariate/HISP.jpg"
                    },
                    "DEAR": {
                        "counts": "k_marginal_breakdown/univariate/DEAR_counts.csv",
                        "plot": "k_marginal_breakdown/univariate/DEAR.jpg"
                    },
                    "PUMA": {
                        "counts": "k_marginal_breakdown/univariate/PUMA_counts.csv",
                        "plot": "k_marginal_breakdown/univariate/PUMA.jpg"
                    },
                    "DENSITY": {
                        "counts": "k_marginal_breakdown/univariate/DENSITY_counts.csv",
                        "plot": "k_marginal_breakdown/univariate/DENSITY.jpg"
                    },
                    "DEYE": {
                        "counts": "k_marginal_breakdown/univariate/DEYE_counts.csv",
                        "plot": "k_marginal_breakdown/univariate/DEYE.jpg"
                    },
                    "SEX": {
                        "counts": "k_marginal_breakdown/univariate/SEX_counts.csv",
                        "plot": "k_marginal_breakdown/univariate/SEX.jpg"
                    },
                    "OWN_RENT": {
                        "counts": "k_marginal_breakdown/univariate/OWN_RENT_counts.csv",
                        "plot": "k_marginal_breakdown/univariate/OWN_RENT.jpg"
                    },
                    "HOUSING_TYPE": {
                        "counts": "k_marginal_breakdown/univariate/HOUSING_TYPE_counts.csv",
                        "plot": "k_marginal_breakdown/univariate/HOUSING_TYPE.jpg"
                    }
                }
            },
            "worst_2_puma_k_marginal_scores": "k_marginal_breakdown/worst_2_puma_k_marginal_scores.csv",
            "correlation_difference": {
                "pearson_correlation_difference": {
                    "correlation_difference": "k_marginal_breakdown/pearson_correlation/correlation_difference.csv",
                    "plot": "k_marginal_breakdown/pearson_correlation/pearson_corr_diff.jpg"
                }
            }
        }
    },
    "propensity mean square error": {
        "pmse_score": 0.09494667097955826,
        "propensity_distribution": "propensity/propensity_distribution.csv"
    },
    "linear_regression": {
        "total_population": {
            "target_counts": "linear_regression/total_population/target_counts.csv",
            "target_deidentified_counts_difference": "linear_regression/total_population/target_deidentified_counts_difference.csv",
            "target_deidentified_difference_plot": "linear_regression/total_population/density_plot.svg",
            "target_regression_slope_and_intercept": [
                0.62,
                0.12
            ],
            "deidentified_regression_slope_and_intercept": [
                0.24,
                3.1
            ]
        },
        "white_men": {
            "target_counts": "linear_regression/white_men/target_counts.csv",
            "target_deidentified_counts_difference": "linear_regression/white_men/target_deidentified_counts_difference.csv",
            "target_deidentified_difference_plot": "linear_regression/white_men/density_plot.svg",
            "target_regression_slope_and_intercept": [
                0.63,
                0.8
            ],
            "deidentified_regression_slope_and_intercept": [
                0.25,
                3.67
            ]
        },
        "white_women": {
            "target_counts": "linear_regression/white_women/target_counts.csv",
            "target_deidentified_counts_difference": "linear_regression/white_women/target_deidentified_counts_difference.csv",
            "target_deidentified_difference_plot": "linear_regression/white_women/density_plot.svg",
            "target_regression_slope_and_intercept": [
                0.59,
                -0.18
            ],
            "deidentified_regression_slope_and_intercept": [
                0.28,
                2.46
            ]
        },
        "black_men": {
            "target_counts": "linear_regression/black_men/target_counts.csv",
            "target_deidentified_counts_difference": "linear_regression/black_men/target_deidentified_counts_difference.csv",
            "target_deidentified_difference_plot": "linear_regression/black_men/density_plot.svg",
            "target_regression_slope_and_intercept": [
                0.72,
                -1.31
            ],
            "deidentified_regression_slope_and_intercept": [
                0.18,
                4.14
            ]
        },
        "black_women": {
            "target_counts": "linear_regression/black_women/target_counts.csv",
            "target_deidentified_counts_difference": "linear_regression/black_women/target_deidentified_counts_difference.csv",
            "target_deidentified_difference_plot": "linear_regression/black_women/density_plot.svg",
            "target_regression_slope_and_intercept": [
                0.7,
                -1.07
            ],
            "deidentified_regression_slope_and_intercept": [
                -0.01,
                3.65
            ]
        },
        "asian_men": {
            "target_counts": "linear_regression/asian_men/target_counts.csv",
            "target_deidentified_counts_difference": "linear_regression/asian_men/target_deidentified_counts_difference.csv",
            "target_deidentified_difference_plot": "linear_regression/asian_men/density_plot.svg",
            "target_regression_slope_and_intercept": [
                0.83,
                -1.31
            ],
            "deidentified_regression_slope_and_intercept": [
                0.22,
                3.49
            ]
        },
        "asian_women": {
            "target_counts": "linear_regression/asian_women/target_counts.csv",
            "target_deidentified_counts_difference": "linear_regression/asian_women/target_deidentified_counts_difference.csv",
            "target_deidentified_difference_plot": "linear_regression/asian_women/density_plot.svg",
            "target_regression_slope_and_intercept": [
                0.64,
                -1.43
            ],
            "deidentified_regression_slope_and_intercept": [
                0.18,
                2.28
            ]
        },
        "aiannh_men": {
            "target_counts": "linear_regression/aiannh_men/target_counts.csv",
            "target_deidentified_counts_difference": "linear_regression/aiannh_men/target_deidentified_counts_difference.csv",
            "target_deidentified_difference_plot": "linear_regression/aiannh_men/density_plot.svg",
            "target_regression_slope_and_intercept": [
                -0.83,
                7.33
            ],
            "deidentified_regression_slope_and_intercept": [
                0.09,
                3.78
            ]
        },
        "aiannh_women": {
            "target_counts": "linear_regression/aiannh_women/target_counts.csv",
            "target_deidentified_counts_difference": "linear_regression/aiannh_women/target_deidentified_counts_difference.csv",
            "target_deidentified_difference_plot": "linear_regression/aiannh_women/density_plot.svg",
            "target_regression_slope_and_intercept": [
                -0.5,
                5.17
            ],
            "deidentified_regression_slope_and_intercept": [
                0.06,
                2.97
            ]
        }
    },
    "pca": {
        "components_eigenvector": "pca/components_eigenvector.csv",
        "target_all_components_plot": "pca/target.png",
        "deidentified_all_components_plot": "pca/deidentified.png",
        "highlighted_plots": {
            "MSP-MSP_N-Children (AGEP < 15)": [
                "pca/target_highlighted_MSP/MSP_N.png",
                "pca/deidentified_highlighted_MSP/MSP_N.png"
            ]
        }
    },
    "inconsistencies": {
        "age": {
            "title": "Age-Based Inconsistencies",
            "description": "These inconsistencies deal with the AGE feature; records with age-based inconsistencies might have children who are married, or infants with high school diplomas",
            "inconsistencies": []
        },
        "work": {
            "title": "Work-Based Inconsistencies",
            "description": "These inconsistencies deal with the work and finance features; records with work-based inconsistencies might have high incomes while being in poverty, or have conflicts between their industry code and industry category.",
            "inconsistencies": []
        },
        "housing": {
            "title": "Housing-Based Inconsistencies",
            "description": "These inconsistencies deal with housing and family features; records with household-based inconsistencies might have more children in the house than the total household size, or be residents of group quarters (such as prison inmates) who are listed as owning their residences.",
            "inconsistencies": []
        },
        "summary": [
            {
                "Inconsistency Group": "Age",
                "Number of Records Inconsistent": 0,
                "Percent Records Inconsistent": 0.0
            },
            {
                "Inconsistency Group": "Work",
                "Number of Records Inconsistent": 0,
                "Percent Records Inconsistent": 0.0
            },
            {
                "Inconsistency Group": "Housing",
                "Number of Records Inconsistent": 0,
                "Percent Records Inconsistent": 0.0
            }
        ]
    },
    "unique_exact_matches": {
        "records matched in target data": 4,
        "percent records matched in target data": 0.05,
        "unique target records": 7176,
        "percent unique target records": 94.0
    },
    "apparent_match_distribution": {
        "unique_matched_percents": "apparent_match_distribution/unique_matched_percents.csv",
        "plot": "apparent_match_distribution/apparent_match_distribution.jpg"
    },
    "created_on": "May 19, 2023 18:03:37"
}