{
    "data_description": {
        "target": {
            "filename": "national2019",
            "records": 27253,
            "features": 24
        },
        "deid": {
            "filename": "pram_default_pram_feats_all_except_sex_industry_focused_na2019",
            "records": 27253,
            "features": 9,
            "labels": {
                "algorithm name": "pram",
                "library": "sdcmicro",
                "feature set": "industry-focused",
                "target dataset": "national2019",
                "default values": "pd: 0.8, alpha: 0.5",
                "pram features": "MSP, RAC1P, OWN_RENT, PINCP_DECILE, EDU, HISP, PUMA, INDP_CAT",
                "pram features exception": "SEX selected as required categorical key variable",
                "variant label": "all categorical except SEX",
                "variant label detail": "default, pram features: all cat. except SEX",
                "privacy": "Statistical Disclosure Control"
            },
            "validations": {
                "values_out_of_bound": {}
            }
        },
        "features": [
            {
                "Feature Name": "PUMA",
                "Feature Description": "Public use microdata area code",
                "Feature Type": "object of type string",
                "Feature Has 'N' (N/A) values?": false
            },
            {
                "Feature Name": "SEX",
                "Feature Description": "Person's gender",
                "Feature Type": "int64",
                "Feature Has 'N' (N/A) values?": false
            },
            {
                "Feature Name": "MSP",
                "Feature Description": "Marital Status",
                "Feature Type": "object of type string",
                "Feature Has 'N' (N/A) values?": true
            },
            {
                "Feature Name": "HISP",
                "Feature Description": "Hispanic origin",
                "Feature Type": "int64",
                "Feature Has 'N' (N/A) values?": false
            },
            {
                "Feature Name": "RAC1P",
                "Feature Description": "Person's Race",
                "Feature Type": "int64",
                "Feature Has 'N' (N/A) values?": false
            },
            {
                "Feature Name": "OWN_RENT",
                "Feature Description": "Housing unit rented or owned",
                "Feature Type": "int64",
                "Feature Has 'N' (N/A) values?": false
            },
            {
                "Feature Name": "INDP_CAT",
                "Feature Description": "Industry categories",
                "Feature Type": "object of type string",
                "Feature Has 'N' (N/A) values?": true
            },
            {
                "Feature Name": "EDU",
                "Feature Description": "Educational attainment",
                "Feature Type": "object of type string",
                "Feature Has 'N' (N/A) values?": true
            },
            {
                "Feature Name": "PINCP_DECILE",
                "Feature Description": "Person's total income rank (with respect to their state) discretized into 10% bins.",
                "Feature Type": "object of type string",
                "Feature Has 'N' (N/A) values?": true
            }
        ]
    },
    "Univariate": {
        "divergence": "univariate/divergence.csv",
        "counts": {
            "PUMA": {
                "counts": "univariate/PUMA_counts.csv",
                "plot": "univariate/PUMA.jpg"
            },
            "EDU": {
                "counts": "univariate/EDU_counts.csv",
                "plot": "univariate/EDU.jpg"
            },
            "PINCP_DECILE": {
                "counts": "univariate/PINCP_DECILE_counts.csv",
                "plot": "univariate/PINCP_DECILE.jpg"
            },
            "MSP": {
                "counts": "univariate/MSP_counts.csv",
                "plot": "univariate/MSP.jpg"
            },
            "INDP_CAT": {
                "counts": "univariate/INDP_CAT_counts.csv",
                "plot": "univariate/INDP_CAT.jpg"
            },
            "RAC1P": {
                "counts": "univariate/RAC1P_counts.csv",
                "plot": "univariate/RAC1P.jpg"
            },
            "OWN_RENT": {
                "counts": "univariate/OWN_RENT_counts.csv",
                "plot": "univariate/OWN_RENT.jpg"
            },
            "HISP": {
                "counts": "univariate/HISP_counts.csv",
                "plot": "univariate/HISP.jpg"
            },
            "SEX": {
                "counts": "univariate/SEX_counts.csv",
                "plot": "univariate/SEX.jpg"
            }
        }
    },
    "Correlations": {
        "kendall correlation difference": {
            "correlation_difference": "correlation_difference/correlation_difference.csv",
            "plot": "correlation_difference/corr_diff.jpg"
        },
        "pearson correlation difference": {
            "correlation_difference": "pearson_correlation/correlation_difference.csv",
            "plot": "pearson_correlation/pearson_corr_diff.jpg"
        }
    },
    "k_marginal": {
        "k_marginal_synopsys": {
            "subsample_error_comparison": "k_marginal_synopsys/subsample_error_comparison.csv",
            "k_marginal_score": 933,
            "score_in_each_puma": "k_marginal_synopsys/score_in_each_puma.csv"
        },
        "k_marginal_breakdown": {
            "worst_5_puma_univariate": {
                "divergence": "k_marginal_breakdown/univariate/divergence.csv",
                "counts": {
                    "PINCP_DECILE": {
                        "counts": "k_marginal_breakdown/univariate/PINCP_DECILE_counts.csv",
                        "plot": "k_marginal_breakdown/univariate/PINCP_DECILE.jpg"
                    },
                    "EDU": {
                        "counts": "k_marginal_breakdown/univariate/EDU_counts.csv",
                        "plot": "k_marginal_breakdown/univariate/EDU.jpg"
                    },
                    "MSP": {
                        "counts": "k_marginal_breakdown/univariate/MSP_counts.csv",
                        "plot": "k_marginal_breakdown/univariate/MSP.jpg"
                    },
                    "INDP_CAT": {
                        "counts": "k_marginal_breakdown/univariate/INDP_CAT_counts.csv",
                        "plot": "k_marginal_breakdown/univariate/INDP_CAT.jpg"
                    },
                    "PUMA": {
                        "counts": "k_marginal_breakdown/univariate/PUMA_counts.csv",
                        "plot": "k_marginal_breakdown/univariate/PUMA.jpg"
                    },
                    "HISP": {
                        "counts": "k_marginal_breakdown/univariate/HISP_counts.csv",
                        "plot": "k_marginal_breakdown/univariate/HISP.jpg"
                    },
                    "OWN_RENT": {
                        "counts": "k_marginal_breakdown/univariate/OWN_RENT_counts.csv",
                        "plot": "k_marginal_breakdown/univariate/OWN_RENT.jpg"
                    },
                    "RAC1P": {
                        "counts": "k_marginal_breakdown/univariate/RAC1P_counts.csv",
                        "plot": "k_marginal_breakdown/univariate/RAC1P.jpg"
                    },
                    "SEX": {
                        "counts": "k_marginal_breakdown/univariate/SEX_counts.csv",
                        "plot": "k_marginal_breakdown/univariate/SEX.jpg"
                    }
                }
            },
            "worst_5_puma_k_marginal_scores": "k_marginal_breakdown/worst_5_puma_k_marginal_scores.csv",
            "correlation_difference": {
                "pearson_correlation_difference": {
                    "correlation_difference": "k_marginal_breakdown/pearson_correlation/correlation_difference.csv",
                    "plot": "k_marginal_breakdown/pearson_correlation/pearson_corr_diff.jpg"
                }
            }
        }
    },
    "propensity mean square error": {
        "pmse_score": 0.009368729821274038,
        "propensity_distribution": "propensity/propensity_distribution.csv"
    },
    "linear_regression": {
        "total_population": {
            "target_counts": "linear_regression/total_population/target_counts.csv",
            "target_deidentified_counts_difference": "linear_regression/total_population/target_deidentified_counts_difference.csv",
            "target_deidentified_difference_plot": "linear_regression/total_population/density_plot.svg",
            "target_regression_slope_and_intercept": [
                0.63,
                -0.1
            ],
            "deidentified_regression_slope_and_intercept": [
                0.49,
                1.06
            ]
        },
        "white_men": {
            "target_counts": "linear_regression/white_men/target_counts.csv",
            "target_deidentified_counts_difference": "linear_regression/white_men/target_deidentified_counts_difference.csv",
            "target_deidentified_difference_plot": "linear_regression/white_men/density_plot.svg",
            "target_regression_slope_and_intercept": [
                0.68,
                0.39
            ],
            "deidentified_regression_slope_and_intercept": [
                0.51,
                1.65
            ]
        },
        "white_women": {
            "target_counts": "linear_regression/white_women/target_counts.csv",
            "target_deidentified_counts_difference": "linear_regression/white_women/target_deidentified_counts_difference.csv",
            "target_deidentified_difference_plot": "linear_regression/white_women/density_plot.svg",
            "target_regression_slope_and_intercept": [
                0.66,
                -0.6
            ],
            "deidentified_regression_slope_and_intercept": [
                0.5,
                0.72
            ]
        },
        "black_men": {
            "target_counts": "linear_regression/black_men/target_counts.csv",
            "target_deidentified_counts_difference": "linear_regression/black_men/target_deidentified_counts_difference.csv",
            "target_deidentified_difference_plot": "linear_regression/black_men/density_plot.svg",
            "target_regression_slope_and_intercept": [
                0.52,
                0.45
            ],
            "deidentified_regression_slope_and_intercept": [
                0.4,
                1.4
            ]
        },
        "black_women": {
            "target_counts": "linear_regression/black_women/target_counts.csv",
            "target_deidentified_counts_difference": "linear_regression/black_women/target_deidentified_counts_difference.csv",
            "target_deidentified_difference_plot": "linear_regression/black_women/density_plot.svg",
            "target_regression_slope_and_intercept": [
                0.51,
                0.3
            ],
            "deidentified_regression_slope_and_intercept": [
                0.37,
                1.31
            ]
        },
        "asian_men": {
            "target_counts": "linear_regression/asian_men/target_counts.csv",
            "target_deidentified_counts_difference": "linear_regression/asian_men/target_deidentified_counts_difference.csv",
            "target_deidentified_difference_plot": "linear_regression/asian_men/density_plot.svg",
            "target_regression_slope_and_intercept": [
                0.7,
                -0.68
            ],
            "deidentified_regression_slope_and_intercept": [
                0.56,
                0.66
            ]
        },
        "asian_women": {
            "target_counts": "linear_regression/asian_women/target_counts.csv",
            "target_deidentified_counts_difference": "linear_regression/asian_women/target_deidentified_counts_difference.csv",
            "target_deidentified_difference_plot": "linear_regression/asian_women/density_plot.svg",
            "target_regression_slope_and_intercept": [
                0.55,
                -0.19
            ],
            "deidentified_regression_slope_and_intercept": [
                0.46,
                0.6
            ]
        },
        "aiannh_men": {
            "target_counts": "linear_regression/aiannh_men/target_counts.csv",
            "target_deidentified_counts_difference": "linear_regression/aiannh_men/target_deidentified_counts_difference.csv",
            "target_deidentified_difference_plot": "linear_regression/aiannh_men/density_plot.svg",
            "target_regression_slope_and_intercept": [
                0.42,
                1.18
            ],
            "deidentified_regression_slope_and_intercept": [
                0.4,
                1.5
            ]
        },
        "aiannh_women": {
            "target_counts": "linear_regression/aiannh_women/target_counts.csv",
            "target_deidentified_counts_difference": "linear_regression/aiannh_women/target_deidentified_counts_difference.csv",
            "target_deidentified_difference_plot": "linear_regression/aiannh_women/density_plot.svg",
            "target_regression_slope_and_intercept": [
                0.54,
                -0.19
            ],
            "deidentified_regression_slope_and_intercept": [
                0.39,
                0.97
            ]
        }
    },
    "pca": {
        "components_eigenvector": "pca/components_eigenvector.csv",
        "target_all_components_plot": "pca/target.png",
        "deidentified_all_components_plot": "pca/deidentified.png",
        "highlighted_plots": {
            "MSP-MSP_N-Children (AGEP < 15)": [
                "pca/target_highlighted_MSP/MSP_N.png",
                "pca/deidentified_highlighted_MSP/MSP_N.png"
            ]
        }
    },
    "inconsistencies": {
        "age": {
            "title": "Age-Based Inconsistencies",
            "description": "These inconsistencies deal with the AGE feature; records with age-based inconsistencies might have children who are married, or infants with high school diplomas",
            "inconsistencies": [
                {
                    "inconsistency_name": "adult_child",
                    "inconsistency_description": "Even when the AGEP feature is not explicitly used, features which use N to indicate children ( < 15) must agree",
                    "inconsistency_features": [
                        "MSP",
                        "PINCP",
                        "PINCP_DECILE"
                    ],
                    "inconsistency_violations": 1043,
                    "inconsistent_data_indexes": [
                        23,
                        31,
                        38,
                        83,
                        122,
                        171,
                        225,
                        236,
                        293,
                        347,
                        359,
                        367,
                        373,
                        388,
                        455,
                        528,
                        564,
                        608,
                        668,
                        679,
                        686,
                        710,
                        712,
                        746,
                        880,
                        1062,
                        1095,
                        1130,
                        1170,
                        1185,
                        1186,
                        1234,
                        1282,
                        1297,
                        1310,
                        1314,
                        1318,
                        1363,
                        1446,
                        1449,
                        1565,
                        1574,
                        1672,
                        1733,
                        1772,
                        1784,
                        1819,
                        1831,
                        1950,
                        1998,
                        2017,
                        2037,
                        2145,
                        2195,
                        2215,
                        2267,
                        2317,
                        2507,
                        2584,
                        2626,
                        2721,
                        2740,
                        2868,
                        2883,
                        2889,
                        2893,
                        2901,
                        2962,
                        3017,
                        3158,
                        3192,
                        3204,
                        3264,
                        3300,
                        3465,
                        3553,
                        3625,
                        3649,
                        3669,
                        3670,
                        3683,
                        3704,
                        3729,
                        3734,
                        3879,
                        3891,
                        3898,
                        4051,
                        4106,
                        4227,
                        4244,
                        4310,
                        4339,
                        4391,
                        4410,
                        4428,
                        4456,
                        4530,
                        4598,
                        4650,
                        4709,
                        4786,
                        4876,
                        4886,
                        4951,
                        4952,
                        4974,
                        4982,
                        4997,
                        5054,
                        5059,
                        5109,
                        5119,
                        5130,
                        5159,
                        5221,
                        5238,
                        5256,
                        5296,
                        5344,
                        5363,
                        5395,
                        5410,
                        5420,
                        5466,
                        5492,
                        5497,
                        5507,
                        5520,
                        5596,
                        5617,
                        5635,
                        5642,
                        5737,
                        5920,
                        5927,
                        5995,
                        6009,
                        6015,
                        6038,
                        6050,
                        6093,
                        6111,
                        6120,
                        6219,
                        6248,
                        6267,
                        6353,
                        6382,
                        6400,
                        6417,
                        6433,
                        6451,
                        6465,
                        6480,
                        6558,
                        6577,
                        6612,
                        6618,
                        6718,
                        6757,
                        6792,
                        6809,
                        6834,
                        6850,
                        6868,
                        6892,
                        6913,
                        7067,
                        7086,
                        7180,
                        7240,
                        7359,
                        7548,
                        7639,
                        7656,
                        7728,
                        7734,
                        7742,
                        7810,
                        7874,
                        7892,
                        7913,
                        7955,
                        8024,
                        8168,
                        8281,
                        8302,
                        8396,
                        8624,
                        8635,
                        8681,
                        8728,
                        8750,
                        8812,
                        8847,
                        9012,
                        9095,
                        9120,
                        9354,
                        9358,
                        9393,
                        9520,
                        9552,
                        9618,
                        9759,
                        9760,
                        9850,
                        9882,
                        9921,
                        9935,
                        9958,
                        10005,
                        10010,
                        10017,
                        10036,
                        10064,
                        10135,
                        10155,
                        10165,
                        10178,
                        10198,
                        10203,
                        10261,
                        10263,
                        10292,
                        10328,
                        10353,
                        10411,
                        10463,
                        10510,
                        10542,
                        10618,
                        10623,
                        10644,
                        10658,
                        10677,
                        10720,
                        10729,
                        10747,
                        10877,
                        10964,
                        10997,
                        11063,
                        11091,
                        11155,
                        11193,
                        11240,
                        11313,
                        11365,
                        11413,
                        11465,
                        11486,
                        11539,
                        11591,
                        11604,
                        11669,
                        11732,
                        11787,
                        11836,
                        11861,
                        11889,
                        11963,
                        12040,
                        12136,
                        12201,
                        12210,
                        12255,
                        12301,
                        12356,
                        12357,
                        12407,
                        12534,
                        12540,
                        12621,
                        12640,
                        12674,
                        12691,
                        12734,
                        12776,
                        12961,
                        13098,
                        13107,
                        13118,
                        13252,
                        13261,
                        13343,
                        13486,
                        13496,
                        13551,
                        13615,
                        13700,
                        13708,
                        13728,
                        13762,
                        13774,
                        13842,
                        13857,
                        13987,
                        14025,
                        14049,
                        14087,
                        14160,
                        14190,
                        14215,
                        14218,
                        14227,
                        14229,
                        14250,
                        14304,
                        14350,
                        14351,
                        14447,
                        14607,
                        14639,
                        14643,
                        14650,
                        14696,
                        14754,
                        14864,
                        14911,
                        14931,
                        14936,
                        15010,
                        15014,
                        15027,
                        15110,
                        15149,
                        15162,
                        15256,
                        15472,
                        15490,
                        15564,
                        15574,
                        15762,
                        15783,
                        15799,
                        15815,
                        15851,
                        15952,
                        15963,
                        15985,
                        16007,
                        16025,
                        16037,
                        16043,
                        16059,
                        16133,
                        16141,
                        16149,
                        16222,
                        16226,
                        16293,
                        16333,
                        16341,
                        16357,
                        16365,
                        16400,
                        16461,
                        16502,
                        16518,
                        16535,
                        16551,
                        16571,
                        16651,
                        16660,
                        16693,
                        16719,
                        16750,
                        16829,
                        16853,
                        16887,
                        16928,
                        16944,
                        16954,
                        16970,
                        16985,
                        16990,
                        17012,
                        17035,
                        17106,
                        17110,
                        17123,
                        17136,
                        17251,
                        17262,
                        17275,
                        17304,
                        17367,
                        17378,
                        17379,
                        17450,
                        17456,
                        17504,
                        17569,
                        17598,
                        17637,
                        17676,
                        17704,
                        17720,
                        17740,
                        17747,
                        17757,
                        17790,
                        17832,
                        17904,
                        17969,
                        17973,
                        17987,
                        18024,
                        18081,
                        18210,
                        18222,
                        18265,
                        18311,
                        18393,
                        18419,
                        18558,
                        18645,
                        18677,
                        18781,
                        18789,
                        18864,
                        18896,
                        18902,
                        18914,
                        18926,
                        19053,
                        19191,
                        19219,
                        19260,
                        19264,
                        19286,
                        19384,
                        19410,
                        19428,
                        19439,
                        19505,
                        19511,
                        19512,
                        19531,
                        19598,
                        19615,
                        19647,
                        19705,
                        19773,
                        19905,
                        19912,
                        19951,
                        19977,
                        19983,
                        20034,
                        20082,
                        20097,
                        20106,
                        20171,
                        20202,
                        20237,
                        20248,
                        20353,
                        20422,
                        20452,
                        20461,
                        20519,
                        20527,
                        20626,
                        20658,
                        20666,
                        20698,
                        20704,
                        20789,
                        20801,
                        20841,
                        20898,
                        21031,
                        21040,
                        21140,
                        21164,
                        21273,
                        21382,
                        21385,
                        21542,
                        21611,
                        21681,
                        21713,
                        21752,
                        21786,
                        21790,
                        21839,
                        21852,
                        21862,
                        21869,
                        21908,
                        21971,
                        21988,
                        22086,
                        22335,
                        22358,
                        22386,
                        22412,
                        22457,
                        22546,
                        22570,
                        22602,
                        22614,
                        22722,
                        22762,
                        22769,
                        22857,
                        22965,
                        22973,
                        23000,
                        23006,
                        23040,
                        23042,
                        23048,
                        23056,
                        23059,
                        23067,
                        23071,
                        23074,
                        23090,
                        23098,
                        23105,
                        23107,
                        23109,
                        23116,
                        23126,
                        23136,
                        23146,
                        23159,
                        23164,
                        23169,
                        23177,
                        23187,
                        23189,
                        23191,
                        23197,
                        23210,
                        23215,
                        23216,
                        23220,
                        23225,
                        23229,
                        23232,
                        23242,
                        23261,
                        23264,
                        23271,
                        23276,
                        23277,
                        23284,
                        23300,
                        23303,
                        23307,
                        23311,
                        23312,
                        23319,
                        23334,
                        23341,
                        23344,
                        23346,
                        23348,
                        23351,
                        23362,
                        23381,
                        23386,
                        23406,
                        23408,
                        23410,
                        23411,
                        23413,
                        23416,
                        23417,
                        23418,
                        23424,
                        23428,
                        23434,
                        23439,
                        23446,
                        23449,
                        23451,
                        23467,
                        23468,
                        23471,
                        23484,
                        23500,
                        23501,
                        23504,
                        23521,
                        23527,
                        23529,
                        23538,
                        23540,
                        23552,
                        23563,
                        23564,
                        23569,
                        23574,
                        23580,
                        23582,
                        23585,
                        23586,
                        23592,
                        23620,
                        23646,
                        23648,
                        23656,
                        23667,
                        23681,
                        23699,
                        23701,
                        23706,
                        23713,
                        23725,
                        23728,
                        23730,
                        23732,
                        23741,
                        23771,
                        23773,
                        23777,
                        23778,
                        23790,
                        23801,
                        23804,
                        23808,
                        23821,
                        23828,
                        23834,
                        23835,
                        23839,
                        23855,
                        23856,
                        23857,
                        23860,
                        23874,
                        23898,
                        23904,
                        23908,
                        23913,
                        23914,
                        23922,
                        23925,
                        23933,
                        23936,
                        23937,
                        23946,
                        23947,
                        23949,
                        23958,
                        23970,
                        23973,
                        23993,
                        23995,
                        24020,
                        24023,
                        24075,
                        24079,
                        24080,
                        24101,
                        24107,
                        24109,
                        24129,
                        24132,
                        24134,
                        24140,
                        24149,
                        24150,
                        24156,
                        24157,
                        24162,
                        24185,
                        24188,
                        24195,
                        24199,
                        24205,
                        24207,
                        24230,
                        24237,
                        24242,
                        24248,
                        24255,
                        24256,
                        24258,
                        24273,
                        24277,
                        24279,
                        24280,
                        24287,
                        24291,
                        24305,
                        24308,
                        24315,
                        24337,
                        24338,
                        24340,
                        24348,
                        24349,
                        24355,
                        24361,
                        24363,
                        24380,
                        24412,
                        24413,
                        24416,
                        24451,
                        24455,
                        24470,
                        24471,
                        24487,
                        24531,
                        24535,
                        24558,
                        24565,
                        24569,
                        24579,
                        24590,
                        24592,
                        24594,
                        24641,
                        24647,
                        24652,
                        24658,
                        24659,
                        24667,
                        24670,
                        24684,
                        24686,
                        24692,
                        24709,
                        24712,
                        24715,
                        24718,
                        24719,
                        24723,
                        24732,
                        24745,
                        24748,
                        24753,
                        24755,
                        24757,
                        24776,
                        24787,
                        24797,
                        24802,
                        24815,
                        24816,
                        24838,
                        24852,
                        24855,
                        24869,
                        24887,
                        24895,
                        24897,
                        24899,
                        24900,
                        24906,
                        24924,
                        24926,
                        24928,
                        24959,
                        24980,
                        24984,
                        24998,
                        25000,
                        25004,
                        25006,
                        25008,
                        25014,
                        25016,
                        25036,
                        25041,
                        25047,
                        25058,
                        25077,
                        25080,
                        25081,
                        25094,
                        25095,
                        25100,
                        25132,
                        25139,
                        25140,
                        25162,
                        25177,
                        25178,
                        25182,
                        25187,
                        25189,
                        25196,
                        25211,
                        25216,
                        25218,
                        25224,
                        25231,
                        25236,
                        25243,
                        25245,
                        25251,
                        25264,
                        25275,
                        25276,
                        25291,
                        25306,
                        25310,
                        25318,
                        25332,
                        25333,
                        25351,
                        25361,
                        25366,
                        25378,
                        25385,
                        25388,
                        25393,
                        25414,
                        25422,
                        25424,
                        25432,
                        25438,
                        25471,
                        25476,
                        25479,
                        25480,
                        25495,
                        25509,
                        25510,
                        25511,
                        25517,
                        25521,
                        25527,
                        25532,
                        25535,
                        25567,
                        25577,
                        25582,
                        25586,
                        25589,
                        25590,
                        25591,
                        25600,
                        25603,
                        25608,
                        25614,
                        25624,
                        25630,
                        25633,
                        25639,
                        25642,
                        25650,
                        25653,
                        25659,
                        25662,
                        25668,
                        25672,
                        25682,
                        25683,
                        25698,
                        25704,
                        25709,
                        25713,
                        25714,
                        25748,
                        25757,
                        25759,
                        25770,
                        25775,
                        25798,
                        25830,
                        25834,
                        25838,
                        25850,
                        25851,
                        25859,
                        25862,
                        25863,
                        25864,
                        25875,
                        25883,
                        25901,
                        25907,
                        25912,
                        25916,
                        25922,
                        25926,
                        25927,
                        25938,
                        25949,
                        25951,
                        25956,
                        25960,
                        25965,
                        25971,
                        25982,
                        25983,
                        25989,
                        26000,
                        26012,
                        26022,
                        26032,
                        26037,
                        26046,
                        26050,
                        26056,
                        26071,
                        26084,
                        26088,
                        26095,
                        26103,
                        26118,
                        26123,
                        26141,
                        26147,
                        26159,
                        26162,
                        26170,
                        26172,
                        26205,
                        26206,
                        26207,
                        26215,
                        26253,
                        26262,
                        26269,
                        26287,
                        26288,
                        26321,
                        26362,
                        26366,
                        26384,
                        26385,
                        26425,
                        26427,
                        26435,
                        26436,
                        26450,
                        26455,
                        26465,
                        26466,
                        26469,
                        26472,
                        26474,
                        26490,
                        26492,
                        26504,
                        26521,
                        26525,
                        26526,
                        26529,
                        26531,
                        26546,
                        26549,
                        26555,
                        26567,
                        26568,
                        26570,
                        26590,
                        26591,
                        26623,
                        26627,
                        26628,
                        26629,
                        26631,
                        26632,
                        26645,
                        26651,
                        26658,
                        26681,
                        26685,
                        26700,
                        26706,
                        26711,
                        26719,
                        26724,
                        26732,
                        26734,
                        26740,
                        26747,
                        26760,
                        26783,
                        26789,
                        26797,
                        26800,
                        26805,
                        26811,
                        26816,
                        26826,
                        26836,
                        26853,
                        26861,
                        26864,
                        26867,
                        26875,
                        26879,
                        26890,
                        26894,
                        26895,
                        26896,
                        26901,
                        26902,
                        26906,
                        26928,
                        26929,
                        26931,
                        26948,
                        26959,
                        26962,
                        26970,
                        26971,
                        27004,
                        27005,
                        27009,
                        27019,
                        27021,
                        27031,
                        27034,
                        27040,
                        27041,
                        27044,
                        27045,
                        27057,
                        27083,
                        27085,
                        27097,
                        27115,
                        27119,
                        27121,
                        27127,
                        27135,
                        27146,
                        27172,
                        27175,
                        27176,
                        27189,
                        27218,
                        27222,
                        27225,
                        27230,
                        27235,
                        27246,
                        27249,
                        27250
                    ],
                    "inconsistent_record_example": "inconsistencies/age/adult_child_example.csv"
                }
            ]
        },
        "work": {
            "title": "Work-Based Inconsistencies",
            "description": "These inconsistencies deal with the work and finance features; records with work-based inconsistencies might have high incomes while being in poverty, or have conflicts between their industry code and industry category.",
            "inconsistencies": []
        },
        "housing": {
            "title": "Housing-Based Inconsistencies",
            "description": "These inconsistencies deal with housing and family features; records with household-based inconsistencies might have more children in the house than the total household size, or be residents of group quarters (such as prison inmates) who are listed as owning their residences.",
            "inconsistencies": []
        },
        "summary": [
            {
                "Inconsistency Group": "Age",
                "Number of Records Inconsistent": 1043,
                "Percent Records Inconsistent": 3.8
            },
            {
                "Inconsistency Group": "Work",
                "Number of Records Inconsistent": 0,
                "Percent Records Inconsistent": 0.0
            },
            {
                "Inconsistency Group": "Housing",
                "Number of Records Inconsistent": 0,
                "Percent Records Inconsistent": 0.0
            }
        ]
    },
    "unique_exact_matches": {
        "records matched in target data": 9402,
        "percent records matched in target data": 34.5,
        "unique target records": 16132,
        "percent unique target records": 59.19
    },
    "apparent_match_distribution": {
        "unique_matched_percents": "apparent_match_distribution/unique_matched_percents.csv",
        "plot": "apparent_match_distribution/apparent_match_distribution.jpg"
    },
    "created_on": "May 19, 2023 18:05:00"
}