{
    "Created on": "May 19, 2023 18:10:11",
    "version": "2.2.1",
    "data_description": {
        "target": [
            {
                "data": [
                    {
                        "Property": "Filename",
                        "Value": "ma2019"
                    },
                    {
                        "Property": "Records",
                        "Value": 7634
                    },
                    {
                        "Property": "Features",
                        "Value": 24
                    }
                ],
                "validations": []
            }
        ],
        "synthetic": [
            {
                "data": [
                    {
                        "Property": "Filename",
                        "Value": "cart_minnumlevels_11_demographic_SlokomManel_2"
                    },
                    {
                        "Property": "Records",
                        "Value": 9276
                    },
                    {
                        "Property": "Features",
                        "Value": 10
                    }
                ],
                "labels": [
                    {
                        "Label Name": "Team",
                        "Label Value": "CBS-NL"
                    },
                    {
                        "Label Name": "Submission Timestamp",
                        "Label Value": "4/28/2023 12:09:32"
                    },
                    {
                        "Label Name": "Target Dataset",
                        "Label Value": "ma2019"
                    },
                    {
                        "Label Name": "Algorithm Name",
                        "Label Value": "cart"
                    },
                    {
                        "Label Name": "Library",
                        "Label Value": "rsynthpop"
                    },
                    {
                        "Label Name": "Feature Set",
                        "Label Value": "demographic-focused"
                    },
                    {
                        "Label Name": "Variant Label",
                        "Label Value": "minnumlevels=11"
                    },
                    {
                        "Label Name": "Submission Number",
                        "Label Value": 2
                    },
                    {
                        "Label Name": "Privacy",
                        "Label Value": "Synthetic Data (Non-differentially Private)"
                    }
                ],
                "validations": []
            }
        ],
        "Evaluated Data Features": [
            {
                "Feature Name": "AGEP",
                "Feature Description": "Person's age",
                "Feature Type": "int64",
                "Feature Has 'N' (N/A) values?": false
            },
            {
                "Feature Name": "SEX",
                "Feature Description": "Person's gender",
                "Feature Type": "int64",
                "Feature Has 'N' (N/A) values?": false
            },
            {
                "Feature Name": "MSP",
                "Feature Description": "Marital Status",
                "Feature Type": "object of type string",
                "Feature Has 'N' (N/A) values?": true
            },
            {
                "Feature Name": "RAC1P",
                "Feature Description": "Person's Race",
                "Feature Type": "int64",
                "Feature Has 'N' (N/A) values?": false
            },
            {
                "Feature Name": "HOUSING_TYPE",
                "Feature Description": "Housing unit or group quarters",
                "Feature Type": "int64",
                "Feature Has 'N' (N/A) values?": false
            },
            {
                "Feature Name": "OWN_RENT",
                "Feature Description": "Housing unit rented or owned",
                "Feature Type": "int64",
                "Feature Has 'N' (N/A) values?": false
            },
            {
                "Feature Name": "EDU",
                "Feature Description": "Educational attainment",
                "Feature Type": "object of type string",
                "Feature Has 'N' (N/A) values?": true
            },
            {
                "Feature Name": "PINCP_DECILE",
                "Feature Description": "Person's total income rank (with respect to their state) discretized into 10% bins.",
                "Feature Type": "object of type string",
                "Feature Has 'N' (N/A) values?": true
            },
            {
                "Feature Name": "DVET",
                "Feature Description": "Veteran service connected disability rating (percentage)",
                "Feature Type": "object of type string",
                "Feature Has 'N' (N/A) values?": true
            },
            {
                "Feature Name": "DEYE",
                "Feature Description": "Vision difficulty",
                "Feature Type": "int32",
                "Feature Has 'N' (N/A) values?": false
            }
        ]
    },
    "utility": [
        {
            "metric_name": "K-Marginal Synopsys",
            "attachments": {
                "-1": [
                    {
                        "name": null,
                        "data": "The k-marginal metric checks how far the shape of the deidentified data distribution has shifted away from the target data distribution.  It does this using many 3-dimensional snapshots of the data, averaging the density differences across all snapshots.  It was developed by Sergey Pogodin as an efficient scoring mechanism for the NIST Temporal Data Challenges, and can be applied to measure the distance between any two data distributions.  A score of 0 means two distributions have zero overlap, while a score of 1000 means the two distributions match identically.  More information can be found <a href='https://aaai-ppai22.github.io/files/7.pdf'>here</a>.",
                        "type": "string",
                        "dotted_break": false
                    },
                    {
                        "name": null,
                        "data": "Highlight-K-Marginal Score: 896",
                        "type": "string",
                        "dotted_break": false
                    },
                    {
                        "name": "Sampling Error Comparison",
                        "data": "Here we provide a sampling error baseline: Taking a random subsample of the data also shifts the distribution by introducing sampling error.  How does the shift from deidentifying data compare to the shift that would occur from subsampling the target data?",
                        "type": "string",
                        "dotted_break": false
                    },
                    {
                        "name": null,
                        "data": "K-Marginal score of the deidentified data closely resembles K-Marginal score of a 10% sub-sample of the target data.",
                        "type": "string",
                        "dotted_break": false
                    },
                    {
                        "name": null,
                        "data": [
                            {
                                "Sub-Sample Size": "10%",
                                "Sub-Sample K-Marginal Score": 949,
                                "Deidentified Data K-marginal score": 896,
                                "Absolute Diff. From Deidentified Data K-marginal Score": "53",
                                "min_idx": true
                            },
                            {
                                "Sub-Sample Size": "20%",
                                "Sub-Sample K-Marginal Score": 966,
                                "Deidentified Data K-marginal score": 896,
                                "Absolute Diff. From Deidentified Data K-marginal Score": "70"
                            },
                            {
                                "Sub-Sample Size": "30%",
                                "Sub-Sample K-Marginal Score": 972,
                                "Deidentified Data K-marginal score": 896,
                                "Absolute Diff. From Deidentified Data K-marginal Score": "76"
                            },
                            {
                                "Sub-Sample Size": "40%",
                                "Sub-Sample K-Marginal Score": 978,
                                "Deidentified Data K-marginal score": 896,
                                "Absolute Diff. From Deidentified Data K-marginal Score": "82"
                            },
                            {
                                "Sub-Sample Size": "50%",
                                "Sub-Sample K-Marginal Score": 981,
                                "Deidentified Data K-marginal score": 896,
                                "Absolute Diff. From Deidentified Data K-marginal Score": "85"
                            },
                            {
                                "Sub-Sample Size": "60%",
                                "Sub-Sample K-Marginal Score": 984,
                                "Deidentified Data K-marginal score": 896,
                                "Absolute Diff. From Deidentified Data K-marginal Score": "88"
                            },
                            {
                                "Sub-Sample Size": "70%",
                                "Sub-Sample K-Marginal Score": 988,
                                "Deidentified Data K-marginal score": 896,
                                "Absolute Diff. From Deidentified Data K-marginal Score": "92"
                            },
                            {
                                "Sub-Sample Size": "80%",
                                "Sub-Sample K-Marginal Score": 991,
                                "Deidentified Data K-marginal score": 896,
                                "Absolute Diff. From Deidentified Data K-marginal Score": "95"
                            },
                            {
                                "Sub-Sample Size": "90%",
                                "Sub-Sample K-Marginal Score": 994,
                                "Deidentified Data K-marginal score": 896,
                                "Absolute Diff. From Deidentified Data K-marginal Score": "98"
                            },
                            {
                                "Sub-Sample Size": "100%",
                                "Sub-Sample K-Marginal Score": 1000,
                                "Deidentified Data K-marginal score": 896,
                                "Absolute Diff. From Deidentified Data K-marginal Score": "104"
                            }
                        ],
                        "type": "table",
                        "dotted_break": false
                    }
                ]
            }
        },
        {
            "metric_name": "Univariate Distributions",
            "attachments": {
                "-1": [
                    {
                        "name": null,
                        "data": "Here we provide single feature distribution comparisons ordered to show worst performing features first (based on the L1 norm of density differences). Especially high-count values in the target data are not displayed on the charts but are provided below each distribution figure",
                        "type": "string",
                        "dotted_break": false
                    },
                    {
                        "name": null,
                        "data": "h4EDU: Educational attainment",
                        "type": "string",
                        "dotted_break": false
                    },
                    {
                        "name": null,
                        "data": [
                            {
                                "image_name": "EDU",
                                "path": "univariate/EDU.jpg"
                            }
                        ],
                        "type": "image_links",
                        "dotted_break": false
                    },
                    {
                        "name": null,
                        "data": "h4AGEP: Person's age",
                        "type": "string",
                        "dotted_break": false
                    },
                    {
                        "name": null,
                        "data": [
                            {
                                "image_name": "AGEP",
                                "path": "univariate/AGEP.jpg"
                            }
                        ],
                        "type": "image_links",
                        "dotted_break": false
                    },
                    {
                        "name": null,
                        "data": "h4PINCP_DECILE: Person's total income rank (with respect to their state) discretized into 10% bins.",
                        "type": "string",
                        "dotted_break": false
                    },
                    {
                        "name": null,
                        "data": [
                            {
                                "image_name": "PINCP_DECILE",
                                "path": "univariate/PINCP_DECILE.jpg"
                            }
                        ],
                        "type": "image_links",
                        "dotted_break": false
                    },
                    {
                        "name": null,
                        "data": "h4MSP: Marital Status",
                        "type": "string",
                        "dotted_break": false
                    },
                    {
                        "name": null,
                        "data": [
                            {
                                "image_name": "MSP",
                                "path": "univariate/MSP.jpg"
                            }
                        ],
                        "type": "image_links",
                        "dotted_break": false
                    },
                    {
                        "name": null,
                        "data": "h4RAC1P: Person's Race",
                        "type": "string",
                        "dotted_break": false
                    },
                    {
                        "name": null,
                        "data": "Feature Values not shown in the chart:<br>Value: 1 [White alone]<br>Target Data Counts: 6658<br>Deidentified Data Counts: 7903",
                        "type": "string",
                        "dotted_break": false
                    },
                    {
                        "name": null,
                        "data": [
                            {
                                "image_name": "RAC1P",
                                "path": "univariate/RAC1P.jpg"
                            }
                        ],
                        "type": "image_links",
                        "dotted_break": false
                    },
                    {
                        "name": null,
                        "data": "h4OWN_RENT: Housing unit rented or owned",
                        "type": "string",
                        "dotted_break": false
                    },
                    {
                        "name": null,
                        "data": "Feature Values not shown in the chart:<br>Value: 1 [Own housing unit]<br>Target Data Counts: 5705<br>Deidentified Data Counts: 7356",
                        "type": "string",
                        "dotted_break": false
                    },
                    {
                        "name": null,
                        "data": [
                            {
                                "image_name": "OWN_RENT",
                                "path": "univariate/OWN_RENT.jpg"
                            }
                        ],
                        "type": "image_links",
                        "dotted_break": false
                    },
                    {
                        "name": null,
                        "data": "h4SEX: Person's gender",
                        "type": "string",
                        "dotted_break": false
                    },
                    {
                        "name": null,
                        "data": [
                            {
                                "image_name": "SEX",
                                "path": "univariate/SEX.jpg"
                            }
                        ],
                        "type": "image_links",
                        "dotted_break": false
                    },
                    {
                        "name": null,
                        "data": "h4HOUSING_TYPE: Housing unit or group quarters",
                        "type": "string",
                        "dotted_break": false
                    },
                    {
                        "name": null,
                        "data": "Feature Values not shown in the chart:<br>Value: 1 [Housing Unit]<br>Target Data Counts: 7161<br>Deidentified Data Counts: 9060",
                        "type": "string",
                        "dotted_break": false
                    },
                    {
                        "name": null,
                        "data": [
                            {
                                "image_name": "HOUSING_TYPE",
                                "path": "univariate/HOUSING_TYPE.jpg"
                            }
                        ],
                        "type": "image_links",
                        "dotted_break": false
                    },
                    {
                        "name": null,
                        "data": "h4DVET: Veteran service connected disability rating (percentage)",
                        "type": "string",
                        "dotted_break": false
                    },
                    {
                        "name": null,
                        "data": "Feature Values not shown in the chart:<br>Value: N [N/A (No service-connected disability/never served in military]<br>Target Data Counts: 7551<br>Deidentified Data Counts: 9095",
                        "type": "string",
                        "dotted_break": false
                    },
                    {
                        "name": null,
                        "data": [
                            {
                                "image_name": "DVET",
                                "path": "univariate/DVET.jpg"
                            }
                        ],
                        "type": "image_links",
                        "dotted_break": false
                    },
                    {
                        "name": null,
                        "data": "h4DEYE: Vision difficulty",
                        "type": "string",
                        "dotted_break": false
                    },
                    {
                        "name": null,
                        "data": "Feature Values not shown in the chart:<br>Value: 2 [No]<br>Target Data Counts: 7490<br>Deidentified Data Counts: 9070",
                        "type": "string",
                        "dotted_break": false
                    },
                    {
                        "name": null,
                        "data": [
                            {
                                "image_name": "DEYE",
                                "path": "univariate/DEYE.jpg"
                            }
                        ],
                        "type": "image_links",
                        "dotted_break": false
                    }
                ]
            }
        },
        {
            "metric_name": "Correlations",
            "attachments": {
                "-1": [
                    {
                        "name": null,
                        "data": "A key goal of deidentified data is to preserve the feature correlations from the target data, so that analyses performed on the deidentified data provide meaningful insight about the target population.  Which correlations are the deidentified data preserving, and which are being altered during deidentification?",
                        "type": "string",
                        "dotted_break": false
                    },
                    {
                        "name": "Kendall Tau Correlation Coefficient Difference",
                        "data": "This chart shows pairwise correlations using a somewhat different <a href='https://en.wikipedia.org/wiki/Kendall_rank_correlation_coefficient'>definition of correlation</a>. To what extent do the two different correlation metrics agree or disagree with each other about the quality of the deidentified data?",
                        "type": "string",
                        "dotted_break": false
                    },
                    {
                        "name": null,
                        "data": [
                            {
                                "image_name": "corr_diff",
                                "path": "correlation_difference/corr_diff.jpg"
                            }
                        ],
                        "type": "image_links",
                        "dotted_break": false
                    },
                    {
                        "name": "Pearson Correlation Coefficient Difference",
                        "data": "The <a href='https://en.wikipedia.org/wiki/Pearson_correlation_coefficient'>Pearson Correlation</a> difference was a popular utility metric during the <a href='https://pages.nist.gov/HLG-MOS_Synthetic_Data_Test_Drive/index.html'>HLG-MOS Synthetic Data Test Drive</a>. Note that darker highlighting indicates pairs of features whose correlations were not well preserved by the deidentified data.",
                        "type": "string",
                        "dotted_break": false
                    },
                    {
                        "name": null,
                        "data": [
                            {
                                "image_name": "pearson_corr_diff",
                                "path": "pearson_correlation/pearson_corr_diff.jpg"
                            }
                        ],
                        "type": "image_links",
                        "dotted_break": false
                    }
                ]
            }
        },
        {
            "metric_name": "Linear Regression",
            "attachments": {
                "-1": [
                    {
                        "name": null,
                        "data": "Linear regression is a fundamental data analysis technique that condenses a multi-dimensional data distribution  down to a one dimensional (line) representation. It works by finding the line that sits in the 'middle' of the data, in some sense-- <a href='https://en.wikipedia.org/wiki/Linear_regression#Formulation'>it minimizes the total distance between the points of the data and the line.</a> There are more advanced forms of regression, but here we're focusing on the simplest case-- we fit a simple straight line to the data, getting the slope and y-intercept value of that line.",
                        "type": "string",
                        "dotted_break": false
                    },
                    {
                        "name": null,
                        "data": "For this metric we're just looking at data from adults (AGEP > 15) and we're only considering the distribution of the data across two features:<ul><li>EDU: The highest education level this individual has attained, ranging from 1 (elementary school) to 12 (PhD). See Appendix of this report for the full list of code values.</li><li>PINCP_DECILE: The individual's income rank relative to other incomes from their state, discretized into ten equal-width range bins. This helps us account for differences in cost of living across the country. If an individual makes a moderate income but lives in a lower income area, they may have a high value for PINCP_DECILE indicating that they have a high income for their state. </li></ul>",
                        "type": "string",
                        "dotted_break": false
                    },
                    {
                        "name": null,
                        "data": "The basic idea is that higher values of EDU should lead to higher values of PINCP_DECILE, and this is broadly true. However, it is known that the relationship between EDU and PINCP_DECILE is different for different demographic subgroups. The heatmaps in the left column below show the density distribution of the true data for each subgroup, normalized by education category (so the density values in each column sum to 1; note that when a cell in the heatmap contains too few people (< 20 ), it is left blank; its not expected that the deidentified data will match the original distribution precisely). The regression line is drawn in red over the heatmap, so you can see the relationship between the target data distribution and its linear regression analysis. In the right column for each subgroup we show how the deidentified data's regression line compares to the target data's regression line, along with a heatmap of the density differences between the two distributions. Redder areas are where the deidentified data has created too many people, bluer areas are where it's created too few people.",
                        "type": "string",
                        "dotted_break": false
                    },
                    {
                        "name": null,
                        "data": "We've broken this metric down into demographic subgroups so we can see not only how well the privacy techniques preserve the overall relationship between these features, but also whether they preserve how that overall relationship is built up from the different relationships that hold at each major demographic subgroup. It's important that deidentification techniques preserve these distinct subgroup patterns for analysis.",
                        "type": "string",
                        "dotted_break": false
                    },
                    {
                        "name": "Total Population",
                        "data": {
                            "para": [
                                [
                                    "heading",
                                    "Target Data"
                                ],
                                [
                                    "text",
                                    "6514 records, 100.0% of adult (>15) data"
                                ],
                                [
                                    "text",
                                    "Regression: 0.62 slope, 0.12 intercept"
                                ],
                                [
                                    "heading",
                                    "Deidentified Data"
                                ],
                                [
                                    "text",
                                    "7617 records, 100.0% of adult (>15) data"
                                ],
                                [
                                    "text",
                                    "Regression: 0.58 slope, 0.85 intercept"
                                ]
                            ],
                            "image": [
                                {
                                    "image_name": "density_plot",
                                    "path": "linear_regression/total_population/density_plot.svg"
                                }
                            ]
                        },
                        "type": "para_and_image",
                        "dotted_break": false
                    },
                    {
                        "name": "White Men",
                        "data": {
                            "para": [
                                [
                                    "heading",
                                    "Target Data"
                                ],
                                [
                                    "text",
                                    "2671 records, 41.0% of adult (>15) data"
                                ],
                                [
                                    "text",
                                    "Regression: 0.63 slope, 0.8 intercept"
                                ],
                                [
                                    "heading",
                                    "Deidentified Data"
                                ],
                                [
                                    "text",
                                    "3195 records, 41.95% of adult (>15) data"
                                ],
                                [
                                    "text",
                                    "Regression: 0.62 slope, 1.4 intercept"
                                ]
                            ],
                            "image": [
                                {
                                    "image_name": "density_plot",
                                    "path": "linear_regression/white_men/density_plot.svg"
                                }
                            ]
                        },
                        "type": "para_and_image",
                        "dotted_break": false
                    },
                    {
                        "name": "White Women",
                        "data": {
                            "para": [
                                [
                                    "heading",
                                    "Target Data"
                                ],
                                [
                                    "text",
                                    "3076 records, 47.22% of adult (>15) data"
                                ],
                                [
                                    "text",
                                    "Regression: 0.59 slope, -0.18 intercept"
                                ],
                                [
                                    "heading",
                                    "Deidentified Data"
                                ],
                                [
                                    "text",
                                    "3313 records, 43.49% of adult (>15) data"
                                ],
                                [
                                    "text",
                                    "Regression: 0.57 slope, 0.06 intercept"
                                ]
                            ],
                            "image": [
                                {
                                    "image_name": "density_plot",
                                    "path": "linear_regression/white_women/density_plot.svg"
                                }
                            ]
                        },
                        "type": "para_and_image",
                        "dotted_break": false
                    },
                    {
                        "name": "Black Men",
                        "data": {
                            "para": [
                                [
                                    "heading",
                                    "Target Data"
                                ],
                                [
                                    "text",
                                    "74 records, 1.14% of adult (>15) data"
                                ],
                                [
                                    "text",
                                    "Regression: 0.72 slope, -1.31 intercept"
                                ],
                                [
                                    "heading",
                                    "Deidentified Data"
                                ],
                                [
                                    "text",
                                    "255 records, 3.35% of adult (>15) data"
                                ],
                                [
                                    "text",
                                    "Regression: 0.76 slope, -0.14 intercept"
                                ]
                            ],
                            "image": [
                                {
                                    "image_name": "density_plot",
                                    "path": "linear_regression/black_men/density_plot.svg"
                                }
                            ]
                        },
                        "type": "para_and_image",
                        "dotted_break": false
                    },
                    {
                        "name": "Black Women",
                        "data": {
                            "para": [
                                [
                                    "heading",
                                    "Target Data"
                                ],
                                [
                                    "text",
                                    "73 records, 1.12% of adult (>15) data"
                                ],
                                [
                                    "text",
                                    "Regression: 0.7 slope, -1.07 intercept"
                                ],
                                [
                                    "heading",
                                    "Deidentified Data"
                                ],
                                [
                                    "text",
                                    "239 records, 3.14% of adult (>15) data"
                                ],
                                [
                                    "text",
                                    "Regression: 0.73 slope, -0.62 intercept"
                                ]
                            ],
                            "image": [
                                {
                                    "image_name": "density_plot",
                                    "path": "linear_regression/black_women/density_plot.svg"
                                }
                            ]
                        },
                        "type": "para_and_image",
                        "dotted_break": false
                    },
                    {
                        "name": "Asian Men",
                        "data": {
                            "para": [
                                [
                                    "heading",
                                    "Target Data"
                                ],
                                [
                                    "text",
                                    "199 records, 3.05% of adult (>15) data"
                                ],
                                [
                                    "text",
                                    "Regression: 0.83 slope, -1.31 intercept"
                                ],
                                [
                                    "heading",
                                    "Deidentified Data"
                                ],
                                [
                                    "text",
                                    "93 records, 1.22% of adult (>15) data"
                                ],
                                [
                                    "text",
                                    "Regression: 0.51 slope, 1.44 intercept"
                                ]
                            ],
                            "image": [
                                {
                                    "image_name": "density_plot",
                                    "path": "linear_regression/asian_men/density_plot.svg"
                                }
                            ]
                        },
                        "type": "para_and_image",
                        "dotted_break": false
                    },
                    {
                        "name": "Asian Women",
                        "data": {
                            "para": [
                                [
                                    "heading",
                                    "Target Data"
                                ],
                                [
                                    "text",
                                    "266 records, 4.08% of adult (>15) data"
                                ],
                                [
                                    "text",
                                    "Regression: 0.64 slope, -1.43 intercept"
                                ],
                                [
                                    "heading",
                                    "Deidentified Data"
                                ],
                                [
                                    "text",
                                    "103 records, 1.35% of adult (>15) data"
                                ],
                                [
                                    "text",
                                    "Regression: 0.41 slope, 1.02 intercept"
                                ]
                            ],
                            "image": [
                                {
                                    "image_name": "density_plot",
                                    "path": "linear_regression/asian_women/density_plot.svg"
                                }
                            ]
                        },
                        "type": "para_and_image",
                        "dotted_break": false
                    },
                    {
                        "name": "American Indian, Alaskan Native and Native Hawaiians (AIANNH) Men",
                        "data": {
                            "para": [
                                [
                                    "heading",
                                    "Target Data"
                                ],
                                [
                                    "text",
                                    "3 records, 0.05% of adult (>15) data"
                                ],
                                [
                                    "text",
                                    "Regression: -0.83 slope, 7.33 intercept"
                                ],
                                [
                                    "heading",
                                    "Deidentified Data"
                                ],
                                [
                                    "text",
                                    "29 records, 0.38% of adult (>15) data"
                                ],
                                [
                                    "text",
                                    "Regression: 0.54 slope, 1.92 intercept"
                                ]
                            ],
                            "image": [
                                {
                                    "image_name": "density_plot",
                                    "path": "linear_regression/aiannh_men/density_plot.svg"
                                }
                            ]
                        },
                        "type": "para_and_image",
                        "dotted_break": false
                    },
                    {
                        "name": "American Indian, Alaskan Native and Native Hawaiians (AIANNH) Women",
                        "data": {
                            "para": [
                                [
                                    "heading",
                                    "Target Data"
                                ],
                                [
                                    "text",
                                    "3 records, 0.05% of adult (>15) data"
                                ],
                                [
                                    "text",
                                    "Regression: -0.5 slope, 5.17 intercept"
                                ],
                                [
                                    "heading",
                                    "Deidentified Data"
                                ],
                                [
                                    "text",
                                    "22 records, 0.29% of adult (>15) data"
                                ],
                                [
                                    "text",
                                    "Regression: 0.74 slope, -0.88 intercept"
                                ]
                            ],
                            "image": [
                                {
                                    "image_name": "density_plot",
                                    "path": "linear_regression/aiannh_women/density_plot.svg"
                                }
                            ]
                        },
                        "type": "para_and_image",
                        "dotted_break": false
                    }
                ]
            }
        },
        {
            "metric_name": "Propensity Mean Square Error",
            "attachments": {
                "-1": [
                    {
                        "name": null,
                        "data": "Can a decision tree classifier tell the difference between the target data and the deidentified data? If a classifier is trained to distinguish between the two data sets and it performs poorly on the task, then the deidentified data must not be easy to distinguish from the target data. If the green line matches the blue line, then the deidentified data is high quality. Propensity based metrics have been developed by <a href='https://pennstate.pure.elsevier.com/en/publications/general-and-specific-utility-measures-for-synthetic-data'>Joshua Snoke and Gillian Raab</a> and <a href='https://www.researchgate.net/publication/323867757_STatistical_Election_to_Partition_Sequentially_STEPS_and_Its_Application_in_Differentially_Private_Release_and_Analysis_of_Youth_Voter_Registration_Data'>Claire Bowen</a>, all of whom have participated on the NIST Synthetic Data Challenges SME panels.",
                        "type": "string",
                        "dotted_break": false
                    },
                    {
                        "name": null,
                        "data": "Highlight-Score: 0.029",
                        "type": "string",
                        "dotted_break": false
                    },
                    {
                        "name": "Propensities Distribution",
                        "data": [
                            {
                                "image_name": "propensity_distribution",
                                "path": "propensity/propensity_distribution.jpg"
                            }
                        ],
                        "type": "image_links",
                        "dotted_break": false
                    }
                ]
            }
        },
        {
            "metric_name": "PCA",
            "attachments": {
                "-1": [
                    {
                        "name": null,
                        "data": "This is another approach for visualizing where the distribution of the deidentified data has shifted away from the target data. In this approach, we begin by using <a href='https://en.wikipedia.org/wiki/Principal_component_analysis'>Principle Component Analysis</a> to find a way of representing the target data in a lower dimensional space (in 5 dimensions rather than the full 22 dimensions of the original feature space). Descriptions of these new five dimensions (components) are given in the components table; the components will change depending on which target data set you\u2019re using. Five dimensions are better than 22, but we actually want to get down to two dimensions so we can plot the data on simple (x,y) axes\u2013 the plots below show the data across each possible pair combination of our five components. You can compare how the shapes change between the target data and the deidentified data, and consider what that might mean in light of the component definitions. This is a relatively new visualization metric that was introduced by the <a href='https://pages.nist.gov/HLG-MOS_Synthetic_Data_Test_Drive/submissions.html#ipums_international'>IPUMS International team</a> during the HLG-MOS Synthetic Data Test Drive.",
                        "type": "string",
                        "dotted_break": false
                    },
                    {
                        "name": null,
                        "data": "All of the plots below (for both the target data and the deidentified data) use the principle component axes taken from the target data (listed in the table). Effectively, we're looking at the data from the exact same angles in both sets of plots so we can easily compare the target data and the deidentified data with respect to those angles.",
                        "type": "string",
                        "dotted_break": false
                    },
                    {
                        "name": "Contribution of Features in Each Principal Component",
                        "data": {
                            "table": [
                                {
                                    "Principal Component": "PC-0",
                                    "Features Contribution: feature-name (contribution ratio)": "PINCP_DECILE (-0.59),EDU (-0.57),AGEP (-0.5),HOUSING_TYPE (0.15),MSP (-0.15)"
                                },
                                {
                                    "Principal Component": "PC-1",
                                    "Features Contribution: feature-name (contribution ratio)": "HOUSING_TYPE (0.67),OWN_RENT (-0.6),MSP (0.39),EDU (0.11),DEYE (-0.1)"
                                },
                                {
                                    "Principal Component": "PC-2",
                                    "Features Contribution: feature-name (contribution ratio)": "SEX (-0.75),DVET (0.5),DEYE (0.26),RAC1P (0.25),AGEP (-0.14)"
                                },
                                {
                                    "Principal Component": "PC-3",
                                    "Features Contribution: feature-name (contribution ratio)": "DEYE (-0.66),DVET (0.44),RAC1P (-0.42),MSP (-0.26),AGEP (0.22)"
                                },
                                {
                                    "Principal Component": "PC-4",
                                    "Features Contribution: feature-name (contribution ratio)": "RAC1P (0.74),DEYE (-0.46),DVET (0.27),MSP (0.25),OWN_RENT (0.24)"
                                }
                            ],
                            "size": 80,
                            "column_widths": {
                                "0": 20,
                                "1": 80
                            }
                        },
                        "type": "wide_table",
                        "dotted_break": false
                    },
                    {
                        "name": null,
                        "data": [
                            {
                                "image_name": "target",
                                "path": "pca/target.png"
                            },
                            {
                                "image_name": "deidentified",
                                "path": "pca/deidentified.png"
                            }
                        ],
                        "type": "image_links_horizontal",
                        "dotted_break": false
                    },
                    {
                        "name": null,
                        "data": "h3PCA Queries",
                        "type": "string",
                        "dotted_break": false
                    },
                    {
                        "name": null,
                        "data": "The queries below explore the PCA metric results in more detail by zooming in on a single component-pair panel and highlighting all individuals that satisfy a given constraint (such as MSP = \u201cN\u201d, individuals who are unmarried because they are children). If the deidentified data preserves the structure and feature correlations of the target data, the highlighted areas should have similar shape. ",
                        "type": "string",
                        "dotted_break": false
                    },
                    {
                        "name": null,
                        "data": "h4MSP_N: Children (AGEP < 15)",
                        "type": "string",
                        "dotted_break": false
                    },
                    {
                        "name": null,
                        "data": [
                            {
                                "image_name": "MSP_N",
                                "path": "pca/target_highlighted_MSP/MSP_N.png"
                            },
                            {
                                "image_name": "MSP_N",
                                "path": "pca/deidentified_highlighted_MSP/MSP_N.png"
                            }
                        ],
                        "type": "image_links_horizontal",
                        "dotted_break": false
                    }
                ]
            }
        },
        {
            "metric_name": "Inconsistencies",
            "attachments": {
                "-1": [
                    {
                        "name": "Summary",
                        "data": {
                            "table": [
                                {
                                    "Inconsistency Group": "Age",
                                    "Number of Records Inconsistent": 32,
                                    "Percent Records Inconsistent": "0.3%"
                                },
                                {
                                    "Inconsistency Group": "Work",
                                    "Number of Records Inconsistent": 0,
                                    "Percent Records Inconsistent": "0.0%"
                                },
                                {
                                    "Inconsistency Group": "Housing",
                                    "Number of Records Inconsistent": 0,
                                    "Percent Records Inconsistent": "0.0%"
                                }
                            ],
                            "size": 60
                        },
                        "type": "wide_table",
                        "dotted_break": false
                    },
                    {
                        "name": "Age-Based Inconsistencies",
                        "data": "These inconsistencies deal with the AGE feature; records with age-based inconsistencies might have children who are married, or infants with high school diplomas",
                        "type": "string",
                        "dotted_break": false
                    },
                    {
                        "name": null,
                        "data": "h4child_DVET: Children (< 15) can't be disabled military veterans",
                        "type": "string",
                        "dotted_break": false
                    },
                    {
                        "name": "--no-brake--",
                        "data": "Highlight-32 violations",
                        "type": "string",
                        "dotted_break": false
                    },
                    {
                        "name": null,
                        "data": "Example Record:",
                        "type": "string",
                        "dotted_break": false
                    },
                    {
                        "name": null,
                        "data": {
                            "table": [
                                {
                                    "AGEP": 3,
                                    "DEYE": 2,
                                    "DVET": 5,
                                    "EDU": 1,
                                    "HOUSING_TYPE": 1,
                                    "MSP": "N",
                                    "OWN_RENT": 2,
                                    "PINCP_DECILE": "N",
                                    "RAC1P": 1,
                                    "SEX": 2
                                }
                            ],
                            "highlight": {
                                "columns": [
                                    "AGEP",
                                    "DVET"
                                ]
                            },
                            "size": 98
                        },
                        "type": "wide_table",
                        "dotted_break": true
                    },
                    {
                        "name": "Work-Based Inconsistencies",
                        "data": "These inconsistencies deal with the work and finance features; records with work-based inconsistencies might have high incomes while being in poverty, or have conflicts between their industry code and industry category.",
                        "type": "string",
                        "dotted_break": false
                    },
                    {
                        "name": "Housing-Based Inconsistencies",
                        "data": "These inconsistencies deal with housing and family features; records with household-based inconsistencies might have more children in the house than the total household size, or be residents of group quarters (such as prison inmates) who are listed as owning their residences.",
                        "type": "string",
                        "dotted_break": false
                    }
                ]
            }
        }
    ],
    "privacy": [
        {
            "metric_name": "Unique Exact Matches",
            "attachments": {
                "-1": [
                    {
                        "name": null,
                        "data": "This is a count of unique records in the target data that were exactly reproduced in the deidentified data. Because these records were unique outliers in the target data, and they still appear unchanged in the deidentified data, they are potentially vulnerable to reidentification.",
                        "type": "string",
                        "dotted_break": false
                    },
                    {
                        "name": "Target Data Properties",
                        "data": "Feature space size (possible combinations): -Highlight-227,026,800-Highlight-<br>Number of unique records in Target Data: -Highlight-4268 (55.91%-Highlight-)",
                        "type": "string",
                        "dotted_break": false
                    },
                    {
                        "name": "Deidentified Data Properties",
                        "data": "Number of unique Target Data records exactly matched in Deid. Data: -Highlight-587 (7.69%)-Highlight-",
                        "type": "string",
                        "dotted_break": false
                    }
                ]
            }
        },
        {
            "metric_name": "Apparent Match Distribution",
            "attachments": {
                "-1": [
                    {
                        "name": null,
                        "data": "Deidentified data should reproduce the distribution of the target population using deidentified individuals; this protects the privacy of the real individuals in the target data. Can we be sure that the deidentified data does not include real people? The apparent match metric first considers which deidentified individuals look like they might be real people (they are unique matches on quasi-identifier features) and then considers whether the deidentified records actually represent real individuals. ",
                        "type": "string",
                        "dotted_break": false
                    },
                    {
                        "name": "Quasi-Identifiers",
                        "data": "These features are used to determine if a deidentified record looks like it might be a real person in the target data.",
                        "type": "string",
                        "dotted_break": false
                    },
                    {
                        "name": null,
                        "data": "MSP, EDU, RAC1P, SEX, OWN_RENT",
                        "type": "string",
                        "dotted_break": false
                    },
                    {
                        "name": "Records Matched on Quasi-Identifiers",
                        "data": "Based only on the quasi-identifier features, how much of the target data has apparent unique matches in the deidentified data? and then the percent should be a percent of target data",
                        "type": "string",
                        "dotted_break": false
                    },
                    {
                        "name": null,
                        "data": "Number of Target Data records exactly matched in Deid. Data on Quasi-Identifiers: -Highlight-30 (0.39%)-Highlight-",
                        "type": "string",
                        "dotted_break": false
                    },
                    {
                        "name": "Percentage Similarity of the Matched Records",
                        "data": "Considering the set of apparent matches, to what extent are they real matches? This distribution shows edit similarity between apparently matched pairs on how many of the 22 features does the deidentified record have the same value as the real record. If the distribution is centered near 100% that means these deidentified records largely mimic target records and are potentially leaking information about real individuals. If the distribution is centered below 50% that means the deidentified records are very different from the target records, and the apparent matches are not real matches.",
                        "type": "string",
                        "dotted_break": false
                    },
                    {
                        "name": null,
                        "data": [
                            {
                                "image_name": "apparent_match_distribution",
                                "path": "apparent_match_distribution/apparent_match_distribution.jpg"
                            }
                        ],
                        "type": "image_links",
                        "dotted_break": false
                    }
                ]
            }
        }
    ],
    "comparisons": [],
    "motivation": [],
    "observations": [],
    "Appendix": [
        {
            "metric_name": "Data Dictionary",
            "attachments": {
                "-1": [
                    {
                        "name": "PUMA: Public use microdata area code",
                        "data": [
                            {
                                "PUMA Code": "25-00503",
                                "Code Description": "MA: Middlesex County--Waltham City, Lexington, Burlington, Bedford & Lincoln Towns"
                            },
                            {
                                "PUMA Code": "25-00703",
                                "Code Description": "MA: Essex County (East)--Salem, Beverly, Gloucester & Newburyport Cities"
                            },
                            {
                                "PUMA Code": "25-01000",
                                "Code Description": "MA: Peabody City, Danvers, Reading, North Reading & Lynnfield Towns"
                            },
                            {
                                "PUMA Code": "25-01300",
                                "Code Description": "MA: Billerica, Andover, Tewksbury & Wilmington Towns"
                            },
                            {
                                "PUMA Code": "25-02800",
                                "Code Description": "MA: Woburn, Melrose Cities, Saugus, Wakefield & Stoneham Towns"
                            },
                            {
                                "PUMA Code": "48-02510",
                                "Code Description": "TX: Tarrant County (North)--North Richland Hills (North) & Keller Cities"
                            },
                            {
                                "PUMA Code": "48-02102",
                                "Code Description": "TX: Johnson County"
                            },
                            {
                                "PUMA Code": "48-02101",
                                "Code Description": "TX: Ellis County"
                            },
                            {
                                "PUMA Code": "48-02515",
                                "Code Description": "TX: Tarrant County (West)--Fort Worth City (West)"
                            },
                            {
                                "PUMA Code": "48-02507",
                                "Code Description": "TX: Tarrant County (East)--Arlington City (West)--South of I-30 & East of Loop I-820"
                            },
                            {
                                "PUMA Code": "48-02516",
                                "Code Description": "TX: Tarrant County (Southwest)--Fort Worth (Southwest) & Benbrook Cities"
                            },
                            {
                                "PUMA Code": "01-01301",
                                "Code Description": "AL: Birmingham City (West)"
                            },
                            {
                                "PUMA Code": "06-07502",
                                "Code Description": "CA: San Francisco County (North & East)--North Beach & Chinatown"
                            },
                            {
                                "PUMA Code": "06-08507",
                                "Code Description": "CA: Santa Clara County (Southwest)--Cupertino, Saratoga Cities & Los Gatos Town"
                            },
                            {
                                "PUMA Code": "08-00803",
                                "Code Description": "CO: Boulder County (Central)--Boulder City"
                            },
                            {
                                "PUMA Code": "13-04600",
                                "Code Description": "GA: Atlanta Regional Commission--Fulton County (Central)--Atlanta City (Central)"
                            },
                            {
                                "PUMA Code": "17-03529",
                                "Code Description": "IL: Chicago City (South)--South Shore, Hyde Park, Woodlawn, Grand Boulevard & Douglas"
                            },
                            {
                                "PUMA Code": "17-03531",
                                "Code Description": "IL: Chicago City (South)--Auburn Gresham, Roseland, Chatham, Avalon Park & Burnside"
                            },
                            {
                                "PUMA Code": "19-01700",
                                "Code Description": "IA: Des Moines City"
                            },
                            {
                                "PUMA Code": "24-01004",
                                "Code Description": "MD: Montgomery County (South)--Bethesda, Potomac & North Bethesda"
                            },
                            {
                                "PUMA Code": "26-02702",
                                "Code Description": "MI: Washtenaw County (East Central)--Ann Arbor City Area"
                            },
                            {
                                "PUMA Code": "28-01100",
                                "Code Description": "MS: Central Region--Jackson City (East & Central)"
                            },
                            {
                                "PUMA Code": "29-01901",
                                "Code Description": "MO: St. Louis City (North)"
                            },
                            {
                                "PUMA Code": "30-00600",
                                "Code Description": "MT: East Montana (Outside Billings City)"
                            },
                            {
                                "PUMA Code": "32-00405",
                                "Code Description": "NV: Las Vegas City (Southeast)"
                            },
                            {
                                "PUMA Code": "36-03710",
                                "Code Description": "NY: NYC-Bronx Community District 1 & 2--Hunts Point, Longwood & Melrose"
                            },
                            {
                                "PUMA Code": "36-04010",
                                "Code Description": "NY: NYC-Brooklyn Community District 17--East Flatbush, Farragut & Rugby"
                            },
                            {
                                "PUMA Code": "38-00100",
                                "Code Description": "ND: West North Dakota--Minot City"
                            },
                            {
                                "PUMA Code": "40-00200",
                                "Code Description": "OK: Cherokee, Sequoyah & Adair Counties"
                            },
                            {
                                "PUMA Code": "51-01301",
                                "Code Description": "VA: Arlington County (North)"
                            },
                            {
                                "PUMA Code": "51-51255",
                                "Code Description": "VA: Alexandria City"
                            }
                        ],
                        "type": "table",
                        "dotted_break": false
                    },
                    {
                        "name": "AGEP: Person's age",
                        "data": [
                            {
                                "AGEP Code": "min",
                                "Code Description": 0
                            },
                            {
                                "AGEP Code": "max",
                                "Code Description": 99
                            }
                        ],
                        "type": "table",
                        "dotted_break": false
                    },
                    {
                        "name": "SEX: Person's gender",
                        "data": [
                            {
                                "SEX Code": "1",
                                "Code Description": "Male"
                            },
                            {
                                "SEX Code": "2",
                                "Code Description": "Female"
                            }
                        ],
                        "type": "table",
                        "dotted_break": false
                    },
                    {
                        "name": "MSP: Marital Status",
                        "data": [
                            {
                                "MSP Code": "N",
                                "Code Description": "N/A (age less than 15 years)"
                            },
                            {
                                "MSP Code": "1",
                                "Code Description": "Now married, spouse present"
                            },
                            {
                                "MSP Code": "2",
                                "Code Description": "Now Married, spouse absent"
                            },
                            {
                                "MSP Code": "3",
                                "Code Description": "Widowed"
                            },
                            {
                                "MSP Code": "4",
                                "Code Description": "Divorced"
                            },
                            {
                                "MSP Code": "5",
                                "Code Description": "Separated"
                            },
                            {
                                "MSP Code": "6",
                                "Code Description": "Never married"
                            }
                        ],
                        "type": "table",
                        "dotted_break": false
                    },
                    {
                        "name": "HISP: Hispanic origin",
                        "data": [
                            {
                                "HISP Code": "0",
                                "Code Description": "Not Spanish/Hispanic/Latino"
                            },
                            {
                                "HISP Code": "1",
                                "Code Description": "Mexican"
                            },
                            {
                                "HISP Code": "2",
                                "Code Description": "Puerto Rican"
                            },
                            {
                                "HISP Code": "3",
                                "Code Description": "Cuban"
                            },
                            {
                                "HISP Code": "4",
                                "Code Description": "All other Spanish/Hispanic/Latino"
                            }
                        ],
                        "type": "table",
                        "dotted_break": false
                    },
                    {
                        "name": "RAC1P: Person's Race",
                        "data": [
                            {
                                "RAC1P Code": "1",
                                "Code Description": "White alone"
                            },
                            {
                                "RAC1P Code": "2",
                                "Code Description": "Black or African American alone"
                            },
                            {
                                "RAC1P Code": "3",
                                "Code Description": "American Indian alone"
                            },
                            {
                                "RAC1P Code": "4",
                                "Code Description": "Alaska Native alone"
                            },
                            {
                                "RAC1P Code": "5",
                                "Code Description": "American Indian and Alaska Native tribes specified; or American Indian or Alaska Native, not specified and no other races"
                            },
                            {
                                "RAC1P Code": "6",
                                "Code Description": "Asian alone"
                            },
                            {
                                "RAC1P Code": "7",
                                "Code Description": "Native Hawaiian and Other Pacific Islander alone"
                            },
                            {
                                "RAC1P Code": "8",
                                "Code Description": "Some Other Race alone"
                            },
                            {
                                "RAC1P Code": "9",
                                "Code Description": "Two or More Races"
                            }
                        ],
                        "type": "table",
                        "dotted_break": false
                    },
                    {
                        "name": "NOC: Number of own children in household (unweighted)",
                        "data": [
                            {
                                "NOC Code": "N",
                                "Code Description": "N/A (GQ/vacant)"
                            },
                            {
                                "NOC Code": "0",
                                "Code Description": "No own children"
                            },
                            {
                                "NOC Code": "min",
                                "Code Description": 1
                            },
                            {
                                "NOC Code": "max",
                                "Code Description": 19
                            }
                        ],
                        "type": "table",
                        "dotted_break": false
                    },
                    {
                        "name": "NPF: Number of persons in family (unweighted)",
                        "data": [
                            {
                                "NPF Code": "N",
                                "Code Description": "N/A (GQ/vacant/non-family household"
                            },
                            {
                                "NPF Code": "min",
                                "Code Description": 2
                            },
                            {
                                "NPF Code": "max",
                                "Code Description": 20
                            }
                        ],
                        "type": "table",
                        "dotted_break": false
                    },
                    {
                        "name": "HOUSING_TYPE: Housing unit or group quarters",
                        "data": [
                            {
                                "HOUSING_TYPE Code": "1",
                                "Code Description": "Housing Unit"
                            },
                            {
                                "HOUSING_TYPE Code": "2",
                                "Code Description": "Institutional Group Quarters"
                            },
                            {
                                "HOUSING_TYPE Code": "3",
                                "Code Description": "Non-institutional Group Quarters"
                            }
                        ],
                        "type": "table",
                        "dotted_break": false
                    },
                    {
                        "name": "OWN_RENT: Housing unit rented or owned",
                        "data": [
                            {
                                "OWN_RENT Code": "0",
                                "Code Description": "Group quarters"
                            },
                            {
                                "OWN_RENT Code": "1",
                                "Code Description": "Own housing unit"
                            },
                            {
                                "OWN_RENT Code": "2",
                                "Code Description": "Rent housing unit"
                            }
                        ],
                        "type": "table",
                        "dotted_break": false
                    },
                    {
                        "name": "DENSITY: Population density among residents of each PUMA",
                        "data": [
                            {
                                "DENSITY Code": "min",
                                "Code Description": 16.3
                            },
                            {
                                "DENSITY Code": "max",
                                "Code Description": 52864.7
                            }
                        ],
                        "type": "table",
                        "dotted_break": false
                    },
                    {
                        "name": null,
                        "data": "<b>Density Bin: 5 | Bin Range: (1121.99, 1723.27]</b>",
                        "type": "string",
                        "dotted_break": false
                    },
                    {
                        "name": null,
                        "data": [
                            {
                                "PUMA": "25-01300",
                                "DENSITY": 1457.2,
                                "PUMA NAME": "Billerica, Andover, Tewksbury & Wilmington Towns"
                            }
                        ],
                        "type": "table",
                        "dotted_break": false
                    },
                    {
                        "name": null,
                        "data": "<b>Density Bin: 6 | Bin Range: (1723.27, 2646.76]</b>",
                        "type": "string",
                        "dotted_break": false
                    },
                    {
                        "name": null,
                        "data": [
                            {
                                "PUMA": "25-00703",
                                "DENSITY": 2195.3,
                                "PUMA NAME": "Essex County (East)--Salem, Beverly, Gloucester & Newburyport Cities"
                            },
                            {
                                "PUMA": "25-01000",
                                "DENSITY": 2447.1,
                                "PUMA NAME": "Peabody City, Danvers, Reading, North Reading & Lynnfield Towns"
                            }
                        ],
                        "type": "table",
                        "dotted_break": false
                    },
                    {
                        "name": null,
                        "data": "<b>Density Bin: 7 | Bin Range: (2646.76, 4065.16]</b>",
                        "type": "string",
                        "dotted_break": false
                    },
                    {
                        "name": null,
                        "data": [
                            {
                                "PUMA": "25-00503",
                                "DENSITY": 2872.7,
                                "PUMA NAME": "Middlesex County--Waltham City, Lexington, Burlington, Bedford & Lincoln Towns"
                            },
                            {
                                "PUMA": "25-02800",
                                "DENSITY": 3683.9,
                                "PUMA NAME": "Woburn, Melrose Cities, Saugus, Wakefield & Stoneham Towns"
                            }
                        ],
                        "type": "table",
                        "dotted_break": false
                    },
                    {
                        "name": "INDP: Industry codes",
                        "data": "<a href=https://www2.census.gov/programs-surveys/acs/tech_docs/pums/data_dict/PUMS_Data_Dictionary_2019.pdf>See codes in ACS data dictionary.</a> Find codes by searching the string: INDP, in the ACS data dictionary",
                        "type": "string",
                        "dotted_break": false
                    },
                    {
                        "name": "INDP_CAT: Industry categories",
                        "data": [
                            {
                                "INDP_CAT Code": "N",
                                "Code Description": "N/A (less than 16 years old, or last worked more than 5 years ago, or never worked)"
                            },
                            {
                                "INDP_CAT Code": "0",
                                "Code Description": "AGR: Agriculture, Forestry, Fishing and Hunting"
                            },
                            {
                                "INDP_CAT Code": "1",
                                "Code Description": "EXT: Mining, Quarrying, and Oil and Gas Extraction"
                            },
                            {
                                "INDP_CAT Code": "2",
                                "Code Description": "UTL: Utilities"
                            },
                            {
                                "INDP_CAT Code": "3",
                                "Code Description": "CON: Construction"
                            },
                            {
                                "INDP_CAT Code": "4",
                                "Code Description": "MFG: Manufacturing"
                            },
                            {
                                "INDP_CAT Code": "5",
                                "Code Description": "WHL: Wholesale Trade"
                            },
                            {
                                "INDP_CAT Code": "6",
                                "Code Description": "RET: Retail Trade"
                            },
                            {
                                "INDP_CAT Code": "7",
                                "Code Description": "TRN: Transportation and Warehousing"
                            },
                            {
                                "INDP_CAT Code": "8",
                                "Code Description": "INF: Information"
                            },
                            {
                                "INDP_CAT Code": "9",
                                "Code Description": "FIN: Finance, Insurance, Real Estate"
                            },
                            {
                                "INDP_CAT Code": "10",
                                "Code Description": "PRF: Professional, Scientific and Technical Services"
                            },
                            {
                                "INDP_CAT Code": "11",
                                "Code Description": "EDU: Educational Services"
                            },
                            {
                                "INDP_CAT Code": "12",
                                "Code Description": "MED: Health Care"
                            },
                            {
                                "INDP_CAT Code": "13",
                                "Code Description": "SCA: Social Assistance"
                            },
                            {
                                "INDP_CAT Code": "14",
                                "Code Description": "ENT: Arts, Entertainment, Accommodation, Food Services and Recreation"
                            },
                            {
                                "INDP_CAT Code": "15",
                                "Code Description": "SRV: Other Services"
                            },
                            {
                                "INDP_CAT Code": "16",
                                "Code Description": "ADM: Government, Public Administration"
                            },
                            {
                                "INDP_CAT Code": "17",
                                "Code Description": "MIL: Military"
                            },
                            {
                                "INDP_CAT Code": "18",
                                "Code Description": "UNEMPLOYED"
                            }
                        ],
                        "type": "table",
                        "dotted_break": false
                    },
                    {
                        "name": "EDU: Educational attainment",
                        "data": [
                            {
                                "EDU Code": "N",
                                "Code Description": "N/A (less than 3 years old)"
                            },
                            {
                                "EDU Code": "1",
                                "Code Description": "No schooling completed"
                            },
                            {
                                "EDU Code": "2",
                                "Code Description": "Nursery school, Preschool, or Kindergarten"
                            },
                            {
                                "EDU Code": "3",
                                "Code Description": "Grade 1 to grade 8"
                            },
                            {
                                "EDU Code": "4",
                                "Code Description": "Grade 9 to grade 12, no diploma"
                            },
                            {
                                "EDU Code": "5",
                                "Code Description": "High School diploma"
                            },
                            {
                                "EDU Code": "6",
                                "Code Description": "GED"
                            },
                            {
                                "EDU Code": "7",
                                "Code Description": "Some College, no degree"
                            },
                            {
                                "EDU Code": "8",
                                "Code Description": "Associate degree"
                            },
                            {
                                "EDU Code": "9",
                                "Code Description": "Bachelors degree"
                            },
                            {
                                "EDU Code": "10",
                                "Code Description": "Masters degree"
                            },
                            {
                                "EDU Code": "11",
                                "Code Description": "Professional degree"
                            },
                            {
                                "EDU Code": "12",
                                "Code Description": "Doctorate degree"
                            }
                        ],
                        "type": "table",
                        "dotted_break": false
                    },
                    {
                        "name": "PINCP: Person's total income in dollars",
                        "data": [
                            {
                                "PINCP Code": "N",
                                "Code Description": "N/A (less than 15 years old)"
                            },
                            {
                                "PINCP Code": "min",
                                "Code Description": -9000
                            },
                            {
                                "PINCP Code": "max",
                                "Code Description": 1341000
                            }
                        ],
                        "type": "table",
                        "dotted_break": false
                    },
                    {
                        "name": "PINCP_DECILE: Person's total income rank (with respect to their state) discretized into 10% bins.",
                        "data": [
                            {
                                "PINCP_DECILE Code": "N",
                                "Code Description": "N/A (less than 15 years old"
                            },
                            {
                                "PINCP_DECILE Code": "9",
                                "Code Description": "90th percentile"
                            },
                            {
                                "PINCP_DECILE Code": "8",
                                "Code Description": "80th percentile"
                            },
                            {
                                "PINCP_DECILE Code": "7",
                                "Code Description": "70th percentile"
                            },
                            {
                                "PINCP_DECILE Code": "6",
                                "Code Description": "60th percentile"
                            },
                            {
                                "PINCP_DECILE Code": "5",
                                "Code Description": "50th percentile"
                            },
                            {
                                "PINCP_DECILE Code": "4",
                                "Code Description": "40th percentile"
                            },
                            {
                                "PINCP_DECILE Code": "3",
                                "Code Description": "30th percentile"
                            },
                            {
                                "PINCP_DECILE Code": "2",
                                "Code Description": "20th percentile"
                            },
                            {
                                "PINCP_DECILE Code": "1",
                                "Code Description": "10th percentile"
                            },
                            {
                                "PINCP_DECILE Code": "0",
                                "Code Description": "0th percentile"
                            }
                        ],
                        "type": "table",
                        "dotted_break": false
                    },
                    {
                        "name": "POVPIP: Income-to-poverty ratio (ex: 250 = 2.5 x poverty line)",
                        "data": [
                            {
                                "POVPIP Code": "N",
                                "Code Description": "N/A"
                            },
                            {
                                "POVPIP Code": "min",
                                "Code Description": 0
                            },
                            {
                                "POVPIP Code": "max",
                                "Code Description": 500
                            },
                            {
                                "POVPIP Code": "501",
                                "Code Description": "income above 5 x poverty line"
                            }
                        ],
                        "type": "table",
                        "dotted_break": false
                    },
                    {
                        "name": "DVET: Veteran service connected disability rating (percentage)",
                        "data": [
                            {
                                "DVET Code": "N",
                                "Code Description": "N/A (No service-connected disability/never served in military"
                            },
                            {
                                "DVET Code": "1",
                                "Code Description": "0 percent"
                            },
                            {
                                "DVET Code": "2",
                                "Code Description": "10 or 20 percent"
                            },
                            {
                                "DVET Code": "3",
                                "Code Description": "30 or 40 percent"
                            },
                            {
                                "DVET Code": "4",
                                "Code Description": "50 or 60 percent"
                            },
                            {
                                "DVET Code": "5",
                                "Code Description": "70, 80, 90 or 100 percent"
                            },
                            {
                                "DVET Code": "6",
                                "Code Description": "Not reported"
                            }
                        ],
                        "type": "table",
                        "dotted_break": false
                    },
                    {
                        "name": "DREM: Cognitive difficulty",
                        "data": [
                            {
                                "DREM Code": "N",
                                "Code Description": "N/A (Less than 5 years old)"
                            },
                            {
                                "DREM Code": "1",
                                "Code Description": "Yes"
                            },
                            {
                                "DREM Code": "2",
                                "Code Description": "No"
                            }
                        ],
                        "type": "table",
                        "dotted_break": false
                    },
                    {
                        "name": "DPHY: Ambulatory (walking) difficulty",
                        "data": [
                            {
                                "DPHY Code": "N",
                                "Code Description": "N/A (Less than 5 years old)"
                            },
                            {
                                "DPHY Code": "1",
                                "Code Description": "Yes"
                            },
                            {
                                "DPHY Code": "2",
                                "Code Description": "No"
                            }
                        ],
                        "type": "table",
                        "dotted_break": false
                    },
                    {
                        "name": "DEYE: Vision difficulty",
                        "data": [
                            {
                                "DEYE Code": "1",
                                "Code Description": "Yes"
                            },
                            {
                                "DEYE Code": "2",
                                "Code Description": "No"
                            }
                        ],
                        "type": "table",
                        "dotted_break": false
                    },
                    {
                        "name": "DEAR: Hearing difficulty",
                        "data": [
                            {
                                "DEAR Code": "1",
                                "Code Description": "Yes"
                            },
                            {
                                "DEAR Code": "2",
                                "Code Description": "No"
                            }
                        ],
                        "type": "table",
                        "dotted_break": false
                    },
                    {
                        "name": "WGTP: Housing unit sampling weight",
                        "data": "<a href=https://www.census.gov/content/dam/Census/library/publications/2010/acs/Chapter_11_RevisedDec2010.pdf>See description of weights.</a>",
                        "type": "string",
                        "dotted_break": false
                    },
                    {
                        "name": null,
                        "data": [
                            {
                                "WGTP Code": "0",
                                "Code Description": "Group quarters place holder record"
                            },
                            {
                                "WGTP Code": "min",
                                "Code Description": 1
                            },
                            {
                                "WGTP Code": "max",
                                "Code Description": 9999
                            }
                        ],
                        "type": "table",
                        "dotted_break": false
                    },
                    {
                        "name": "PWGTP: Person's sampling weight",
                        "data": "<a href=https://www.census.gov/content/dam/Census/library/publications/2010/acs/Chapter_11_RevisedDec2010.pdf>See description of weights.</a>",
                        "type": "string",
                        "dotted_break": false
                    },
                    {
                        "name": null,
                        "data": [
                            {
                                "PWGTP Code": "min",
                                "Code Description": 1
                            },
                            {
                                "PWGTP Code": "max",
                                "Code Description": 9999
                            }
                        ],
                        "type": "table",
                        "dotted_break": false
                    }
                ]
            }
        }
    ]
}