,PUMA,40% Target Subsample Baseline,Deidentified Data Score
0,"['25-00703', 'Essex County (East)--Salem, Beverly, Gloucester & Newburyport Cities', 'https://censusreporter.org/profiles/79500US2500703-essex-county-east-salem-beverly-gloucester-newburyport-cities-puma-ma/']",901,0
1,"['25-01000', 'Peabody City, Danvers, Reading, North Reading & Lynnfield Towns', 'https://censusreporter.org/profiles/79500US2501000-peabody-city-danvers-reading-north-reading-lynnfield-towns-puma-ma/']",870,9
2,"['25-02800', 'Woburn, Melrose Cities, Saugus, Wakefield & Stoneham Towns', 'https://censusreporter.org/profiles/79500US2502800-woburn-melrose-cities-saugus-wakefield-stoneham-towns-puma-ma/']",872,209
3,"['25-00503', 'Middlesex County--Waltham City, Lexington, Burlington, Bedford & Lincoln Towns', 'https://censusreporter.org/profiles/79500US2500503-middlesex-county-waltham-city-lexington-burlington-bedford-lincoln-towns-puma-ma/']",875,256
4,"['25-01300', 'Billerica, Andover, Tewksbury & Wilmington Towns', 'https://censusreporter.org/profiles/79500US2501300-billerica-andover-tewksbury-wilmington-towns-puma-ma/']",878,312
