SEX,MSP,RAC1P,OWN_RENT,PINCP_DECILE,HISP,PUMA,AGEP,NOC,NPF,POVPIP,DEYE
1.0,1,1.0,1.0,0,0.0,30-00600,54.0,0,2,501,2.0
1.0,1,1.0,1.0,0,0.0,30-00600,54.0,0,2,501,2.0
1.0,1,1.0,1.0,0,0.0,30-00600,54.0,0,2,501,2.0
1.0,1,1.0,1.0,0,0.0,30-00600,54.0,0,4,501,2.0
1.0,1,1.0,1.0,0,0.0,30-00600,54.0,0,4,501,2.0
1.0,1,1.0,1.0,0,0.0,30-00600,54.0,0,4,501,2.0
1.0,1,1.0,1.0,0,0.0,08-00803,31.0,0,2,501,2.0
1.0,1,1.0,1.0,0,0.0,24-01004,57.0,0,2,501,2.0
1.0,1,1.0,1.0,0,0.0,24-01004,57.0,0,2,501,2.0
1.0,1,1.0,1.0,0,0.0,24-01004,57.0,0,2,501,2.0
1.0,1,1.0,1.0,0,0.0,24-01004,57.0,0,2,501,2.0
1.0,1,1.0,1.0,0,0.0,24-01004,57.0,0,3,501,2.0
1.0,1,1.0,1.0,2,0.0,38-00100,39.0,2,4,501,2.0
1.0,1,1.0,1.0,2,0.0,24-01004,61.0,0,2,501,2.0
1.0,1,1.0,1.0,3,0.0,06-08507,64.0,0,2,501,2.0
1.0,1,1.0,1.0,3,0.0,06-08507,64.0,0,2,501,2.0
1.0,1,1.0,1.0,3,0.0,06-08507,64.0,0,2,501,2.0
1.0,1,1.0,1.0,3,0.0,06-08507,64.0,0,2,501,2.0
1.0,1,1.0,1.0,3,0.0,06-08507,64.0,0,2,501,2.0
1.0,1,1.0,1.0,4,0.0,38-00100,72.0,0,2,501,2.0
1.0,1,1.0,1.0,4,0.0,38-00100,72.0,0,2,501,2.0
1.0,1,1.0,1.0,4,0.0,38-00100,72.0,0,2,501,2.0
1.0,1,1.0,1.0,4,0.0,38-00100,72.0,0,2,501,2.0
1.0,1,1.0,1.0,4,0.0,24-01004,65.0,0,3,501,2.0
1.0,1,1.0,1.0,4,0.0,24-01004,65.0,0,3,501,2.0
1.0,1,1.0,1.0,4,0.0,24-01004,76.0,0,2,501,2.0
1.0,1,1.0,1.0,4,0.0,24-01004,76.0,0,2,501,2.0
1.0,1,1.0,1.0,4,0.0,24-01004,76.0,0,2,501,2.0
1.0,1,1.0,1.0,5,0.0,24-01004,55.0,0,2,501,2.0
1.0,1,1.0,1.0,5,0.0,24-01004,55.0,0,2,501,2.0
1.0,1,1.0,1.0,5,0.0,24-01004,55.0,0,3,501,2.0
1.0,1,1.0,1.0,5,0.0,24-01004,61.0,0,2,501,2.0
1.0,1,1.0,1.0,5,0.0,24-01004,61.0,0,2,501,2.0
1.0,1,1.0,1.0,6,0.0,30-00600,54.0,0,4,501,2.0
1.0,1,1.0,1.0,6,0.0,30-00600,54.0,0,4,501,2.0
1.0,1,1.0,1.0,6,0.0,51-51255,59.0,0,3,501,2.0
1.0,1,1.0,1.0,6,0.0,24-01004,70.0,0,2,501,2.0
1.0,1,1.0,1.0,6,0.0,24-01004,70.0,0,2,501,2.0
1.0,1,1.0,1.0,7,0.0,06-07502,60.0,0,2,501,2.0
1.0,1,1.0,1.0,7,0.0,06-07502,60.0,0,2,501,2.0
1.0,1,1.0,1.0,7,0.0,38-00100,68.0,0,2,501,2.0
1.0,1,1.0,1.0,7,0.0,38-00100,68.0,0,2,501,2.0
1.0,1,1.0,1.0,7,0.0,38-00100,68.0,0,2,501,2.0
1.0,1,1.0,1.0,7,0.0,38-00100,68.0,0,2,501,2.0
1.0,1,1.0,1.0,7,0.0,38-00100,68.0,0,2,501,2.0
1.0,1,1.0,1.0,7,0.0,38-00100,72.0,0,2,501,2.0
1.0,1,1.0,1.0,7,0.0,24-01004,55.0,0,3,501,2.0
1.0,1,1.0,1.0,7,0.0,24-01004,55.0,0,3,501,2.0
1.0,1,1.0,1.0,7,0.0,24-01004,55.0,0,3,501,2.0
1.0,1,1.0,1.0,8,0.0,38-00100,39.0,0,3,501,2.0
1.0,1,1.0,1.0,8,0.0,38-00100,39.0,0,3,501,2.0
1.0,1,1.0,1.0,8,0.0,38-00100,39.0,0,4,501,2.0
1.0,1,1.0,1.0,8,0.0,38-00100,58.0,0,2,501,2.0
1.0,1,1.0,1.0,8,0.0,38-00100,58.0,0,2,501,2.0
1.0,1,1.0,1.0,8,0.0,38-00100,58.0,0,3,501,2.0
1.0,1,1.0,1.0,8,0.0,38-00100,67.0,0,2,501,2.0
1.0,1,1.0,1.0,8,0.0,51-51255,31.0,0,2,501,2.0
1.0,1,1.0,1.0,8,0.0,51-51255,31.0,0,2,501,2.0
1.0,1,1.0,1.0,8,0.0,51-51255,31.0,0,2,501,2.0
1.0,1,1.0,1.0,8,0.0,51-51255,31.0,0,2,501,2.0
1.0,1,1.0,1.0,8,0.0,51-51255,53.0,0,3,501,2.0
1.0,1,1.0,1.0,8,0.0,51-51255,53.0,0,3,501,2.0
1.0,1,1.0,1.0,8,0.0,51-51255,62.0,0,2,501,2.0
1.0,1,1.0,1.0,8,0.0,51-51255,62.0,0,2,501,2.0
1.0,1,1.0,1.0,8,0.0,06-08507,45.0,0,4,501,2.0
1.0,1,1.0,1.0,8,0.0,06-08507,48.0,0,4,501,2.0
1.0,1,1.0,1.0,8,0.0,08-00803,31.0,0,2,501,2.0
1.0,1,1.0,1.0,8,0.0,08-00803,31.0,0,2,501,2.0
1.0,1,1.0,1.0,8,0.0,08-00803,31.0,0,2,501,2.0
1.0,1,1.0,1.0,8,0.0,24-01004,58.0,0,2,501,2.0
1.0,1,1.0,1.0,8,0.0,24-01004,58.0,0,2,501,2.0
1.0,1,1.0,1.0,8,0.0,24-01004,58.0,0,2,501,2.0
1.0,1,1.0,1.0,8,0.0,24-01004,58.0,0,2,501,2.0
1.0,1,1.0,1.0,8,0.0,24-01004,58.0,0,2,501,2.0
1.0,1,1.0,1.0,8,0.0,26-02702,67.0,0,2,501,2.0
1.0,1,1.0,1.0,8,0.0,26-02702,67.0,0,2,501,2.0
1.0,1,1.0,1.0,9,0.0,30-00600,54.0,0,2,501,2.0
1.0,1,1.0,1.0,9,0.0,30-00600,54.0,0,2,501,2.0
1.0,1,1.0,1.0,9,0.0,30-00600,54.0,0,4,501,2.0
1.0,1,1.0,1.0,9,0.0,30-00600,54.0,0,4,501,2.0
1.0,1,1.0,1.0,9,0.0,30-00600,54.0,0,4,501,2.0
1.0,1,1.0,1.0,9,0.0,30-00600,66.0,0,2,501,2.0
1.0,1,1.0,1.0,9,0.0,30-00600,66.0,0,2,501,2.0
1.0,1,1.0,1.0,9,0.0,30-00600,66.0,0,2,501,2.0
1.0,1,1.0,1.0,9,0.0,30-00600,67.0,0,2,501,2.0
1.0,1,1.0,1.0,9,0.0,30-00600,67.0,0,2,501,2.0
1.0,1,1.0,1.0,9,0.0,30-00600,67.0,0,2,501,2.0
1.0,1,1.0,1.0,9,0.0,30-00600,67.0,0,2,501,2.0
1.0,1,1.0,1.0,9,0.0,36-04010,40.0,1,2,501,2.0
1.0,1,1.0,1.0,9,0.0,36-04010,40.0,1,2,501,2.0
1.0,1,1.0,1.0,9,0.0,36-04010,40.0,1,2,501,2.0
1.0,1,1.0,1.0,9,0.0,36-04010,40.0,1,2,501,2.0
1.0,1,1.0,1.0,9,0.0,36-04010,40.0,1,4,501,2.0
1.0,1,1.0,1.0,9,0.0,38-00100,58.0,0,2,501,2.0
1.0,1,1.0,1.0,9,0.0,38-00100,58.0,0,2,501,2.0
1.0,1,1.0,1.0,9,0.0,38-00100,58.0,0,2,501,2.0
1.0,1,1.0,1.0,9,0.0,38-00100,58.0,0,2,501,2.0
1.0,1,1.0,1.0,9,0.0,38-00100,58.0,0,3,501,2.0
1.0,1,1.0,1.0,9,0.0,38-00100,58.0,0,3,501,2.0
1.0,1,1.0,1.0,9,0.0,38-00100,58.0,0,3,501,2.0
1.0,1,1.0,1.0,9,0.0,51-51255,37.0,0,2,501,2.0
1.0,1,1.0,1.0,9,0.0,51-51255,37.0,0,2,501,2.0
1.0,1,1.0,1.0,9,0.0,51-51255,37.0,0,2,501,2.0
1.0,1,1.0,1.0,9,0.0,06-08507,48.0,2,4,501,2.0
1.0,1,1.0,1.0,9,0.0,06-08507,48.0,2,4,501,2.0
1.0,1,1.0,1.0,9,0.0,06-08507,48.0,2,4,501,2.0
1.0,1,1.0,1.0,9,0.0,06-08507,48.0,2,4,501,2.0
1.0,1,1.0,1.0,9,0.0,06-08507,51.0,0,3,501,2.0
1.0,1,1.0,1.0,9,0.0,06-08507,51.0,0,3,501,2.0
1.0,1,1.0,1.0,9,0.0,24-01004,32.0,0,2,501,2.0
1.0,1,1.0,1.0,9,0.0,24-01004,32.0,0,2,501,2.0
1.0,1,1.0,1.0,9,0.0,24-01004,32.0,0,2,501,2.0
1.0,1,1.0,1.0,9,0.0,24-01004,32.0,0,2,501,2.0
1.0,1,1.0,1.0,9,0.0,24-01004,32.0,0,2,501,2.0
1.0,1,1.0,1.0,9,0.0,24-01004,34.0,0,3,501,2.0
1.0,1,1.0,1.0,9,0.0,24-01004,34.0,0,3,501,2.0
1.0,1,1.0,1.0,9,0.0,24-01004,46.0,0,4,501,2.0
1.0,1,1.0,1.0,9,0.0,24-01004,46.0,0,4,501,2.0
1.0,1,1.0,1.0,9,0.0,24-01004,46.0,0,4,501,2.0
1.0,1,1.0,1.0,9,0.0,24-01004,46.0,0,4,501,2.0
1.0,1,1.0,1.0,9,0.0,24-01004,46.0,2,4,501,2.0
1.0,1,1.0,1.0,9,0.0,24-01004,46.0,2,4,501,2.0
1.0,1,1.0,1.0,9,0.0,24-01004,47.0,2,5,501,2.0
1.0,1,1.0,1.0,9,0.0,24-01004,51.0,0,3,501,2.0
1.0,1,1.0,1.0,9,0.0,24-01004,51.0,0,3,501,2.0
1.0,1,1.0,1.0,9,0.0,24-01004,51.0,0,3,501,2.0
1.0,1,1.0,1.0,9,0.0,24-01004,51.0,0,3,501,2.0
1.0,1,1.0,1.0,9,0.0,24-01004,51.0,0,3,501,2.0
1.0,1,1.0,1.0,9,0.0,24-01004,55.0,0,2,501,2.0
1.0,1,1.0,1.0,9,0.0,24-01004,55.0,0,2,501,2.0
1.0,1,1.0,1.0,9,0.0,24-01004,57.0,0,2,501,2.0
1.0,1,1.0,1.0,9,0.0,24-01004,57.0,0,2,501,2.0
1.0,1,1.0,1.0,9,0.0,24-01004,57.0,0,2,501,2.0
1.0,1,1.0,1.0,9,0.0,24-01004,57.0,0,2,501,2.0
1.0,1,1.0,1.0,9,0.0,24-01004,57.0,0,3,501,2.0
1.0,1,1.0,1.0,9,0.0,24-01004,76.0,0,2,501,2.0
1.0,1,1.0,1.0,9,0.0,26-02702,67.0,0,2,501,2.0
1.0,1,1.0,2.0,2,0.0,38-00100,39.0,0,2,501,2.0
1.0,1,1.0,2.0,2,0.0,38-00100,39.0,0,2,501,2.0
1.0,1,1.0,2.0,2,0.0,38-00100,39.0,0,2,501,2.0
1.0,1,1.0,2.0,2,0.0,38-00100,39.0,0,2,501,2.0
1.0,1,1.0,2.0,2,0.0,38-00100,39.0,0,2,501,2.0
1.0,1,1.0,2.0,2,0.0,38-00100,39.0,0,4,501,2.0
1.0,1,1.0,2.0,2,0.0,38-00100,39.0,0,4,501,2.0
1.0,1,1.0,2.0,3,0.0,38-00100,39.0,0,2,501,2.0
1.0,1,1.0,2.0,3,0.0,38-00100,39.0,0,2,501,2.0
1.0,1,1.0,2.0,3,0.0,38-00100,39.0,0,2,501,2.0
1.0,1,1.0,2.0,3,0.0,06-08507,64.0,0,2,501,2.0
1.0,1,1.0,2.0,5,0.0,24-01004,55.0,0,2,501,2.0
1.0,1,1.0,2.0,5,0.0,24-01004,55.0,0,2,501,2.0
1.0,1,1.0,2.0,7,0.0,38-00100,68.0,0,2,501,2.0
1.0,1,1.0,2.0,7,0.0,38-00100,68.0,0,2,501,2.0
1.0,1,1.0,2.0,7,0.0,24-01004,34.0,0,3,501,2.0
1.0,1,1.0,2.0,8,0.0,38-00100,39.0,0,4,501,2.0
1.0,1,1.0,2.0,8,0.0,51-51255,31.0,0,2,501,2.0
1.0,1,1.0,2.0,8,0.0,51-51255,31.0,0,2,501,2.0
1.0,1,1.0,2.0,8,0.0,08-00803,31.0,0,2,501,2.0
1.0,1,1.0,2.0,8,0.0,24-01004,35.0,0,2,501,2.0
1.0,1,1.0,2.0,8,0.0,24-01004,35.0,0,2,501,2.0
1.0,1,1.0,2.0,8,0.0,24-01004,35.0,0,2,501,2.0
1.0,1,1.0,2.0,9,0.0,06-07502,32.0,0,2,501,2.0
1.0,1,1.0,2.0,9,0.0,06-07502,32.0,0,2,501,2.0
1.0,1,1.0,2.0,9,0.0,06-07502,32.0,0,2,501,2.0
1.0,1,1.0,2.0,9,0.0,06-07502,32.0,0,2,501,2.0
1.0,1,1.0,2.0,9,0.0,30-00600,67.0,0,2,501,2.0
1.0,1,1.0,2.0,9,0.0,30-00600,67.0,0,2,501,2.0
1.0,1,1.0,2.0,9,0.0,30-00600,67.0,0,2,501,2.0
1.0,1,1.0,2.0,9,0.0,51-51255,37.0,0,2,501,2.0
1.0,1,1.0,2.0,9,0.0,51-51255,37.0,0,2,501,2.0
1.0,1,1.0,2.0,9,0.0,51-51255,37.0,0,2,501,2.0
1.0,1,1.0,2.0,9,0.0,51-51255,37.0,0,2,501,2.0
1.0,1,1.0,2.0,9,0.0,51-51255,37.0,0,2,501,2.0
1.0,1,1.0,2.0,9,0.0,51-51255,37.0,0,2,501,2.0
1.0,1,1.0,2.0,9,0.0,24-01004,34.0,0,3,501,2.0
1.0,1,1.0,2.0,9,0.0,24-01004,35.0,0,2,501,2.0
1.0,1,1.0,2.0,9,0.0,24-01004,35.0,0,4,501,2.0
1.0,1,2.0,1.0,0,0.0,36-04010,61.0,0,2,501,2.0
1.0,1,2.0,1.0,0,0.0,24-01004,48.0,0,4,501,2.0
1.0,1,2.0,1.0,0,0.0,24-01004,48.0,0,4,501,2.0
1.0,1,2.0,1.0,0,0.0,24-01004,48.0,0,4,501,2.0
1.0,1,2.0,1.0,4,0.0,24-01004,65.0,0,3,501,2.0
1.0,1,2.0,1.0,4,0.0,24-01004,65.0,0,3,501,2.0
1.0,1,2.0,1.0,4,0.0,24-01004,65.0,0,3,501,2.0
1.0,1,2.0,1.0,4,0.0,24-01004,65.0,0,3,501,2.0
1.0,1,2.0,1.0,9,0.0,24-01004,34.0,0,3,501,2.0
1.0,1,2.0,1.0,9,0.0,24-01004,34.0,0,3,501,2.0
1.0,1,2.0,1.0,9,0.0,24-01004,55.0,0,2,501,2.0
1.0,1,2.0,2.0,3,0.0,24-01004,39.0,0,2,501,2.0
1.0,1,2.0,2.0,3,0.0,24-01004,39.0,0,2,501,2.0
1.0,1,2.0,2.0,9,0.0,24-01004,34.0,0,3,501,2.0
1.0,1,2.0,2.0,9,0.0,24-01004,34.0,0,3,501,2.0
1.0,1,6.0,2.0,8,0.0,24-01004,35.0,0,3,501,2.0
1.0,4,1.0,1.0,2,0.0,24-01004,66.0,0,N,501,2.0
1.0,4,1.0,1.0,2,0.0,24-01004,66.0,0,N,501,2.0
1.0,4,1.0,1.0,2,0.0,24-01004,66.0,0,N,501,2.0
1.0,4,1.0,1.0,7,0.0,51-51255,59.0,0,N,501,2.0
1.0,4,1.0,1.0,7,0.0,51-51255,59.0,0,3,501,2.0
1.0,4,1.0,1.0,9,0.0,30-00600,54.0,0,2,501,2.0
1.0,4,1.0,1.0,9,0.0,30-00600,54.0,0,2,501,2.0
1.0,4,1.0,1.0,9,0.0,51-51255,59.0,0,N,501,2.0
1.0,4,1.0,1.0,9,0.0,51-51255,59.0,0,N,501,2.0
1.0,4,1.0,1.0,9,0.0,51-51255,59.0,0,N,501,2.0
1.0,4,1.0,2.0,7,0.0,51-51255,59.0,0,3,501,2.0
1.0,4,1.0,2.0,9,0.0,51-51255,59.0,0,N,501,2.0
1.0,4,2.0,1.0,4,0.0,24-01004,65.0,0,3,501,2.0
1.0,6,1.0,0.0,0,0.0,08-00803,18.0,N,N,N,2.0
1.0,6,1.0,0.0,0,0.0,08-00803,18.0,N,N,N,2.0
1.0,6,1.0,0.0,0,0.0,08-00803,18.0,N,N,N,2.0
1.0,6,1.0,0.0,0,0.0,08-00803,18.0,N,N,N,2.0
1.0,6,1.0,0.0,0,0.0,08-00803,18.0,N,N,N,2.0
1.0,6,1.0,0.0,0,0.0,08-00803,18.0,N,N,N,2.0
1.0,6,1.0,0.0,0,0.0,08-00803,18.0,N,N,N,2.0
1.0,6,1.0,0.0,0,0.0,08-00803,18.0,N,N,N,2.0
1.0,6,1.0,0.0,0,0.0,08-00803,18.0,N,N,N,2.0
1.0,6,1.0,0.0,0,0.0,08-00803,19.0,N,N,N,2.0
1.0,6,1.0,0.0,0,0.0,08-00803,19.0,N,N,N,2.0
1.0,6,1.0,0.0,0,0.0,13-04600,18.0,N,N,N,2.0
1.0,6,1.0,0.0,0,0.0,13-04600,18.0,N,N,N,2.0
1.0,6,1.0,0.0,0,0.0,13-04600,18.0,N,N,N,2.0
1.0,6,1.0,0.0,0,0.0,13-04600,18.0,N,N,N,2.0
1.0,6,1.0,0.0,0,0.0,13-04600,20.0,N,N,N,2.0
1.0,6,1.0,0.0,0,0.0,13-04600,20.0,N,N,N,2.0
1.0,6,1.0,0.0,0,0.0,13-04600,20.0,N,N,N,2.0
1.0,6,1.0,0.0,0,0.0,13-04600,20.0,N,N,N,2.0
1.0,6,1.0,0.0,0,0.0,13-04600,20.0,N,N,N,2.0
1.0,6,1.0,0.0,0,0.0,13-04600,20.0,N,N,N,2.0
1.0,6,1.0,0.0,0,0.0,17-03529,19.0,N,N,N,2.0
1.0,6,1.0,0.0,0,0.0,17-03529,19.0,N,N,N,2.0
1.0,6,1.0,0.0,0,0.0,17-03529,19.0,N,N,N,2.0
1.0,6,1.0,0.0,0,0.0,17-03529,19.0,N,N,N,2.0
1.0,6,1.0,0.0,0,0.0,17-03529,19.0,N,N,N,2.0
1.0,6,1.0,0.0,0,0.0,17-03529,19.0,N,N,N,2.0
1.0,6,1.0,0.0,0,0.0,17-03529,19.0,N,N,N,2.0
1.0,6,1.0,0.0,0,0.0,17-03529,19.0,N,N,N,2.0
1.0,6,1.0,0.0,0,0.0,26-02702,19.0,N,N,N,2.0
1.0,6,1.0,0.0,0,0.0,26-02702,19.0,N,N,N,2.0
1.0,6,1.0,0.0,0,0.0,26-02702,19.0,N,N,N,2.0
1.0,6,1.0,0.0,1,0.0,08-00803,18.0,N,N,N,2.0
1.0,6,1.0,0.0,1,0.0,08-00803,18.0,N,N,N,2.0
1.0,6,1.0,0.0,1,0.0,08-00803,18.0,N,N,N,2.0
1.0,6,1.0,0.0,1,0.0,08-00803,18.0,N,N,N,2.0
1.0,6,1.0,0.0,1,0.0,08-00803,19.0,N,N,N,2.0
1.0,6,1.0,0.0,1,0.0,08-00803,19.0,N,N,N,2.0
1.0,6,1.0,0.0,1,0.0,08-00803,19.0,N,N,N,2.0
1.0,6,1.0,0.0,1,0.0,08-00803,19.0,N,N,N,2.0
1.0,6,1.0,0.0,1,0.0,08-00803,19.0,N,N,N,2.0
1.0,6,1.0,0.0,1,0.0,17-03529,19.0,N,N,N,2.0
1.0,6,1.0,0.0,1,0.0,17-03529,19.0,N,N,N,2.0
1.0,6,1.0,0.0,1,0.0,17-03529,19.0,N,N,N,2.0
1.0,6,1.0,0.0,1,0.0,26-02702,19.0,N,N,N,2.0
1.0,6,1.0,0.0,3,0.0,08-00803,18.0,N,N,N,2.0
1.0,6,1.0,0.0,3,0.0,08-00803,18.0,N,N,N,2.0
1.0,6,1.0,0.0,8,0.0,26-02702,19.0,N,N,N,2.0
1.0,6,1.0,0.0,8,0.0,26-02702,19.0,N,N,N,2.0
1.0,6,1.0,0.0,8,0.0,26-02702,19.0,N,N,N,2.0
1.0,6,1.0,0.0,8,0.0,26-02702,19.0,N,N,N,2.0
1.0,6,1.0,1.0,0,0.0,38-00100,18.0,0,2,501,2.0
1.0,6,1.0,1.0,0,0.0,38-00100,18.0,0,2,501,2.0
1.0,6,1.0,1.0,0,0.0,38-00100,18.0,0,2,501,2.0
1.0,6,1.0,1.0,0,0.0,38-00100,18.0,0,2,501,2.0
1.0,6,1.0,1.0,0,0.0,08-00803,31.0,0,2,501,2.0
1.0,6,1.0,1.0,0,0.0,24-01004,22.0,0,N,501,2.0
1.0,6,1.0,1.0,0,0.0,24-01004,22.0,0,N,501,2.0
1.0,6,1.0,1.0,0,0.0,24-01004,22.0,0,N,501,2.0
1.0,6,1.0,1.0,2,0.0,24-01004,61.0,0,N,501,2.0
1.0,6,1.0,1.0,2,0.0,24-01004,61.0,0,N,501,2.0
1.0,6,1.0,1.0,2,0.0,24-01004,61.0,0,N,501,2.0
1.0,6,1.0,1.0,2,0.0,24-01004,61.0,0,N,501,2.0
1.0,6,1.0,1.0,2,0.0,24-01004,61.0,0,N,501,2.0
1.0,6,1.0,1.0,2,0.0,24-01004,61.0,0,N,501,2.0
1.0,6,1.0,1.0,5,0.0,26-02702,25.0,0,N,501,2.0
1.0,6,1.0,1.0,5,0.0,26-02702,25.0,0,N,501,2.0
1.0,6,1.0,1.0,5,0.0,26-02702,25.0,0,N,501,2.0
1.0,6,1.0,1.0,5,0.0,26-02702,25.0,0,N,501,2.0
1.0,6,1.0,1.0,5,0.0,26-02702,25.0,0,N,501,2.0
1.0,6,1.0,1.0,5,0.0,26-02702,25.0,0,N,501,2.0
1.0,6,1.0,1.0,7,0.0,51-01301,27.0,0,N,501,2.0
1.0,6,1.0,1.0,7,0.0,51-01301,27.0,0,N,501,2.0
1.0,6,1.0,1.0,7,0.0,51-51255,31.0,0,N,501,2.0
1.0,6,1.0,1.0,7,0.0,51-51255,31.0,0,N,501,2.0
1.0,6,1.0,1.0,7,0.0,19-01700,50.0,0,N,501,2.0
1.0,6,1.0,1.0,7,0.0,19-01700,50.0,0,N,501,2.0
1.0,6,1.0,1.0,7,0.0,19-01700,50.0,0,N,501,2.0
1.0,6,1.0,1.0,7,0.0,19-01700,50.0,0,N,501,2.0
1.0,6,1.0,1.0,7,0.0,24-01004,34.0,0,N,501,2.0
1.0,6,1.0,1.0,7,0.0,26-02702,27.0,0,N,501,2.0
1.0,6,1.0,1.0,7,0.0,26-02702,27.0,0,N,501,2.0
1.0,6,1.0,1.0,7,0.0,26-02702,27.0,0,N,501,2.0
1.0,6,1.0,1.0,7,0.0,26-02702,27.0,0,N,501,2.0
1.0,6,1.0,1.0,8,0.0,06-07502,26.0,0,N,501,2.0
1.0,6,1.0,1.0,8,0.0,06-07502,31.0,0,N,501,2.0
1.0,6,1.0,1.0,8,0.0,06-07502,31.0,0,N,501,2.0
1.0,6,1.0,1.0,8,0.0,06-07502,31.0,0,N,501,2.0
1.0,6,1.0,1.0,8,0.0,29-01901,27.0,0,N,501,2.0
1.0,6,1.0,1.0,8,0.0,29-01901,27.0,0,N,501,2.0
1.0,6,1.0,1.0,8,0.0,29-01901,27.0,0,N,501,2.0
1.0,6,1.0,1.0,8,0.0,51-01301,27.0,0,N,501,2.0
1.0,6,1.0,1.0,8,0.0,51-01301,27.0,0,N,501,2.0
1.0,6,1.0,1.0,8,0.0,51-01301,27.0,0,N,501,2.0
1.0,6,1.0,1.0,8,0.0,51-51255,31.0,0,N,501,2.0
1.0,6,1.0,1.0,8,0.0,51-51255,31.0,0,N,501,2.0
1.0,6,1.0,1.0,8,0.0,51-51255,31.0,0,N,501,2.0
1.0,6,1.0,1.0,8,0.0,08-00803,31.0,0,2,501,2.0
1.0,6,1.0,1.0,8,0.0,08-00803,31.0,0,2,501,2.0
1.0,6,1.0,1.0,8,0.0,08-00803,31.0,0,2,501,2.0
1.0,6,1.0,1.0,8,0.0,13-04600,36.0,0,N,501,2.0
1.0,6,1.0,1.0,8,0.0,13-04600,36.0,0,N,501,2.0
1.0,6,1.0,1.0,8,0.0,13-04600,36.0,0,N,501,2.0
1.0,6,1.0,1.0,8,0.0,13-04600,36.0,0,N,501,2.0
1.0,6,1.0,1.0,8,0.0,13-04600,36.0,0,2,501,2.0
1.0,6,1.0,1.0,8,0.0,26-02702,27.0,0,N,501,2.0
1.0,6,1.0,1.0,8,0.0,26-02702,27.0,0,N,501,2.0
1.0,6,1.0,1.0,8,0.0,26-02702,27.0,0,N,501,2.0
1.0,6,1.0,1.0,8,0.0,26-02702,27.0,0,N,501,2.0
1.0,6,1.0,1.0,8,0.0,26-02702,27.0,0,N,501,2.0
1.0,6,1.0,1.0,9,0.0,30-00600,57.0,0,N,501,2.0
1.0,6,1.0,1.0,9,0.0,30-00600,57.0,0,N,501,2.0
1.0,6,1.0,1.0,9,0.0,30-00600,57.0,0,N,501,2.0
1.0,6,1.0,1.0,9,0.0,51-51255,58.0,0,N,501,2.0
1.0,6,1.0,1.0,9,0.0,51-51255,58.0,0,4,501,2.0
1.0,6,1.0,1.0,9,0.0,24-01004,57.0,0,3,501,2.0
1.0,6,1.0,2.0,0,0.0,28-01100,40.0,0,N,501,2.0
1.0,6,1.0,2.0,0,0.0,24-01004,22.0,0,N,501,2.0
1.0,6,1.0,2.0,0,0.0,24-01004,22.0,0,N,501,2.0
1.0,6,1.0,2.0,0,0.0,24-01004,22.0,0,N,501,2.0
1.0,6,1.0,2.0,7,0.0,51-51255,31.0,0,N,501,2.0
1.0,6,1.0,2.0,7,0.0,24-01004,28.0,0,N,501,2.0
1.0,6,1.0,2.0,7,0.0,24-01004,28.0,0,N,501,2.0
1.0,6,1.0,2.0,7,0.0,24-01004,28.0,0,N,501,2.0
1.0,6,1.0,2.0,7,0.0,24-01004,28.0,0,N,501,2.0
1.0,6,1.0,2.0,7,0.0,24-01004,34.0,0,N,501,2.0
1.0,6,1.0,2.0,7,0.0,24-01004,34.0,0,N,501,2.0
1.0,6,1.0,2.0,7,0.0,24-01004,34.0,0,3,501,2.0
1.0,6,1.0,2.0,7,0.0,26-02702,27.0,0,N,501,2.0
1.0,6,1.0,2.0,7,0.0,26-02702,27.0,0,N,501,2.0
1.0,6,1.0,2.0,8,0.0,06-07502,26.0,0,N,501,2.0
1.0,6,1.0,2.0,8,0.0,06-07502,26.0,0,N,501,2.0
1.0,6,1.0,2.0,8,0.0,06-07502,29.0,0,N,501,2.0
1.0,6,1.0,2.0,8,0.0,36-03710,55.0,0,N,501,2.0
1.0,6,1.0,2.0,8,0.0,36-03710,55.0,0,N,501,2.0
1.0,6,1.0,2.0,8,0.0,36-03710,55.0,0,2,501,2.0
1.0,6,1.0,2.0,8,0.0,36-03710,55.0,0,2,501,2.0
1.0,6,1.0,2.0,8,0.0,51-01301,27.0,0,N,501,2.0
1.0,6,1.0,2.0,8,0.0,51-01301,27.0,0,N,501,2.0
1.0,6,1.0,2.0,8,0.0,51-51255,31.0,0,N,501,2.0
1.0,6,1.0,2.0,8,0.0,51-51255,31.0,0,N,501,2.0
1.0,6,1.0,2.0,8,0.0,51-51255,31.0,0,2,501,2.0
1.0,6,1.0,2.0,8,0.0,51-51255,31.0,0,2,501,2.0
1.0,6,1.0,2.0,8,0.0,51-51255,31.0,0,2,501,2.0
1.0,6,1.0,2.0,8,0.0,51-51255,31.0,0,2,501,2.0
1.0,6,1.0,2.0,8,0.0,51-51255,31.0,0,2,501,2.0
1.0,6,1.0,2.0,8,0.0,08-00803,31.0,0,2,501,2.0
1.0,6,1.0,2.0,8,0.0,08-00803,31.0,0,2,501,2.0
1.0,6,1.0,2.0,8,0.0,08-00803,31.0,0,2,501,2.0
1.0,6,1.0,2.0,9,0.0,06-07502,29.0,0,N,501,2.0
1.0,6,1.0,2.0,9,0.0,06-07502,29.0,0,N,501,2.0
1.0,6,1.0,2.0,9,0.0,51-51255,37.0,0,N,501,2.0
1.0,6,1.0,2.0,9,0.0,51-51255,37.0,0,N,501,2.0
1.0,6,1.0,2.0,9,0.0,51-51255,37.0,0,N,501,2.0
1.0,6,1.0,2.0,9,0.0,51-51255,37.0,0,N,501,2.0
1.0,6,1.0,2.0,9,0.0,51-51255,37.0,0,2,501,2.0
1.0,6,1.0,2.0,9,0.0,51-51255,37.0,0,2,501,2.0
1.0,6,1.0,2.0,9,0.0,51-51255,37.0,0,2,501,2.0
1.0,6,1.0,2.0,9,0.0,51-51255,37.0,0,2,501,2.0
1.0,6,1.0,2.0,9,0.0,51-51255,58.0,0,N,501,2.0
1.0,6,2.0,0.0,0,0.0,13-04600,18.0,N,N,N,2.0
1.0,6,2.0,0.0,0,0.0,13-04600,18.0,N,N,N,2.0
1.0,6,2.0,0.0,0,0.0,13-04600,18.0,N,N,N,2.0
1.0,6,2.0,0.0,0,0.0,13-04600,18.0,N,N,N,2.0
1.0,6,2.0,0.0,0,0.0,13-04600,20.0,N,N,N,2.0
1.0,6,2.0,0.0,0,0.0,13-04600,20.0,N,N,N,2.0
1.0,6,2.0,0.0,0,0.0,13-04600,20.0,N,N,N,2.0
1.0,6,2.0,0.0,0,0.0,13-04600,20.0,N,N,N,2.0
1.0,6,2.0,0.0,0,0.0,13-04600,21.0,N,N,N,2.0
1.0,6,2.0,0.0,0,0.0,17-03529,19.0,N,N,N,2.0
1.0,6,2.0,0.0,0,0.0,17-03529,19.0,N,N,N,2.0
1.0,6,2.0,0.0,0,0.0,17-03529,20.0,N,N,N,2.0
1.0,6,2.0,0.0,0,0.0,17-03529,20.0,N,N,N,2.0
1.0,6,2.0,0.0,0,0.0,26-02702,19.0,N,N,N,2.0
1.0,6,2.0,0.0,0,0.0,26-02702,19.0,N,N,N,2.0
1.0,6,2.0,0.0,0,0.0,26-02702,19.0,N,N,N,2.0
1.0,6,2.0,0.0,0,0.0,26-02702,19.0,N,N,N,2.0
1.0,6,2.0,0.0,1,0.0,17-03529,19.0,N,N,N,2.0
1.0,6,2.0,0.0,1,0.0,17-03529,19.0,N,N,N,2.0
1.0,6,2.0,1.0,4,0.0,24-01004,65.0,0,3,501,2.0
1.0,6,2.0,1.0,4,0.0,24-01004,65.0,0,3,501,2.0
1.0,6,2.0,1.0,4,0.0,24-01004,65.0,0,3,501,2.0
1.0,6,2.0,1.0,7,0.0,51-51255,31.0,0,N,501,2.0
1.0,6,2.0,1.0,7,0.0,51-51255,31.0,0,N,501,2.0
1.0,6,2.0,1.0,7,0.0,19-01700,50.0,0,N,501,2.0
1.0,6,2.0,1.0,7,0.0,19-01700,50.0,0,N,501,2.0
1.0,6,2.0,1.0,8,0.0,51-51255,31.0,0,N,501,2.0
1.0,6,2.0,1.0,8,0.0,51-51255,31.0,0,N,501,2.0
1.0,6,2.0,1.0,9,0.0,51-51255,37.0,0,2,501,2.0
1.0,6,2.0,1.0,9,0.0,51-51255,37.0,0,2,501,2.0
1.0,6,2.0,1.0,9,0.0,51-51255,58.0,0,N,501,2.0
1.0,6,2.0,1.0,9,0.0,51-51255,58.0,0,N,501,2.0
1.0,6,2.0,2.0,7,0.0,51-51255,31.0,0,N,501,2.0
1.0,6,2.0,2.0,7,0.0,51-51255,31.0,0,N,501,2.0
1.0,6,2.0,2.0,7,0.0,51-51255,31.0,0,N,501,2.0
1.0,6,2.0,2.0,7,0.0,51-51255,31.0,0,N,501,2.0
1.0,6,2.0,2.0,8,0.0,29-01901,27.0,0,N,501,2.0
1.0,6,2.0,2.0,8,0.0,29-01901,27.0,0,N,501,2.0
1.0,6,2.0,2.0,8,0.0,29-01901,27.0,0,N,501,2.0
1.0,6,2.0,2.0,8,0.0,29-01901,27.0,0,N,501,2.0
1.0,6,2.0,2.0,8,0.0,51-51255,31.0,0,N,501,2.0
1.0,6,2.0,2.0,8,0.0,51-51255,31.0,0,N,501,2.0
1.0,6,2.0,2.0,8,0.0,51-51255,31.0,0,N,501,2.0
1.0,6,2.0,2.0,9,0.0,51-51255,58.0,0,N,501,2.0
1.0,6,2.0,2.0,9,0.0,51-51255,58.0,0,N,501,2.0
1.0,6,2.0,2.0,9,0.0,51-51255,58.0,0,N,501,2.0
1.0,6,2.0,2.0,9,0.0,51-51255,58.0,0,N,501,2.0
1.0,6,2.0,2.0,9,0.0,51-51255,58.0,0,N,501,2.0
1.0,6,2.0,2.0,9,0.0,51-51255,58.0,0,N,501,2.0
1.0,N,1.0,1.0,N,0.0,30-00600,11.0,2,4,501,2.0
1.0,N,1.0,1.0,N,0.0,30-00600,11.0,2,4,501,2.0
1.0,N,1.0,1.0,N,0.0,30-00600,11.0,2,4,501,2.0
1.0,N,1.0,1.0,N,0.0,30-00600,6.0,2,4,501,2.0
1.0,N,1.0,1.0,N,0.0,30-00600,6.0,2,5,501,2.0
1.0,N,1.0,1.0,N,0.0,30-00600,6.0,2,5,501,2.0
1.0,N,1.0,1.0,N,0.0,30-00600,8.0,1,5,501,2.0
1.0,N,1.0,1.0,N,0.0,30-00600,8.0,1,5,501,2.0
1.0,N,1.0,1.0,N,0.0,30-00600,8.0,2,5,501,2.0
1.0,N,1.0,1.0,N,0.0,30-00600,8.0,2,5,501,2.0
1.0,N,1.0,1.0,N,0.0,30-00600,8.0,2,5,501,2.0
1.0,N,1.0,1.0,N,0.0,30-00600,8.0,2,5,501,2.0
1.0,N,1.0,1.0,N,0.0,38-00100,0.0,3,4,501,2.0
1.0,N,1.0,1.0,N,0.0,38-00100,1.0,2,4,501,2.0
1.0,N,1.0,1.0,N,0.0,38-00100,1.0,2,4,501,2.0
1.0,N,1.0,1.0,N,0.0,38-00100,1.0,2,4,501,2.0
1.0,N,1.0,1.0,N,0.0,38-00100,13.0,2,4,501,2.0
1.0,N,1.0,1.0,N,0.0,38-00100,13.0,2,4,501,2.0
1.0,N,1.0,1.0,N,0.0,38-00100,13.0,3,4,501,2.0
1.0,N,1.0,1.0,N,0.0,38-00100,3.0,2,4,501,2.0
1.0,N,1.0,1.0,N,0.0,38-00100,3.0,2,4,501,2.0
1.0,N,1.0,1.0,N,0.0,38-00100,3.0,2,4,501,2.0
1.0,N,1.0,1.0,N,0.0,51-01301,14.0,2,3,501,2.0
1.0,N,1.0,1.0,N,0.0,51-01301,14.0,2,3,501,2.0
1.0,N,1.0,1.0,N,0.0,51-01301,14.0,2,3,501,2.0
1.0,N,1.0,1.0,N,0.0,51-01301,14.0,2,3,501,2.0
1.0,N,1.0,1.0,N,0.0,51-01301,14.0,2,3,501,2.0
1.0,N,1.0,1.0,N,0.0,51-01301,14.0,2,4,501,2.0
1.0,N,1.0,1.0,N,0.0,51-51255,4.0,2,3,501,2.0
1.0,N,1.0,1.0,N,0.0,51-51255,4.0,2,3,501,2.0
1.0,N,1.0,1.0,N,0.0,51-51255,4.0,2,3,501,2.0
1.0,N,1.0,1.0,N,0.0,51-51255,4.0,2,3,501,2.0
1.0,N,1.0,1.0,N,0.0,51-51255,4.0,2,4,501,2.0
1.0,N,1.0,1.0,N,0.0,51-51255,4.0,2,4,501,2.0
1.0,N,1.0,1.0,N,0.0,51-51255,4.0,2,5,501,2.0
1.0,N,1.0,1.0,N,0.0,51-51255,4.0,3,5,501,2.0
1.0,N,1.0,1.0,N,0.0,06-08507,10.0,2,4,501,2.0
1.0,N,1.0,1.0,N,0.0,06-08507,10.0,2,4,501,2.0
1.0,N,1.0,1.0,N,0.0,06-08507,11.0,2,4,501,2.0
1.0,N,1.0,1.0,N,0.0,06-08507,11.0,2,4,501,2.0
1.0,N,1.0,1.0,N,0.0,06-08507,11.0,2,4,501,2.0
1.0,N,1.0,1.0,N,0.0,06-08507,9.0,2,5,501,2.0
1.0,N,1.0,1.0,N,0.0,17-03529,8.0,3,5,501,2.0
1.0,N,1.0,1.0,N,0.0,24-01004,1.0,1,3,501,2.0
1.0,N,1.0,1.0,N,0.0,24-01004,1.0,2,3,501,2.0
1.0,N,1.0,1.0,N,0.0,24-01004,12.0,1,3,501,2.0
1.0,N,1.0,1.0,N,0.0,24-01004,12.0,1,3,501,2.0
1.0,N,1.0,1.0,N,0.0,24-01004,12.0,1,3,501,2.0
1.0,N,1.0,1.0,N,0.0,24-01004,12.0,1,3,501,2.0
1.0,N,1.0,1.0,N,0.0,24-01004,13.0,3,4,501,2.0
1.0,N,1.0,1.0,N,0.0,24-01004,13.0,3,4,501,2.0
1.0,N,1.0,1.0,N,0.0,24-01004,13.0,3,4,501,2.0
1.0,N,1.0,1.0,N,0.0,24-01004,13.0,3,4,501,2.0
1.0,N,1.0,1.0,N,0.0,24-01004,3.0,2,3,501,2.0
1.0,N,1.0,1.0,N,0.0,24-01004,9.0,2,4,501,2.0
1.0,N,1.0,1.0,N,0.0,24-01004,9.0,2,4,501,2.0
1.0,N,1.0,1.0,N,0.0,24-01004,9.0,2,4,501,2.0
1.0,N,1.0,1.0,N,0.0,24-01004,9.0,2,4,501,2.0
1.0,N,1.0,1.0,N,0.0,24-01004,9.0,2,4,501,2.0
1.0,N,1.0,1.0,N,0.0,24-01004,9.0,2,4,501,2.0
1.0,N,1.0,1.0,N,0.0,24-01004,9.0,2,4,501,2.0
1.0,N,1.0,1.0,N,0.0,24-01004,9.0,2,4,501,2.0
1.0,N,1.0,2.0,N,0.0,30-00600,1.0,2,5,501,2.0
1.0,N,1.0,2.0,N,0.0,30-00600,1.0,2,5,501,2.0
1.0,N,1.0,2.0,N,0.0,30-00600,1.0,2,5,501,2.0
1.0,N,1.0,2.0,N,0.0,51-01301,14.0,2,3,501,2.0
1.0,N,1.0,2.0,N,0.0,51-01301,14.0,2,3,501,2.0
1.0,N,1.0,2.0,N,0.0,06-08507,9.0,2,5,501,2.0
1.0,N,1.0,2.0,N,0.0,06-08507,9.0,2,5,501,2.0
1.0,N,1.0,2.0,N,0.0,06-08507,9.0,2,5,501,2.0
1.0,N,1.0,2.0,N,0.0,06-08507,9.0,2,5,501,2.0
1.0,N,1.0,2.0,N,0.0,06-08507,9.0,2,5,501,2.0
1.0,N,1.0,2.0,N,0.0,06-08507,9.0,3,5,501,2.0
1.0,N,1.0,2.0,N,0.0,06-08507,9.0,3,5,501,2.0
1.0,N,2.0,1.0,N,0.0,24-01004,3.0,2,3,501,2.0
1.0,N,2.0,1.0,N,0.0,24-01004,3.0,2,3,501,2.0
2.0,1,1.0,1.0,0,0.0,30-00600,54.0,0,2,501,2.0
2.0,1,1.0,1.0,0,0.0,30-00600,54.0,0,2,501,2.0
2.0,1,1.0,1.0,0,0.0,30-00600,54.0,0,2,501,2.0
2.0,1,1.0,1.0,0,0.0,08-00803,31.0,0,2,501,2.0
2.0,1,1.0,1.0,0,0.0,08-00803,31.0,0,2,501,2.0
2.0,1,1.0,1.0,0,0.0,08-00803,31.0,0,2,501,2.0
2.0,1,1.0,1.0,0,0.0,24-01004,46.0,0,2,501,2.0
2.0,1,1.0,1.0,0,0.0,24-01004,46.0,0,2,501,2.0
2.0,1,1.0,1.0,0,0.0,24-01004,46.0,0,2,501,2.0
2.0,1,1.0,1.0,2,0.0,30-00600,61.0,0,2,501,2.0
2.0,1,1.0,1.0,2,0.0,38-00100,39.0,0,3,501,2.0
2.0,1,1.0,1.0,2,0.0,38-00100,39.0,2,4,501,2.0
2.0,1,1.0,1.0,2,0.0,38-00100,39.0,2,4,501,2.0
2.0,1,1.0,1.0,2,0.0,38-00100,39.0,2,4,501,2.0
2.0,1,1.0,1.0,2,0.0,38-00100,39.0,2,4,501,2.0
2.0,1,1.0,1.0,2,0.0,38-00100,39.0,2,4,501,2.0
2.0,1,1.0,1.0,2,0.0,38-00100,58.0,0,2,501,2.0
2.0,1,1.0,1.0,2,0.0,38-00100,58.0,0,2,501,2.0
2.0,1,1.0,1.0,2,0.0,38-00100,58.0,0,2,501,2.0
2.0,1,1.0,1.0,2,0.0,38-00100,58.0,0,2,501,2.0
2.0,1,1.0,1.0,2,0.0,38-00100,58.0,0,2,501,2.0
2.0,1,1.0,1.0,2,0.0,38-00100,58.0,0,3,501,2.0
2.0,1,1.0,1.0,2,0.0,38-00100,58.0,0,3,501,2.0
2.0,1,1.0,1.0,2,0.0,24-01004,58.0,0,2,501,2.0
2.0,1,1.0,1.0,2,0.0,24-01004,58.0,0,2,501,2.0
2.0,1,1.0,1.0,2,0.0,24-01004,58.0,0,2,501,2.0
2.0,1,1.0,1.0,2,0.0,24-01004,61.0,0,2,501,2.0
2.0,1,1.0,1.0,3,0.0,32-00405,55.0,0,3,501,2.0
2.0,1,1.0,1.0,3,0.0,32-00405,55.0,0,3,501,2.0
2.0,1,1.0,1.0,3,0.0,32-00405,55.0,0,3,501,2.0
2.0,1,1.0,1.0,3,0.0,38-00100,64.0,0,2,501,2.0
2.0,1,1.0,1.0,3,0.0,06-08507,64.0,0,2,501,2.0
2.0,1,1.0,1.0,3,0.0,06-08507,64.0,0,2,501,2.0
2.0,1,1.0,1.0,4,0.0,38-00100,72.0,0,2,501,2.0
2.0,1,1.0,1.0,4,0.0,38-00100,72.0,0,2,501,2.0
2.0,1,1.0,1.0,4,0.0,38-00100,72.0,0,2,501,2.0
2.0,1,1.0,1.0,4,0.0,24-01004,63.0,0,2,501,2.0
2.0,1,1.0,1.0,4,0.0,24-01004,65.0,0,3,501,2.0
2.0,1,1.0,1.0,4,0.0,24-01004,65.0,0,3,501,2.0
2.0,1,1.0,1.0,4,0.0,24-01004,65.0,0,3,501,2.0
2.0,1,1.0,1.0,4,0.0,24-01004,76.0,0,2,501,2.0
2.0,1,1.0,1.0,5,0.0,30-00600,61.0,0,2,501,2.0
2.0,1,1.0,1.0,5,0.0,30-00600,61.0,0,2,501,2.0
2.0,1,1.0,1.0,5,0.0,30-00600,61.0,0,2,501,2.0
2.0,1,1.0,1.0,5,0.0,30-00600,61.0,0,2,501,2.0
2.0,1,1.0,1.0,5,0.0,24-01004,55.0,0,2,501,2.0
2.0,1,1.0,1.0,5,0.0,24-01004,55.0,0,3,501,2.0
2.0,1,1.0,1.0,5,0.0,24-01004,55.0,0,3,501,2.0
2.0,1,1.0,1.0,6,0.0,40-00200,59.0,0,3,501,2.0
2.0,1,1.0,1.0,6,0.0,40-00200,59.0,0,3,501,2.0
2.0,1,1.0,1.0,6,0.0,24-01004,63.0,0,2,501,2.0
2.0,1,1.0,1.0,6,0.0,24-01004,63.0,0,2,501,2.0
2.0,1,1.0,1.0,6,0.0,24-01004,63.0,0,2,501,2.0
2.0,1,1.0,1.0,6,0.0,24-01004,63.0,0,2,501,2.0
2.0,1,1.0,1.0,6,0.0,24-01004,63.0,0,2,501,2.0
2.0,1,1.0,1.0,6,0.0,24-01004,63.0,0,2,501,2.0
2.0,1,1.0,1.0,7,0.0,30-00600,61.0,0,2,501,2.0
2.0,1,1.0,1.0,7,0.0,30-00600,61.0,0,2,501,2.0
2.0,1,1.0,1.0,7,0.0,38-00100,34.0,0,3,501,2.0
2.0,1,1.0,1.0,7,0.0,38-00100,34.0,0,3,501,2.0
2.0,1,1.0,1.0,7,0.0,38-00100,68.0,0,2,501,2.0
2.0,1,1.0,1.0,7,0.0,38-00100,68.0,0,2,501,2.0
2.0,1,1.0,1.0,7,0.0,38-00100,72.0,0,2,501,2.0
2.0,1,1.0,1.0,7,0.0,38-00100,72.0,0,2,501,2.0
2.0,1,1.0,1.0,7,0.0,38-00100,72.0,0,2,501,2.0
2.0,1,1.0,1.0,7,0.0,24-01004,55.0,0,3,501,2.0
2.0,1,1.0,1.0,7,0.0,24-01004,55.0,0,3,501,2.0
2.0,1,1.0,1.0,7,0.0,24-01004,55.0,0,3,501,2.0
2.0,1,1.0,1.0,8,0.0,06-08507,45.0,0,3,501,2.0
2.0,1,1.0,1.0,8,0.0,06-08507,45.0,0,3,501,2.0
2.0,1,1.0,1.0,8,0.0,06-08507,45.0,0,3,501,2.0
2.0,1,1.0,1.0,8,0.0,06-08507,45.0,0,3,501,2.0
2.0,1,1.0,1.0,8,0.0,06-08507,45.0,0,4,501,2.0
2.0,1,1.0,1.0,8,0.0,06-08507,45.0,0,4,501,2.0
2.0,1,1.0,1.0,8,0.0,06-08507,45.0,2,4,501,2.0
2.0,1,1.0,1.0,8,0.0,06-08507,48.0,0,3,501,2.0
2.0,1,1.0,1.0,8,0.0,06-08507,64.0,0,2,501,2.0
2.0,1,1.0,1.0,8,0.0,06-08507,64.0,0,2,501,2.0
2.0,1,1.0,1.0,8,0.0,06-08507,64.0,0,2,501,2.0
2.0,1,1.0,1.0,8,0.0,06-08507,64.0,0,2,501,2.0
2.0,1,1.0,1.0,8,0.0,08-00803,31.0,0,2,501,2.0
2.0,1,1.0,1.0,8,0.0,08-00803,31.0,0,2,501,2.0
2.0,1,1.0,1.0,8,0.0,08-00803,31.0,0,2,501,2.0
2.0,1,1.0,1.0,8,0.0,24-01004,32.0,0,2,501,2.0
2.0,1,1.0,1.0,8,0.0,24-01004,32.0,0,2,501,2.0
2.0,1,1.0,1.0,8,0.0,24-01004,32.0,0,2,501,2.0
2.0,1,1.0,1.0,8,0.0,24-01004,32.0,0,2,501,2.0
2.0,1,1.0,1.0,8,0.0,24-01004,32.0,0,2,501,2.0
2.0,1,1.0,1.0,9,0.0,30-00600,54.0,0,2,501,2.0
2.0,1,1.0,1.0,9,0.0,30-00600,54.0,0,2,501,2.0
2.0,1,1.0,1.0,9,0.0,30-00600,66.0,0,2,501,2.0
2.0,1,1.0,1.0,9,0.0,30-00600,66.0,0,2,501,2.0
2.0,1,1.0,1.0,9,0.0,30-00600,66.0,0,2,501,2.0
2.0,1,1.0,1.0,9,0.0,30-00600,67.0,0,2,501,2.0
2.0,1,1.0,1.0,9,0.0,30-00600,67.0,0,2,501,2.0
2.0,1,1.0,1.0,9,0.0,30-00600,67.0,0,2,501,2.0
2.0,1,1.0,1.0,9,0.0,30-00600,67.0,0,2,501,2.0
2.0,1,1.0,1.0,9,0.0,38-00100,58.0,0,2,501,2.0
2.0,1,1.0,1.0,9,0.0,38-00100,58.0,0,2,501,2.0
2.0,1,1.0,1.0,9,0.0,38-00100,58.0,0,2,501,2.0
2.0,1,1.0,1.0,9,0.0,38-00100,58.0,0,2,501,2.0
2.0,1,1.0,1.0,9,0.0,38-00100,58.0,0,3,501,2.0
2.0,1,1.0,1.0,9,0.0,51-51255,28.0,0,2,501,2.0
2.0,1,1.0,1.0,9,0.0,51-51255,28.0,0,2,501,2.0
2.0,1,1.0,1.0,9,0.0,51-51255,28.0,0,2,501,2.0
2.0,1,1.0,1.0,9,0.0,51-51255,28.0,0,2,501,2.0
2.0,1,1.0,1.0,9,0.0,51-51255,28.0,0,2,501,2.0
2.0,1,1.0,1.0,9,0.0,51-51255,35.0,0,4,501,2.0
2.0,1,1.0,1.0,9,0.0,51-51255,35.0,0,4,501,2.0
2.0,1,1.0,1.0,9,0.0,51-51255,37.0,0,2,501,2.0
2.0,1,1.0,1.0,9,0.0,51-51255,37.0,0,2,501,2.0
2.0,1,1.0,1.0,9,0.0,51-51255,39.0,2,4,501,2.0
2.0,1,1.0,1.0,9,0.0,51-51255,39.0,2,4,501,2.0
2.0,1,1.0,1.0,9,0.0,51-51255,39.0,2,4,501,2.0
2.0,1,1.0,1.0,9,0.0,51-51255,39.0,2,4,501,2.0
2.0,1,1.0,1.0,9,0.0,06-08507,41.0,0,3,501,2.0
2.0,1,1.0,1.0,9,0.0,06-08507,41.0,0,3,501,2.0
2.0,1,1.0,1.0,9,0.0,06-08507,41.0,0,3,501,2.0
2.0,1,1.0,1.0,9,0.0,06-08507,41.0,0,3,501,2.0
2.0,1,1.0,1.0,9,0.0,06-08507,41.0,0,3,501,2.0
2.0,1,1.0,1.0,9,0.0,06-08507,41.0,2,4,501,2.0
2.0,1,1.0,1.0,9,0.0,06-08507,41.0,2,4,501,2.0
2.0,1,1.0,1.0,9,0.0,06-08507,41.0,2,4,501,2.0
2.0,1,1.0,1.0,9,0.0,17-03529,39.0,0,5,501,2.0
2.0,1,1.0,1.0,9,0.0,17-03529,45.0,0,2,501,2.0
2.0,1,1.0,1.0,9,0.0,17-03529,45.0,0,2,501,2.0
2.0,1,1.0,1.0,9,0.0,17-03529,45.0,0,2,501,2.0
2.0,1,1.0,1.0,9,0.0,17-03529,67.0,0,2,501,2.0
2.0,1,1.0,1.0,9,0.0,17-03529,67.0,0,2,501,2.0
2.0,1,1.0,1.0,9,0.0,17-03529,67.0,0,2,501,2.0
2.0,1,1.0,1.0,9,0.0,17-03529,67.0,0,2,501,2.0
2.0,1,1.0,1.0,9,0.0,24-01004,36.0,1,4,501,2.0
2.0,1,1.0,1.0,9,0.0,24-01004,46.0,0,4,501,2.0
2.0,1,1.0,1.0,9,0.0,24-01004,46.0,0,4,501,2.0
2.0,1,1.0,1.0,9,0.0,24-01004,46.0,0,4,501,2.0
2.0,1,1.0,1.0,9,0.0,24-01004,46.0,0,4,501,2.0
2.0,1,1.0,1.0,9,0.0,24-01004,55.0,0,2,501,2.0
2.0,1,1.0,1.0,9,0.0,24-01004,55.0,0,2,501,2.0
2.0,1,1.0,1.0,9,0.0,24-01004,55.0,0,2,501,2.0
2.0,1,1.0,1.0,9,0.0,24-01004,57.0,0,2,501,2.0
2.0,1,1.0,1.0,9,0.0,24-01004,57.0,0,2,501,2.0
2.0,1,1.0,1.0,9,0.0,24-01004,57.0,0,2,501,2.0
2.0,1,1.0,1.0,9,0.0,24-01004,57.0,0,2,501,2.0
2.0,1,1.0,1.0,9,0.0,24-01004,57.0,0,2,501,2.0
2.0,1,1.0,1.0,9,0.0,24-01004,57.0,0,2,501,2.0
2.0,1,1.0,1.0,9,0.0,24-01004,57.0,0,2,501,2.0
2.0,1,1.0,1.0,9,0.0,24-01004,57.0,0,2,501,2.0
2.0,1,1.0,1.0,9,0.0,24-01004,76.0,0,2,501,2.0
2.0,1,1.0,1.0,9,0.0,24-01004,76.0,0,2,501,2.0
2.0,1,1.0,1.0,9,0.0,24-01004,76.0,0,2,501,2.0
2.0,1,1.0,1.0,9,0.0,26-02702,67.0,0,2,501,2.0
2.0,1,1.0,1.0,9,0.0,26-02702,67.0,0,2,501,2.0
2.0,1,1.0,2.0,0,0.0,36-03710,32.0,0,2,501,2.0
2.0,1,1.0,2.0,0,0.0,36-03710,32.0,0,2,501,2.0
2.0,1,1.0,2.0,0,0.0,36-03710,32.0,0,2,501,2.0
2.0,1,1.0,2.0,0,0.0,08-00803,31.0,0,2,501,2.0
2.0,1,1.0,2.0,0,0.0,24-01004,46.0,0,2,501,2.0
2.0,1,1.0,2.0,0,0.0,24-01004,46.0,0,2,501,2.0
2.0,1,1.0,2.0,2,0.0,38-00100,39.0,0,2,501,2.0
2.0,1,1.0,2.0,2,0.0,38-00100,39.0,0,2,501,2.0
2.0,1,1.0,2.0,2,0.0,38-00100,39.0,0,4,501,2.0
2.0,1,1.0,2.0,3,0.0,38-00100,64.0,0,2,501,2.0
2.0,1,1.0,2.0,3,0.0,38-00100,64.0,0,2,501,2.0
2.0,1,1.0,2.0,3,0.0,06-08507,64.0,0,2,501,2.0
2.0,1,1.0,2.0,5,0.0,24-01004,55.0,0,2,501,2.0
2.0,1,1.0,2.0,6,0.0,06-07502,32.0,0,2,501,2.0
2.0,1,1.0,2.0,6,0.0,06-07502,32.0,0,2,501,2.0
2.0,1,1.0,2.0,6,0.0,06-07502,32.0,0,2,501,2.0
2.0,1,1.0,2.0,7,0.0,38-00100,34.0,0,3,501,2.0
2.0,1,1.0,2.0,7,0.0,38-00100,68.0,0,2,501,2.0
2.0,1,1.0,2.0,7,0.0,38-00100,68.0,0,2,501,2.0
2.0,1,1.0,2.0,7,0.0,38-00100,68.0,0,2,501,2.0
2.0,1,1.0,2.0,7,0.0,38-00100,68.0,0,2,501,2.0
2.0,1,1.0,2.0,7,0.0,24-01004,44.0,2,4,501,2.0
2.0,1,1.0,2.0,8,0.0,08-00803,31.0,0,2,501,2.0
2.0,1,1.0,2.0,8,0.0,08-00803,31.0,0,2,501,2.0
2.0,1,1.0,2.0,8,0.0,24-01004,35.0,0,2,501,2.0
2.0,1,1.0,2.0,8,0.0,24-01004,35.0,0,2,501,2.0
2.0,1,1.0,2.0,8,0.0,24-01004,35.0,0,2,501,2.0
2.0,1,1.0,2.0,9,0.0,30-00600,67.0,0,2,501,2.0
2.0,1,1.0,2.0,9,0.0,30-00600,67.0,0,2,501,2.0
2.0,1,1.0,2.0,9,0.0,30-00600,67.0,0,2,501,2.0
2.0,1,1.0,2.0,9,0.0,51-51255,37.0,0,2,501,2.0
2.0,1,1.0,2.0,9,0.0,24-01004,35.0,0,2,501,2.0
2.0,1,1.0,2.0,9,0.0,24-01004,35.0,0,2,501,2.0
2.0,1,1.0,2.0,9,0.0,24-01004,35.0,0,2,501,2.0
2.0,1,1.0,2.0,9,0.0,24-01004,35.0,0,2,501,2.0
2.0,1,1.0,2.0,9,0.0,24-01004,35.0,0,2,501,2.0
2.0,1,1.0,2.0,9,0.0,24-01004,35.0,0,2,501,2.0
2.0,1,1.0,2.0,9,0.0,24-01004,35.0,0,3,501,2.0
2.0,1,1.0,2.0,9,0.0,24-01004,35.0,0,4,501,2.0
2.0,1,1.0,2.0,9,0.0,24-01004,35.0,0,4,501,2.0
2.0,1,1.0,2.0,9,0.0,24-01004,35.0,0,4,501,2.0
2.0,1,1.0,2.0,9,0.0,24-01004,36.0,1,4,501,2.0
2.0,1,2.0,1.0,0,0.0,36-04010,61.0,0,2,501,2.0
2.0,1,2.0,1.0,4,0.0,24-01004,65.0,0,3,501,2.0
2.0,1,2.0,1.0,4,0.0,24-01004,65.0,0,3,501,2.0
2.0,1,2.0,1.0,4,0.0,24-01004,65.0,0,3,501,2.0
2.0,1,2.0,1.0,5,0.0,17-03529,67.0,0,2,501,2.0
2.0,1,2.0,1.0,9,0.0,51-51255,37.0,0,2,501,2.0
2.0,1,2.0,1.0,9,0.0,17-03529,45.0,0,2,501,2.0
2.0,1,2.0,1.0,9,0.0,17-03529,45.0,0,2,501,2.0
2.0,1,2.0,1.0,9,0.0,17-03529,45.0,0,2,501,2.0
2.0,1,2.0,1.0,9,0.0,17-03529,45.0,0,2,501,2.0
2.0,1,2.0,1.0,9,0.0,24-01004,55.0,0,2,501,2.0
2.0,1,2.0,1.0,9,0.0,24-01004,55.0,0,2,501,2.0
2.0,1,2.0,1.0,9,0.0,24-01004,55.0,0,2,501,2.0
2.0,1,2.0,1.0,9,0.0,24-01004,55.0,0,2,501,2.0
2.0,1,2.0,1.0,9,0.0,24-01004,55.0,0,2,501,2.0
2.0,1,2.0,1.0,9,0.0,24-01004,55.0,0,2,501,2.0
2.0,1,2.0,1.0,9,0.0,24-01004,55.0,0,2,501,2.0
2.0,1,2.0,2.0,9,0.0,51-51255,37.0,0,2,501,2.0
2.0,1,6.0,1.0,8,0.0,06-08507,44.0,2,4,501,2.0
2.0,1,6.0,1.0,8,0.0,06-08507,45.0,0,3,501,2.0
2.0,1,6.0,1.0,8,0.0,06-08507,45.0,0,4,501,2.0
2.0,1,6.0,1.0,8,0.0,06-08507,45.0,0,4,501,2.0
2.0,3,1.0,1.0,3,0.0,24-01004,74.0,0,2,501,2.0
2.0,3,1.0,1.0,3,0.0,24-01004,74.0,0,2,501,2.0
2.0,4,1.0,1.0,5,0.0,24-01004,56.0,0,N,501,2.0
2.0,4,1.0,1.0,5,0.0,24-01004,56.0,0,N,501,2.0
2.0,4,1.0,1.0,5,0.0,24-01004,56.0,0,N,501,2.0
2.0,4,1.0,1.0,5,0.0,24-01004,56.0,0,N,501,2.0
2.0,4,1.0,1.0,5,0.0,24-01004,56.0,0,N,501,2.0
2.0,4,2.0,1.0,4,0.0,24-01004,65.0,0,3,501,2.0
2.0,4,2.0,1.0,4,0.0,24-01004,65.0,0,3,501,2.0
2.0,6,1.0,0.0,0,0.0,28-01100,19.0,N,N,N,2.0
2.0,6,1.0,0.0,0,0.0,28-01100,19.0,N,N,N,2.0
2.0,6,1.0,0.0,0,0.0,28-01100,19.0,N,N,N,2.0
2.0,6,1.0,0.0,0,0.0,08-00803,18.0,N,N,N,2.0
2.0,6,1.0,0.0,0,0.0,08-00803,18.0,N,N,N,2.0
2.0,6,1.0,0.0,0,0.0,08-00803,18.0,N,N,N,2.0
2.0,6,1.0,0.0,0,0.0,08-00803,18.0,N,N,N,2.0
2.0,6,1.0,0.0,0,0.0,08-00803,19.0,N,N,N,2.0
2.0,6,1.0,0.0,0,0.0,08-00803,19.0,N,N,N,2.0
2.0,6,1.0,0.0,0,0.0,13-04600,18.0,N,N,N,2.0
2.0,6,1.0,0.0,0,0.0,13-04600,18.0,N,N,N,2.0
2.0,6,1.0,0.0,0,0.0,13-04600,18.0,N,N,N,2.0
2.0,6,1.0,0.0,0,0.0,13-04600,18.0,N,N,N,2.0
2.0,6,1.0,0.0,0,0.0,13-04600,18.0,N,N,N,2.0
2.0,6,1.0,0.0,0,0.0,13-04600,19.0,N,N,N,2.0
2.0,6,1.0,0.0,0,0.0,13-04600,19.0,N,N,N,2.0
2.0,6,1.0,0.0,0,0.0,13-04600,19.0,N,N,N,2.0
2.0,6,1.0,0.0,0,0.0,13-04600,19.0,N,N,N,2.0
2.0,6,1.0,0.0,0,0.0,13-04600,19.0,N,N,N,2.0
2.0,6,1.0,0.0,0,0.0,13-04600,19.0,N,N,N,2.0
2.0,6,1.0,0.0,0,0.0,13-04600,20.0,N,N,N,2.0
2.0,6,1.0,0.0,0,0.0,13-04600,20.0,N,N,N,2.0
2.0,6,1.0,0.0,0,0.0,13-04600,20.0,N,N,N,2.0
2.0,6,1.0,0.0,0,0.0,26-02702,19.0,N,N,N,2.0
2.0,6,1.0,0.0,1,0.0,08-00803,18.0,N,N,N,2.0
2.0,6,1.0,0.0,1,0.0,08-00803,18.0,N,N,N,2.0
2.0,6,1.0,0.0,1,0.0,08-00803,18.0,N,N,N,2.0
2.0,6,1.0,0.0,1,0.0,08-00803,18.0,N,N,N,2.0
2.0,6,1.0,0.0,1,0.0,08-00803,18.0,N,N,N,2.0
2.0,6,1.0,0.0,1,0.0,08-00803,18.0,N,N,N,2.0
2.0,6,1.0,0.0,1,0.0,08-00803,18.0,N,N,N,2.0
2.0,6,1.0,0.0,1,0.0,08-00803,19.0,N,N,N,2.0
2.0,6,1.0,0.0,1,0.0,08-00803,19.0,N,N,N,2.0
2.0,6,1.0,0.0,1,0.0,08-00803,19.0,N,N,N,2.0
2.0,6,1.0,0.0,1,0.0,08-00803,19.0,N,N,N,2.0
2.0,6,1.0,0.0,1,0.0,08-00803,19.0,N,N,N,2.0
2.0,6,1.0,0.0,1,0.0,26-02702,19.0,N,N,N,2.0
2.0,6,1.0,0.0,1,0.0,26-02702,19.0,N,N,N,2.0
2.0,6,1.0,0.0,3,0.0,08-00803,18.0,N,N,N,2.0
2.0,6,1.0,0.0,3,0.0,08-00803,18.0,N,N,N,2.0
2.0,6,1.0,0.0,3,0.0,08-00803,18.0,N,N,N,2.0
2.0,6,1.0,0.0,3,0.0,08-00803,18.0,N,N,N,2.0
2.0,6,1.0,0.0,3,0.0,08-00803,18.0,N,N,N,2.0
2.0,6,1.0,1.0,0,0.0,06-08507,15.0,2,5,501,2.0
2.0,6,1.0,1.0,0,0.0,06-08507,15.0,2,5,501,2.0
2.0,6,1.0,1.0,0,0.0,08-00803,31.0,0,2,501,2.0
2.0,6,1.0,1.0,0,0.0,08-00803,31.0,0,2,501,2.0
2.0,6,1.0,1.0,0,0.0,24-01004,22.0,0,N,501,2.0
2.0,6,1.0,1.0,0,0.0,24-01004,46.0,0,2,501,2.0
2.0,6,1.0,1.0,0,0.0,24-01004,46.0,0,2,501,2.0
2.0,6,1.0,1.0,0,0.0,24-01004,46.0,0,2,501,2.0
2.0,6,1.0,1.0,0,0.0,24-01004,46.0,2,3,501,2.0
2.0,6,1.0,1.0,2,0.0,24-01004,61.0,0,N,501,2.0
2.0,6,1.0,1.0,2,0.0,24-01004,61.0,0,N,501,2.0
2.0,6,1.0,1.0,2,0.0,24-01004,61.0,0,N,501,2.0
2.0,6,1.0,1.0,2,0.0,24-01004,61.0,0,N,501,2.0
2.0,6,1.0,1.0,2,0.0,24-01004,61.0,0,N,501,2.0
2.0,6,1.0,1.0,2,0.0,24-01004,61.0,0,2,501,2.0
2.0,6,1.0,1.0,7,0.0,06-07502,26.0,0,N,501,2.0
2.0,6,1.0,1.0,7,0.0,06-07502,26.0,0,N,501,2.0
2.0,6,1.0,1.0,7,0.0,06-07502,26.0,0,N,501,2.0
2.0,6,1.0,1.0,7,0.0,06-07502,26.0,0,N,501,2.0
2.0,6,1.0,1.0,7,0.0,51-01301,31.0,0,N,501,2.0
2.0,6,1.0,1.0,7,0.0,51-01301,31.0,0,N,501,2.0
2.0,6,1.0,1.0,7,0.0,51-01301,31.0,0,N,501,2.0
2.0,6,1.0,1.0,7,0.0,51-51255,31.0,0,N,501,2.0
2.0,6,1.0,1.0,7,0.0,51-51255,31.0,0,N,501,2.0
2.0,6,1.0,1.0,7,0.0,51-51255,37.0,0,2,501,2.0
2.0,6,1.0,1.0,7,0.0,51-51255,37.0,0,2,501,2.0
2.0,6,1.0,1.0,7,0.0,17-03529,30.0,0,5,501,2.0
2.0,6,1.0,1.0,7,0.0,17-03529,30.0,0,5,501,2.0
2.0,6,1.0,1.0,7,0.0,26-02702,27.0,0,N,501,2.0
2.0,6,1.0,1.0,8,0.0,51-51255,31.0,0,N,501,2.0
2.0,6,1.0,1.0,8,0.0,51-51255,31.0,0,N,501,2.0
2.0,6,1.0,1.0,8,0.0,51-51255,31.0,0,2,501,2.0
2.0,6,1.0,1.0,8,0.0,51-51255,31.0,0,2,501,2.0
2.0,6,1.0,1.0,8,0.0,51-51255,35.0,0,N,501,2.0
2.0,6,1.0,1.0,8,0.0,51-51255,35.0,0,N,501,2.0
2.0,6,1.0,1.0,8,0.0,51-51255,35.0,0,N,501,2.0
2.0,6,1.0,1.0,8,0.0,51-51255,35.0,0,N,501,2.0
2.0,6,1.0,1.0,8,0.0,51-51255,35.0,0,N,501,2.0
2.0,6,1.0,1.0,8,0.0,08-00803,31.0,0,2,501,2.0
2.0,6,1.0,1.0,8,0.0,08-00803,31.0,0,2,501,2.0
2.0,6,1.0,1.0,8,0.0,26-02702,27.0,0,N,501,2.0
2.0,6,1.0,1.0,8,0.0,26-02702,27.0,0,N,501,2.0
2.0,6,1.0,1.0,8,0.0,26-02702,27.0,0,N,501,2.0
2.0,6,1.0,1.0,8,0.0,26-02702,27.0,0,N,501,2.0
2.0,6,1.0,1.0,8,0.0,26-02702,27.0,0,N,501,2.0
2.0,6,1.0,1.0,9,0.0,30-00600,57.0,0,N,501,2.0
2.0,6,1.0,1.0,9,0.0,30-00600,57.0,0,N,501,2.0
2.0,6,1.0,1.0,9,0.0,30-00600,57.0,0,N,501,2.0
2.0,6,1.0,1.0,9,0.0,30-00600,57.0,0,N,501,2.0
2.0,6,1.0,1.0,9,0.0,30-00600,57.0,0,N,501,2.0
2.0,6,1.0,1.0,9,0.0,30-00600,57.0,0,N,501,2.0
2.0,6,1.0,1.0,9,0.0,30-00600,57.0,0,N,501,2.0
2.0,6,1.0,1.0,9,0.0,51-51255,35.0,0,N,501,2.0
2.0,6,1.0,1.0,9,0.0,51-51255,35.0,0,N,501,2.0
2.0,6,1.0,1.0,9,0.0,51-51255,37.0,0,2,501,2.0
2.0,6,1.0,1.0,9,0.0,51-51255,37.0,0,2,501,2.0
2.0,6,1.0,1.0,9,0.0,51-51255,58.0,0,N,501,2.0
2.0,6,1.0,1.0,9,0.0,51-51255,58.0,0,4,501,2.0
2.0,6,1.0,1.0,9,0.0,51-51255,58.0,0,4,501,2.0
2.0,6,1.0,2.0,0,0.0,28-01100,40.0,0,N,501,2.0
2.0,6,1.0,2.0,0,0.0,28-01100,40.0,0,N,501,2.0
2.0,6,1.0,2.0,0,0.0,28-01100,40.0,0,N,501,2.0
2.0,6,1.0,2.0,0,0.0,28-01100,40.0,0,N,501,2.0
2.0,6,1.0,2.0,0,0.0,28-01100,40.0,0,N,501,2.0
2.0,6,1.0,2.0,0,0.0,28-01100,40.0,0,N,501,2.0
2.0,6,1.0,2.0,0,0.0,28-01100,40.0,0,N,501,2.0
2.0,6,1.0,2.0,0,0.0,28-01100,40.0,0,N,501,2.0
2.0,6,1.0,2.0,0,0.0,24-01004,22.0,0,N,501,2.0
2.0,6,1.0,2.0,0,0.0,24-01004,22.0,0,N,501,2.0
2.0,6,1.0,2.0,0,0.0,24-01004,22.0,0,N,501,2.0
2.0,6,1.0,2.0,0,0.0,24-01004,46.0,0,2,501,2.0
2.0,6,1.0,2.0,0,0.0,24-01004,46.0,0,2,501,2.0
2.0,6,1.0,2.0,4,0.0,51-51255,37.0,0,2,501,2.0
2.0,6,1.0,2.0,6,0.0,24-01004,28.0,0,N,501,2.0
2.0,6,1.0,2.0,6,0.0,24-01004,28.0,0,N,501,2.0
2.0,6,1.0,2.0,6,0.0,24-01004,28.0,0,N,501,2.0
2.0,6,1.0,2.0,6,0.0,24-01004,28.0,0,N,501,2.0
2.0,6,1.0,2.0,6,0.0,24-01004,28.0,0,N,501,2.0
2.0,6,1.0,2.0,6,0.0,24-01004,28.0,0,N,501,2.0
2.0,6,1.0,2.0,6,0.0,24-01004,28.0,0,N,501,2.0
2.0,6,1.0,2.0,6,0.0,24-01004,28.0,0,N,501,2.0
2.0,6,1.0,2.0,7,0.0,06-07502,26.0,0,N,501,2.0
2.0,6,1.0,2.0,7,0.0,06-07502,28.0,0,2,501,2.0
2.0,6,1.0,2.0,7,0.0,38-00100,34.0,0,3,501,2.0
2.0,6,1.0,2.0,7,0.0,51-01301,31.0,0,N,501,2.0
2.0,6,1.0,2.0,7,0.0,51-51255,37.0,0,2,501,2.0
2.0,6,1.0,2.0,7,0.0,51-51255,37.0,0,2,501,2.0
2.0,6,1.0,2.0,7,0.0,19-01700,31.0,0,N,501,2.0
2.0,6,1.0,2.0,7,0.0,24-01004,28.0,0,N,501,2.0
2.0,6,1.0,2.0,7,0.0,24-01004,28.0,0,N,501,2.0
2.0,6,1.0,2.0,7,0.0,24-01004,28.0,0,N,501,2.0
2.0,6,1.0,2.0,7,0.0,26-02702,28.0,0,N,501,2.0
2.0,6,1.0,2.0,8,0.0,06-07502,29.0,0,N,501,2.0
2.0,6,1.0,2.0,8,0.0,51-51255,31.0,0,N,501,2.0
2.0,6,1.0,2.0,8,0.0,51-51255,31.0,0,N,501,2.0
2.0,6,1.0,2.0,8,0.0,51-51255,31.0,0,2,501,2.0
2.0,6,1.0,2.0,8,0.0,51-51255,31.0,0,2,501,2.0
2.0,6,1.0,2.0,8,0.0,51-51255,35.0,0,N,501,2.0
2.0,6,1.0,2.0,8,0.0,08-00803,31.0,0,2,501,2.0
2.0,6,1.0,2.0,8,0.0,08-00803,31.0,0,2,501,2.0
2.0,6,1.0,2.0,8,0.0,17-03529,30.0,0,2,501,2.0
2.0,6,1.0,2.0,8,0.0,17-03529,30.0,0,2,501,2.0
2.0,6,1.0,2.0,8,0.0,17-03529,30.0,0,2,501,2.0
2.0,6,1.0,2.0,8,0.0,26-02702,27.0,0,N,501,2.0
2.0,6,1.0,2.0,8,0.0,26-02702,28.0,0,N,501,2.0
2.0,6,1.0,2.0,8,0.0,26-02702,28.0,0,N,501,2.0
2.0,6,1.0,2.0,8,0.0,26-02702,28.0,0,N,501,2.0
2.0,6,1.0,2.0,8,0.0,26-02702,28.0,0,2,501,2.0
2.0,6,1.0,2.0,9,0.0,06-07502,29.0,0,N,501,2.0
2.0,6,1.0,2.0,9,0.0,06-07502,29.0,0,N,501,2.0
2.0,6,1.0,2.0,9,0.0,06-07502,29.0,0,N,501,2.0
2.0,6,1.0,2.0,9,0.0,06-07502,29.0,0,N,501,2.0
2.0,6,1.0,2.0,9,0.0,06-07502,29.0,0,N,501,2.0
2.0,6,1.0,2.0,9,0.0,51-51255,35.0,0,N,501,2.0
2.0,6,1.0,2.0,9,0.0,51-51255,35.0,0,N,501,2.0
2.0,6,1.0,2.0,9,0.0,51-51255,35.0,0,N,501,2.0
2.0,6,1.0,2.0,9,0.0,51-51255,37.0,0,2,501,2.0
2.0,6,1.0,2.0,9,0.0,51-51255,58.0,0,N,501,2.0
2.0,6,2.0,0.0,0,0.0,28-01100,19.0,N,N,N,2.0
2.0,6,2.0,0.0,0,0.0,28-01100,19.0,N,N,N,2.0
2.0,6,2.0,0.0,0,0.0,28-01100,19.0,N,N,N,2.0
2.0,6,2.0,0.0,0,0.0,13-04600,18.0,N,N,N,2.0
2.0,6,2.0,0.0,0,0.0,13-04600,18.0,N,N,N,2.0
2.0,6,2.0,0.0,0,0.0,13-04600,18.0,N,N,N,2.0
2.0,6,2.0,0.0,0,0.0,13-04600,18.0,N,N,N,2.0
2.0,6,2.0,0.0,0,0.0,13-04600,18.0,N,N,N,2.0
2.0,6,2.0,0.0,0,0.0,13-04600,19.0,N,N,N,2.0
2.0,6,2.0,0.0,0,0.0,13-04600,20.0,N,N,N,2.0
2.0,6,2.0,0.0,0,0.0,13-04600,20.0,N,N,N,2.0
2.0,6,2.0,0.0,0,0.0,13-04600,20.0,N,N,N,2.0
2.0,6,2.0,0.0,0,0.0,13-04600,21.0,N,N,N,2.0
2.0,6,2.0,0.0,0,0.0,13-04600,21.0,N,N,N,2.0
2.0,6,2.0,0.0,0,0.0,13-04600,21.0,N,N,N,2.0
2.0,6,2.0,0.0,0,0.0,26-02702,19.0,N,N,N,2.0
2.0,6,2.0,0.0,0,0.0,26-02702,19.0,N,N,N,2.0
2.0,6,2.0,0.0,0,0.0,26-02702,19.0,N,N,N,2.0
2.0,6,2.0,0.0,2,0.0,01-01301,20.0,N,N,N,2.0
2.0,6,2.0,0.0,2,0.0,01-01301,20.0,N,N,N,2.0
2.0,6,2.0,0.0,2,0.0,01-01301,20.0,N,N,N,2.0
2.0,6,2.0,0.0,2,0.0,01-01301,20.0,N,N,N,2.0
2.0,6,2.0,1.0,0,0.0,36-04010,61.0,0,2,501,2.0
2.0,6,2.0,1.0,4,0.0,24-01004,65.0,0,3,501,2.0
2.0,6,2.0,1.0,5,0.0,17-03529,67.0,0,2,501,2.0
2.0,6,2.0,1.0,7,0.0,51-01301,31.0,0,N,501,2.0
2.0,6,2.0,1.0,7,0.0,51-51255,41.0,0,N,501,2.0
2.0,6,2.0,1.0,7,0.0,51-51255,41.0,0,2,501,2.0
2.0,6,2.0,1.0,7,0.0,51-51255,41.0,0,2,501,2.0
2.0,6,2.0,1.0,7,0.0,13-04600,21.0,0,4,501,2.0
2.0,6,2.0,1.0,7,0.0,13-04600,21.0,0,4,501,2.0
2.0,6,2.0,1.0,8,0.0,51-51255,31.0,0,N,501,2.0
2.0,6,2.0,1.0,8,0.0,51-51255,31.0,0,N,501,2.0
2.0,6,2.0,1.0,8,0.0,51-51255,31.0,0,N,501,2.0
2.0,6,2.0,1.0,8,0.0,51-51255,31.0,0,N,501,2.0
2.0,6,2.0,1.0,8,0.0,51-51255,31.0,0,N,501,2.0
2.0,6,2.0,1.0,9,0.0,51-51255,37.0,0,2,501,2.0
2.0,6,2.0,1.0,9,0.0,51-51255,37.0,0,2,501,2.0
2.0,6,2.0,1.0,9,0.0,51-51255,58.0,0,N,501,2.0
2.0,6,2.0,2.0,4,0.0,51-51255,37.0,0,2,501,2.0
2.0,6,2.0,2.0,7,0.0,51-01301,31.0,0,N,501,2.0
2.0,6,2.0,2.0,7,0.0,51-51255,31.0,0,N,501,2.0
2.0,6,2.0,2.0,7,0.0,51-51255,37.0,0,2,501,2.0
2.0,6,2.0,2.0,7,0.0,51-51255,41.0,0,N,501,2.0
2.0,6,2.0,2.0,8,0.0,51-51255,31.0,0,N,501,2.0
2.0,6,2.0,2.0,9,0.0,51-51255,37.0,0,2,501,2.0
2.0,6,2.0,2.0,9,0.0,51-51255,58.0,0,N,501,2.0
2.0,6,2.0,2.0,9,0.0,51-51255,58.0,0,N,501,2.0
2.0,6,2.0,2.0,9,0.0,51-51255,58.0,0,N,501,2.0
2.0,6,2.0,2.0,9,0.0,51-51255,58.0,0,N,501,2.0
2.0,N,1.0,1.0,N,0.0,30-00600,11.0,2,4,501,2.0
2.0,N,1.0,1.0,N,0.0,30-00600,11.0,2,4,501,2.0
2.0,N,1.0,1.0,N,0.0,30-00600,11.0,2,4,501,2.0
2.0,N,1.0,1.0,N,0.0,30-00600,11.0,2,4,501,2.0
2.0,N,1.0,1.0,N,0.0,30-00600,11.0,2,4,501,2.0
2.0,N,1.0,1.0,N,0.0,30-00600,11.0,2,4,501,2.0
2.0,N,1.0,1.0,N,0.0,30-00600,11.0,2,4,501,2.0
2.0,N,1.0,1.0,N,0.0,30-00600,11.0,2,4,501,2.0
2.0,N,1.0,1.0,N,0.0,30-00600,11.0,2,4,501,2.0
2.0,N,1.0,1.0,N,0.0,30-00600,6.0,2,4,501,2.0
2.0,N,1.0,1.0,N,0.0,30-00600,6.0,2,4,501,2.0
2.0,N,1.0,1.0,N,0.0,30-00600,6.0,2,5,501,2.0
2.0,N,1.0,1.0,N,0.0,30-00600,6.0,2,5,501,2.0
2.0,N,1.0,1.0,N,0.0,30-00600,6.0,2,5,501,2.0
2.0,N,1.0,1.0,N,0.0,30-00600,6.0,2,5,501,2.0
2.0,N,1.0,1.0,N,0.0,30-00600,6.0,2,5,501,2.0
2.0,N,1.0,1.0,N,0.0,30-00600,8.0,2,5,501,2.0
2.0,N,1.0,1.0,N,0.0,38-00100,0.0,3,4,501,2.0
2.0,N,1.0,1.0,N,0.0,38-00100,0.0,3,4,501,2.0
2.0,N,1.0,1.0,N,0.0,38-00100,1.0,2,4,501,2.0
2.0,N,1.0,1.0,N,0.0,38-00100,1.0,2,4,501,2.0
2.0,N,1.0,1.0,N,0.0,38-00100,1.0,2,4,501,2.0
2.0,N,1.0,1.0,N,0.0,38-00100,1.0,2,4,501,2.0
2.0,N,1.0,1.0,N,0.0,38-00100,13.0,2,4,501,2.0
2.0,N,1.0,1.0,N,0.0,38-00100,13.0,2,4,501,2.0
2.0,N,1.0,1.0,N,0.0,38-00100,13.0,2,4,501,2.0
2.0,N,1.0,1.0,N,0.0,38-00100,13.0,3,4,501,2.0
2.0,N,1.0,1.0,N,0.0,38-00100,13.0,3,4,501,2.0
2.0,N,1.0,1.0,N,0.0,38-00100,3.0,2,4,501,2.0
2.0,N,1.0,1.0,N,0.0,38-00100,3.0,2,4,501,2.0
2.0,N,1.0,1.0,N,0.0,38-00100,3.0,2,4,501,2.0
2.0,N,1.0,1.0,N,0.0,51-01301,14.0,1,3,501,2.0
2.0,N,1.0,1.0,N,0.0,51-01301,14.0,1,3,501,2.0
2.0,N,1.0,1.0,N,0.0,51-01301,14.0,1,3,501,2.0
2.0,N,1.0,1.0,N,0.0,51-01301,14.0,1,3,501,2.0
2.0,N,1.0,1.0,N,0.0,51-01301,14.0,1,3,501,2.0
2.0,N,1.0,1.0,N,0.0,51-01301,14.0,1,4,501,2.0
2.0,N,1.0,1.0,N,0.0,51-01301,14.0,1,4,501,2.0
2.0,N,1.0,1.0,N,0.0,51-01301,14.0,2,3,501,2.0
2.0,N,1.0,1.0,N,0.0,51-01301,14.0,2,3,501,2.0
2.0,N,1.0,1.0,N,0.0,51-01301,14.0,2,3,501,2.0
2.0,N,1.0,1.0,N,0.0,51-01301,14.0,2,4,501,2.0
2.0,N,1.0,1.0,N,0.0,51-01301,14.0,2,4,501,2.0
2.0,N,1.0,1.0,N,0.0,51-51255,2.0,2,4,501,2.0
2.0,N,1.0,1.0,N,0.0,51-51255,2.0,2,4,501,2.0
2.0,N,1.0,1.0,N,0.0,51-51255,2.0,2,4,501,2.0
2.0,N,1.0,1.0,N,0.0,51-51255,4.0,2,3,501,2.0
2.0,N,1.0,1.0,N,0.0,51-51255,4.0,2,3,501,2.0
2.0,N,1.0,1.0,N,0.0,51-51255,4.0,2,3,501,2.0
2.0,N,1.0,1.0,N,0.0,51-51255,4.0,2,4,501,2.0
2.0,N,1.0,1.0,N,0.0,51-51255,4.0,2,4,501,2.0
2.0,N,1.0,1.0,N,0.0,51-51255,4.0,2,4,501,2.0
2.0,N,1.0,1.0,N,0.0,06-08507,10.0,2,4,501,2.0
2.0,N,1.0,1.0,N,0.0,06-08507,10.0,2,4,501,2.0
2.0,N,1.0,1.0,N,0.0,06-08507,10.0,2,5,501,2.0
2.0,N,1.0,1.0,N,0.0,06-08507,10.0,2,5,501,2.0
2.0,N,1.0,1.0,N,0.0,06-08507,10.0,3,5,501,2.0
2.0,N,1.0,1.0,N,0.0,06-08507,11.0,2,4,501,2.0
2.0,N,1.0,1.0,N,0.0,06-08507,11.0,2,4,501,2.0
2.0,N,1.0,1.0,N,0.0,06-08507,9.0,3,5,501,2.0
2.0,N,1.0,1.0,N,0.0,06-08507,9.0,3,5,501,2.0
2.0,N,1.0,1.0,N,0.0,06-08507,9.0,3,5,501,2.0
2.0,N,1.0,1.0,N,0.0,17-03529,10.0,0,4,501,2.0
2.0,N,1.0,1.0,N,0.0,17-03529,10.0,0,4,501,2.0
2.0,N,1.0,1.0,N,0.0,17-03529,10.0,0,5,501,2.0
2.0,N,1.0,1.0,N,0.0,17-03529,10.0,0,5,501,2.0
2.0,N,1.0,1.0,N,0.0,17-03529,10.0,2,4,501,2.0
2.0,N,1.0,1.0,N,0.0,17-03529,10.0,2,4,501,2.0
2.0,N,1.0,1.0,N,0.0,17-03529,10.0,2,4,501,2.0
2.0,N,1.0,1.0,N,0.0,17-03529,10.0,2,4,501,2.0
2.0,N,1.0,1.0,N,0.0,17-03529,10.0,2,4,501,2.0
2.0,N,1.0,1.0,N,0.0,17-03529,10.0,3,4,501,2.0
2.0,N,1.0,1.0,N,0.0,17-03529,10.0,3,5,501,2.0
2.0,N,1.0,1.0,N,0.0,17-03529,10.0,3,5,501,2.0
2.0,N,1.0,1.0,N,0.0,17-03529,8.0,3,5,501,2.0
2.0,N,1.0,1.0,N,0.0,24-01004,1.0,1,3,501,2.0
2.0,N,1.0,1.0,N,0.0,24-01004,1.0,1,3,501,2.0
2.0,N,1.0,1.0,N,0.0,24-01004,1.0,1,3,501,2.0
2.0,N,1.0,1.0,N,0.0,24-01004,1.0,1,3,501,2.0
2.0,N,1.0,1.0,N,0.0,24-01004,1.0,2,3,501,2.0
2.0,N,1.0,1.0,N,0.0,24-01004,1.0,2,3,501,2.0
2.0,N,1.0,1.0,N,0.0,24-01004,10.0,2,4,501,2.0
2.0,N,1.0,1.0,N,0.0,24-01004,10.0,2,4,501,2.0
2.0,N,1.0,1.0,N,0.0,24-01004,10.0,2,4,501,2.0
2.0,N,1.0,1.0,N,0.0,24-01004,10.0,2,4,501,2.0
2.0,N,1.0,1.0,N,0.0,24-01004,13.0,3,4,501,2.0
2.0,N,1.0,1.0,N,0.0,24-01004,2.0,2,4,501,2.0
2.0,N,1.0,1.0,N,0.0,24-01004,2.0,2,5,501,2.0
2.0,N,1.0,1.0,N,0.0,24-01004,2.0,2,5,501,2.0
2.0,N,1.0,1.0,N,0.0,24-01004,2.0,3,4,501,2.0
2.0,N,1.0,1.0,N,0.0,24-01004,2.0,3,4,501,2.0
2.0,N,1.0,1.0,N,0.0,24-01004,2.0,3,5,501,2.0
2.0,N,1.0,1.0,N,0.0,24-01004,2.0,3,5,501,2.0
2.0,N,1.0,1.0,N,0.0,24-01004,9.0,2,4,501,2.0
2.0,N,1.0,1.0,N,0.0,24-01004,9.0,2,4,501,2.0
2.0,N,1.0,1.0,N,0.0,24-01004,9.0,2,4,501,2.0
2.0,N,1.0,1.0,N,0.0,24-01004,9.0,2,4,501,2.0
2.0,N,1.0,1.0,N,0.0,24-01004,9.0,2,4,501,2.0
2.0,N,1.0,1.0,N,0.0,24-01004,9.0,2,4,501,2.0
2.0,N,1.0,1.0,N,0.0,24-01004,9.0,2,4,501,2.0
2.0,N,1.0,1.0,N,0.0,24-01004,9.0,2,4,501,2.0
2.0,N,1.0,2.0,N,0.0,30-00600,1.0,2,5,501,2.0
2.0,N,1.0,2.0,N,0.0,30-00600,1.0,2,5,501,2.0
2.0,N,1.0,2.0,N,0.0,30-00600,1.0,2,5,501,2.0
2.0,N,1.0,2.0,N,0.0,30-00600,1.0,2,5,501,2.0
2.0,N,1.0,2.0,N,0.0,38-00100,0.0,3,4,501,2.0
2.0,N,1.0,2.0,N,0.0,38-00100,0.0,3,4,501,2.0
2.0,N,1.0,2.0,N,0.0,51-01301,10.0,0,4,501,2.0
2.0,N,1.0,2.0,N,0.0,51-01301,10.0,3,4,501,2.0
2.0,N,1.0,2.0,N,0.0,51-01301,10.0,3,4,501,2.0
2.0,N,1.0,2.0,N,0.0,51-01301,14.0,1,3,501,2.0
2.0,N,1.0,2.0,N,0.0,51-01301,14.0,1,3,501,2.0
2.0,N,1.0,2.0,N,0.0,51-01301,14.0,1,4,501,2.0
2.0,N,1.0,2.0,N,0.0,51-01301,14.0,1,4,501,2.0
2.0,N,1.0,2.0,N,0.0,51-01301,14.0,2,3,501,2.0
2.0,N,1.0,2.0,N,0.0,51-01301,14.0,2,4,501,2.0
2.0,N,1.0,2.0,N,0.0,51-01301,14.0,2,4,501,2.0
2.0,N,1.0,2.0,N,0.0,06-08507,9.0,3,5,501,2.0
2.0,N,1.0,2.0,N,0.0,06-08507,9.0,3,5,501,2.0
2.0,N,1.0,2.0,N,0.0,06-08507,9.0,3,5,501,2.0
2.0,N,1.0,2.0,N,0.0,06-08507,9.0,3,5,501,2.0
2.0,N,1.0,2.0,N,0.0,17-03529,10.0,0,4,501,2.0
2.0,N,1.0,2.0,N,0.0,17-03529,10.0,0,4,501,2.0
2.0,N,1.0,2.0,N,0.0,17-03529,10.0,0,4,501,2.0
2.0,N,1.0,2.0,N,0.0,17-03529,10.0,0,4,501,2.0
2.0,N,1.0,2.0,N,0.0,17-03529,10.0,0,4,501,2.0
2.0,N,1.0,2.0,N,0.0,17-03529,10.0,0,4,501,2.0
2.0,N,1.0,2.0,N,0.0,17-03529,10.0,3,4,501,2.0
2.0,N,1.0,2.0,N,0.0,24-01004,2.0,2,5,501,2.0
2.0,N,1.0,2.0,N,0.0,24-01004,2.0,2,5,501,2.0
2.0,N,1.0,2.0,N,0.0,24-01004,2.0,3,5,501,2.0
