,AGEP_x,DEAR_x,DEYE_x,DPHY_x,DREM_x,DVET_x,EDU,HISP,HOUSING_TYPE_x,INDP_x,INDP_CAT,MSP,NOC_x,NPF_x,OWN_RENT,PINCP_x,PINCP_DECILE_x,POVPIP_x,PUMA,RAC1P,SEX,AGEP_y,DEAR_y,DEYE_y,DPHY_y,DREM_y,DVET_y,HOUSING_TYPE_y,INDP_y,NOC_y,NPF_y,PINCP_y,PINCP_DECILE_y,POVPIP_y,percent_match
0,58,2,2,2,2,N,5,0,1,8990,15,1,1,3,2,32000.0,4,325,25-00703,1,1,58,2,2,2,2,N,1,8770,1,3,70000.0,7,501,69.23076923076923
1,45,2,2,2,2,N,10,0,1,6992,9,6,0,N,1,120000.0,8,501,25-01000,1,1,45,2,2,2,2,N,1,6992,0,N,84000.0,7,501,84.61538461538461
2,46,2,2,2,2,N,6,0,1,8270,12,1,2,4,1,890.0,1,434,25-01300,1,2,38,2,2,2,2,N,1,8270,2,5,28000.0,4,443,61.53846153846154
3,59,2,2,2,2,N,8,0,1,4971,6,4,0,N,1,86600.0,8,501,25-02800,1,1,48,2,2,2,2,N,1,4670,2,4,159000.0,9,501,53.84615384615385
4,67,2,2,2,2,N,9,0,1,7460,10,4,0,N,1,174000.0,9,501,25-01000,1,2,47,2,2,2,2,N,1,7580,3,4,80000.0,7,501,53.84615384615385
5,63,2,2,2,2,N,9,0,1,N,N,5,0,2,1,15000.0,3,182,25-00503,1,2,63,2,2,1,1,N,1,N,0,2,26500.0,4,501,61.53846153846154
6,34,2,2,2,2,N,7,0,1,6290,7,6,0,N,1,100000.0,8,501,25-00503,1,1,46,2,2,2,2,N,1,6380,0,2,7500.0,2,204,53.84615384615385
7,53,2,2,2,2,N,9,0,1,8191,12,4,0,N,2,50000.0,6,377,25-01300,1,2,60,2,2,2,2,N,1,8191,0,N,95000.0,8,501,69.23076923076923
8,54,2,2,2,2,N,4,0,1,8191,12,1,0,2,1,2200.0,1,501,25-01000,1,2,54,2,2,2,2,N,1,8170,0,2,10000.0,2,501,76.92307692307693
9,15,2,2,2,2,N,4,0,1,N,N,2,1,4,1,0.0,0,399,25-02800,1,2,15,2,2,2,2,N,1,N,1,4,0.0,0,501,92.3076923076923
10,64,2,2,2,2,N,7,0,1,6770,8,1,0,2,1,35000.0,5,501,25-00503,1,2,61,2,2,2,2,N,1,6480,0,2,83000.0,7,501,69.23076923076923
11,71,2,2,1,2,N,9,0,1,5170,6,6,0,N,2,43000.0,5,347,25-01300,1,2,33,2,2,2,2,N,1,4971,0,N,24000.0,4,182,53.84615384615385
12,55,2,2,2,2,N,7,0,1,7870,11,4,0,N,1,40000.0,5,304,25-01000,1,2,55,2,2,2,2,N,1,7870,0,N,60000.0,6,456,76.92307692307693
13,31,2,2,2,2,N,10,0,1,7380,10,1,0,2,2,95000.0,8,501,25-02800,6,2,34,2,2,2,2,N,1,7380,0,2,20000.0,3,501,76.92307692307693
14,5,2,2,2,2,N,1,0,1,N,N,N,2,4,1,N,N,464,25-00503,9,2,5,2,2,2,2,N,1,N,1,3,N,N,501,76.92307692307693
15,27,2,2,2,2,N,8,0,1,8191,12,6,0,3,1,90000.0,8,501,25-01000,1,2,25,2,2,2,2,N,1,8191,0,6,65000.0,7,501,69.23076923076923
16,18,2,2,2,2,N,7,0,3,9290,15,6,N,N,0,800.0,1,N,25-01300,1,2,18,2,2,2,2,N,3,9290,N,N,7000.0,2,N,84.61538461538461
17,30,2,2,2,2,N,9,0,1,6880,9,6,0,N,1,65000.0,7,497,25-01300,6,2,22,2,2,2,2,N,1,6991,0,3,7000.0,2,501,53.84615384615385
18,35,2,2,2,2,N,9,0,1,7290,10,2,0,2,1,75000.0,7,501,25-00703,1,2,49,2,2,2,2,N,1,7470,3,4,80000.0,7,317,53.84615384615385
19,52,2,2,2,1,N,9,0,1,N,N,6,0,N,2,0.0,0,0,25-02800,1,2,53,2,2,2,1,N,1,N,0,N,6300.0,1,47,69.23076923076923
20,15,1,2,2,2,N,3,0,1,N,N,6,4,6,1,0.0,0,501,25-00703,1,1,15,2,2,2,2,N,1,N,2,3,0.0,0,379,69.23076923076923
21,60,2,2,2,2,N,7,0,1,770,3,4,0,N,1,33400.0,4,265,25-02800,1,1,61,2,2,2,2,N,1,770,0,N,450000.0,9,501,69.23076923076923
22,84,2,2,2,2,N,5,0,1,N,N,1,0,6,2,10300.0,2,93,25-02800,1,1,56,1,2,1,1,N,1,N,0,2,19000.0,3,467,38.46153846153847
23,15,2,2,2,2,N,4,2,1,N,N,6,1,4,2,1200.0,1,137,25-00503,1,1,15,2,2,2,2,N,1,N,0,4,0.0,0,158,69.23076923076923
24,33,2,2,2,2,N,10,0,1,7860,11,6,0,5,2,30000.0,4,266,25-00703,1,1,48,2,2,2,2,N,1,7870,0,2,8500.0,2,142,53.84615384615385
25,61,2,2,2,2,N,10,0,1,8191,12,1,0,3,1,102000.0,8,501,25-01300,6,2,47,2,2,2,2,N,1,8191,2,4,45000.0,5,501,61.53846153846154
26,70,2,2,2,2,N,9,0,1,7870,11,4,0,N,2,79000.0,7,501,25-00703,1,1,60,2,2,2,2,N,1,7860,0,N,100000.0,8,501,69.23076923076923
27,28,2,2,2,2,N,10,0,1,7380,10,6,0,N,2,42010.0,5,347,25-00503,6,2,28,2,2,2,2,N,1,7380,0,N,124000.0,9,501,76.92307692307693
28,50,2,2,2,2,N,11,0,1,7870,11,4,0,N,1,300310.0,9,501,25-00703,1,2,69,2,2,2,2,N,1,7860,0,N,65000.0,7,501,69.23076923076923
29,73,2,2,1,2,N,6,0,1,N,N,4,0,N,1,6800.0,1,60,25-01000,1,2,73,2,2,2,2,N,1,N,0,N,17200.0,3,142,69.23076923076923
30,56,2,2,2,2,N,5,0,1,2190,4,1,0,2,1,110000.0,8,501,25-00503,1,2,58,2,2,2,2,N,1,3980,0,2,0.0,0,501,69.23076923076923
31,54,2,2,2,2,N,5,0,1,7860,11,1,0,4,1,11700.0,2,476,25-02800,1,2,50,2,2,2,2,N,1,7860,0,3,14000.0,3,501,61.53846153846154
32,34,2,2,2,1,N,5,0,1,N,N,6,0,N,2,19000.0,3,147,25-01300,1,1,18,2,2,2,2,N,1,N,0,3,1200.0,1,501,53.84615384615385
33,44,2,2,2,2,N,11,0,1,3980,4,1,2,4,1,300000.0,9,501,25-00703,1,1,62,2,2,2,2,N,1,2190,0,2,386000.0,9,501,61.53846153846154
34,50,2,2,2,2,N,9,2,1,8191,12,4,1,2,1,89000.0,8,501,25-00503,1,2,50,2,2,2,2,N,1,8191,0,2,39000.0,5,234,69.23076923076923
35,70,2,2,2,2,N,7,0,1,N,N,6,0,2,1,109600.0,8,501,25-00703,1,1,69,2,2,2,2,N,1,N,0,N,54600.0,6,448,61.53846153846154
36,0,2,2,N,N,N,N,0,1,N,N,N,1,3,2,N,N,501,25-02800,6,1,0,2,2,N,N,N,1,N,1,3,N,N,501,100.0
37,28,2,2,2,2,3,7,0,1,3380,4,6,0,N,1,20000.0,3,152,25-00503,1,2,28,2,2,2,1,N,1,1190,0,N,30000.0,4,228,53.84615384615385
38,19,2,2,2,2,N,7,0,3,4971,6,6,N,N,0,1140.0,1,N,25-00503,9,1,19,2,2,2,2,N,3,4971,N,N,8000.0,2,N,84.61538461538461
39,23,2,2,2,2,N,7,0,1,7970,12,6,0,N,2,38100.0,5,289,25-01300,1,1,23,2,2,2,2,N,1,7970,0,N,14500.0,3,110,76.92307692307693
40,40,2,2,2,2,N,12,0,1,8680,14,1,2,4,1,65000.0,7,501,25-00703,1,2,49,2,2,2,2,N,1,8680,1,3,120000.0,8,501,61.53846153846154
41,54,2,2,2,2,N,11,0,1,9480,16,6,0,N,1,120000.0,8,501,25-00703,1,1,55,2,2,2,2,N,1,9370,0,N,120000.0,8,501,84.61538461538461
42,47,2,2,2,2,N,8,0,1,9370,16,1,3,5,1,40000.0,5,239,25-01300,1,2,57,2,2,2,2,N,1,9380,1,3,48000.0,6,386,46.15384615384615
43,70,2,2,2,2,N,10,0,1,N,N,6,0,N,1,143900.0,9,501,25-01000,1,2,75,2,2,2,2,N,1,N,0,N,81700.0,7,501,76.92307692307693
44,57,2,2,2,2,N,7,0,1,9170,15,1,0,2,2,11800.0,2,118,25-00703,1,2,56,2,2,2,2,N,1,9170,0,3,18700.0,3,213,61.53846153846154
45,65,2,2,1,2,N,9,0,1,4770,6,4,0,N,1,627000.0,9,501,25-00503,1,1,78,2,2,2,2,N,1,5080,0,N,58200.0,6,477,53.84615384615385
46,31,2,2,2,2,N,9,0,1,7071,9,1,0,2,2,60000.0,6,501,25-01000,1,2,30,2,2,2,2,N,1,6970,0,2,85000.0,8,501,69.23076923076923
47,54,2,2,2,2,N,9,0,1,8570,14,3,0,N,2,24000.0,4,183,25-00703,1,2,65,2,2,2,2,N,1,8590,0,N,26900.0,4,221,69.23076923076923
48,71,1,2,1,1,N,9,0,1,N,N,3,0,N,2,77100.0,7,501,25-01000,1,2,71,2,2,1,1,N,1,N,0,N,18500.0,3,151,69.23076923076923
49,19,2,2,2,2,N,7,0,1,4971,6,6,1,5,1,2000.0,1,501,25-00503,6,2,24,2,2,2,2,N,1,5180,0,2,72000.0,7,501,53.84615384615385
50,49,2,2,2,2,N,7,0,1,4795,6,1,1,4,1,62000.0,6,501,25-01300,1,2,52,2,2,2,2,N,1,5790,0,2,46000.0,5,501,53.84615384615385
51,38,2,2,2,2,N,5,0,1,9180,15,6,0,N,2,30000.0,4,226,25-01000,1,2,46,2,2,2,2,N,1,8980,0,N,32000.0,4,241,69.23076923076923
52,64,2,2,2,2,N,12,0,1,7071,9,1,0,2,1,25000.0,4,451,25-01300,1,2,58,2,2,2,2,N,1,6991,0,2,114000.0,8,501,61.53846153846154
53,39,2,2,2,2,N,10,0,1,2190,4,2,0,2,1,180000.0,9,501,25-00503,6,2,39,2,2,2,2,N,1,2190,0,N,175000.0,9,501,84.61538461538461
54,43,2,2,2,2,N,7,0,1,7970,12,4,1,5,1,65000.0,7,402,25-01000,1,2,55,2,2,2,2,N,1,8180,0,2,45000.0,5,501,46.15384615384615
55,18,2,2,2,2,N,5,0,1,6570,8,6,0,4,1,3500.0,1,483,25-01300,1,2,51,2,2,2,2,N,1,6680,0,N,110050.0,8,501,53.84615384615385
56,14,2,2,2,2,N,4,0,1,N,N,N,2,5,1,N,N,501,25-01300,1,1,14,2,2,2,2,N,1,N,2,4,N,N,501,92.3076923076923
57,66,2,2,2,2,N,5,0,1,7860,11,1,0,2,1,52000.0,6,501,25-01000,1,1,51,2,2,2,2,N,1,7860,0,2,57000.0,6,501,84.61538461538461
58,88,2,2,1,1,N,4,0,2,N,N,3,N,N,0,0.0,0,N,25-02800,1,2,88,1,1,1,1,N,2,N,N,N,0.0,0,N,84.61538461538461
59,56,2,2,2,2,N,5,0,1,7380,10,4,0,4,1,110000.0,8,501,25-00503,1,2,67,2,2,2,2,N,1,7460,0,N,12000.0,2,99,53.84615384615385
60,39,2,2,2,2,N,7,0,1,4971,6,1,2,4,2,38300.0,5,501,25-00503,1,2,32,2,2,2,2,N,1,5381,2,4,10000.0,2,235,61.53846153846154
61,39,2,2,2,2,N,11,0,1,7270,10,1,0,2,1,200000.0,9,501,25-02800,1,2,72,2,2,2,2,N,1,7270,0,2,46300.0,5,501,76.92307692307693
62,37,2,2,2,2,N,10,0,1,3490,4,6,0,N,1,114000.0,8,501,25-01300,1,2,53,2,2,2,2,N,1,2190,0,N,204000.0,9,501,69.23076923076923
63,45,2,2,2,2,N,11,0,1,7270,10,1,2,4,2,40040.0,5,330,25-00503,1,2,55,2,2,2,2,N,1,7390,0,3,55050.0,6,501,46.15384615384615
64,66,2,2,2,2,N,4,0,1,8980,15,1,0,2,1,4600.0,1,215,25-01000,1,1,66,2,2,2,2,N,1,8980,0,3,70000.0,7,501,69.23076923076923
65,37,2,2,2,2,N,9,0,1,7071,9,1,1,3,2,50000.0,6,354,25-02800,1,1,38,2,2,2,2,N,1,7071,1,3,110000.0,8,501,69.23076923076923
66,52,2,2,2,2,N,8,0,1,6991,9,1,0,3,1,80000.0,7,501,25-02800,1,2,53,2,2,2,2,N,1,6991,0,4,65020.0,7,501,76.92307692307693
67,59,2,2,2,2,N,10,0,1,6870,9,1,3,5,2,13700.0,2,501,25-02800,1,1,33,2,2,2,2,N,1,6870,1,3,55000.0,6,501,61.53846153846154
68,77,2,2,2,2,N,3,0,1,N,N,1,0,2,1,16800.0,3,423,25-00703,1,2,75,2,2,2,2,N,1,N,0,2,17000.0,3,213,76.92307692307693
69,66,2,2,2,2,N,9,0,1,N,N,1,0,2,2,103800.0,8,501,25-02800,1,1,70,2,2,2,2,N,1,N,0,2,12600.0,2,118,69.23076923076923
70,45,2,2,2,2,N,7,0,1,6672,8,4,0,N,2,71000.0,7,501,25-02800,1,1,68,2,2,2,2,N,1,6470,0,N,94400.0,8,501,69.23076923076923
71,61,2,2,2,2,N,7,0,1,8191,12,4,0,N,1,45000.0,5,324,25-01300,1,2,51,2,2,2,2,N,1,8191,0,4,36800.0,5,501,69.23076923076923
72,69,2,2,2,2,N,9,0,1,7970,12,4,0,N,1,50000.0,6,416,25-02800,1,1,58,2,2,2,2,N,1,8191,0,N,122100.0,8,501,61.53846153846154
73,64,2,2,2,2,N,1,0,1,7072,9,1,0,2,1,51000.0,6,501,25-00703,1,1,50,2,2,2,2,N,1,7190,2,4,42000.0,5,471,46.15384615384615
74,57,2,2,2,2,N,5,0,1,6290,7,1,0,4,1,0.0,0,501,25-00703,1,2,32,2,2,2,2,N,1,6070,1,3,12000.0,2,501,53.84615384615385
75,47,2,2,2,2,N,7,0,1,6690,8,4,0,3,2,30000.0,4,324,25-00703,1,2,61,2,2,2,2,N,1,6480,0,N,42000.0,5,318,53.84615384615385
76,28,2,2,2,2,N,8,0,1,7970,12,1,1,3,2,27000.0,4,226,25-00703,1,2,29,2,2,2,2,N,1,8191,0,2,70000.0,7,501,46.15384615384615
77,66,2,2,2,2,N,9,0,1,N,N,3,0,N,1,38300.0,5,302,25-02800,1,2,77,2,2,2,2,N,1,N,0,N,20500.0,3,169,69.23076923076923
78,94,2,2,1,1,N,4,0,2,N,N,3,N,N,0,0.0,0,N,25-01000,1,1,82,2,1,1,2,2,2,N,N,N,22000.0,3,N,53.84615384615385
79,38,2,2,1,2,N,9,0,3,N,N,2,N,N,0,2000.0,1,26,25-01300,1,2,52,2,2,2,2,N,3,N,N,N,9000.0,2,68,61.53846153846154
80,22,2,2,2,2,N,9,0,1,7870,11,6,0,4,1,5500.0,1,361,25-01300,6,1,24,2,2,2,2,N,1,7860,0,3,50000.0,6,467,53.84615384615385
81,50,1,2,2,2,N,12,0,1,7870,11,1,0,2,1,200500.0,9,501,25-02800,1,1,50,2,2,2,2,N,1,7870,0,2,100000.0,8,501,76.92307692307693
82,27,2,2,2,2,N,9,0,1,4971,6,6,0,N,1,24000.0,4,181,25-00503,1,2,69,2,2,2,2,N,1,5593,0,N,43000.0,5,355,61.53846153846154
83,59,2,2,2,1,N,9,0,1,N,N,4,0,N,2,40.0,0,0,25-00703,1,1,78,2,2,2,2,N,1,N,0,N,14700.0,3,120,61.53846153846154
84,16,2,2,2,2,N,4,0,1,8680,14,6,1,3,2,7400.0,2,501,25-00703,2,2,16,2,2,2,2,N,1,8660,5,6,220.0,1,66,53.84615384615385
85,45,2,2,2,2,N,7,0,1,8562,14,1,3,5,2,9000.0,2,213,25-00503,1,2,57,2,2,2,2,N,1,8680,0,2,50000.0,6,306,46.15384615384615
86,39,2,2,2,2,N,9,0,1,8680,14,1,0,2,1,32000.0,4,239,25-02800,1,2,54,2,2,2,2,N,1,8660,0,4,26000.0,4,501,61.53846153846154
87,74,2,1,2,2,N,10,0,1,N,N,4,0,N,2,24000.0,4,197,25-00703,1,2,66,2,2,2,1,N,1,N,1,2,19500.0,3,111,38.46153846153847
88,6,2,2,2,2,N,2,2,1,N,N,N,0,2,2,N,N,61,25-00503,1,2,6,2,2,2,1,N,1,N,0,4,N,N,158,76.92307692307693
89,83,2,2,2,2,N,3,0,1,N,N,1,0,2,1,0.0,0,65,25-00703,1,1,81,2,2,2,2,N,1,N,0,2,15600.0,3,213,69.23076923076923
90,58,2,2,2,2,N,9,0,1,7570,10,4,0,N,2,95000.0,8,501,25-01000,1,2,76,2,2,2,2,N,1,7270,0,N,53150.0,6,437,61.53846153846154
91,60,2,2,2,2,N,5,0,1,280,0,1,0,2,1,20000.0,3,283,25-00703,1,1,54,2,2,2,2,N,1,280,0,3,56000.0,6,368,61.53846153846154
92,77,2,2,2,2,N,7,0,1,7580,10,1,0,2,1,103200.0,8,501,25-00503,1,2,77,2,2,2,2,N,1,7580,0,2,103200.0,8,501,100.0
93,15,2,2,2,1,N,4,0,1,N,N,6,3,5,2,1500.0,1,501,25-00703,6,1,15,1,2,2,2,N,1,N,4,5,0.0,0,8,53.84615384615385
94,61,2,2,2,2,N,9,0,1,9380,16,4,0,N,1,80100.0,7,501,25-01300,1,2,53,2,2,2,2,N,1,9470,1,2,65000.0,7,398,53.84615384615385
95,54,2,2,1,1,N,9,0,2,7860,11,2,N,N,0,25000.0,4,N,25-01300,6,1,44,2,2,2,2,N,3,7860,N,N,25000.0,4,190,61.53846153846154
96,26,2,2,2,2,N,8,0,1,9480,16,6,0,3,2,52500.0,6,501,25-00703,1,1,26,2,2,2,2,5,1,9470,0,N,76800.0,7,501,61.53846153846154
97,85,2,2,2,2,N,5,0,1,N,N,3,0,N,2,44600.0,5,317,25-01300,1,1,86,1,2,2,2,N,1,N,0,N,10300.0,2,85,61.53846153846154
98,63,2,2,2,2,N,10,0,1,4971,6,6,0,N,1,84000.0,7,501,25-02800,1,1,65,2,2,2,1,N,1,4971,0,N,17300.0,3,142,61.53846153846154
99,55,2,2,2,2,N,5,0,1,4870,6,4,0,3,1,159000.0,9,501,25-02800,1,1,55,2,2,2,2,N,1,4870,0,3,185000.0,9,501,92.3076923076923
100,38,2,2,2,2,N,10,0,1,7870,11,4,2,4,2,62780.0,6,501,25-00703,1,2,52,2,2,2,2,N,1,7860,1,4,110000.0,8,481,53.84615384615385
101,40,2,2,2,2,N,9,0,1,6770,8,4,3,4,2,120000.0,8,501,25-00703,1,2,66,2,2,1,1,N,1,6770,1,4,79200.0,7,501,53.84615384615385
102,85,2,2,2,2,N,8,0,1,N,N,1,0,2,2,14400.0,3,501,25-01000,1,1,87,2,2,1,2,N,1,N,0,2,14400.0,3,230,76.92307692307693
103,56,2,2,2,2,N,8,0,1,6190,7,1,0,3,1,90000.0,8,501,25-01300,1,2,64,2,2,2,2,N,1,6370,0,4,44400.0,5,490,53.84615384615385
104,66,2,2,2,2,N,7,0,1,N,N,6,0,N,1,26400.0,4,215,25-02800,1,2,60,2,2,2,1,N,1,N,0,N,19200.0,3,145,61.53846153846154
105,26,2,2,2,1,N,10,0,1,5391,6,6,0,N,2,35000.0,5,263,25-01300,6,1,26,2,2,2,2,N,1,5593,0,N,60000.0,6,452,61.53846153846154
106,70,2,2,2,2,N,6,0,1,N,N,1,0,6,1,20100.0,3,501,25-00703,1,2,70,1,1,1,1,N,1,N,0,4,12700.0,2,501,46.15384615384615
107,27,2,2,2,2,N,8,0,1,9470,16,6,0,4,1,48000.0,6,501,25-02800,1,1,25,2,2,2,2,N,1,9570,0,2,48000.0,6,501,76.92307692307693
108,34,2,2,2,2,N,7,0,1,770,3,1,1,2,2,61000.0,6,438,25-00703,1,1,26,2,2,2,2,N,1,770,0,2,36000.0,5,501,61.53846153846154
109,3,2,2,N,N,N,1,1,1,N,N,N,2,4,1,N,N,481,25-00503,1,1,3,2,2,N,N,N,1,N,0,4,N,N,501,84.61538461538461
110,94,1,2,2,2,N,6,0,1,N,N,3,0,N,2,7800.0,2,68,25-02800,1,2,90,2,2,1,2,N,1,N,0,N,1900.0,1,15,53.84615384615385
111,46,2,2,2,2,N,5,0,1,5275,6,1,1,4,2,23000.0,3,137,25-00703,1,1,56,2,2,2,2,N,1,4670,0,2,25900.0,4,251,46.15384615384615
112,4,2,2,N,N,N,1,4,1,N,N,N,0,5,2,N,N,137,25-00503,1,1,4,2,2,N,N,N,1,N,1,6,N,N,137,84.61538461538461
113,18,2,2,2,2,N,4,2,1,N,N,6,2,5,2,0.0,0,323,25-00503,1,2,57,2,2,1,1,N,1,N,0,2,19200.0,3,157,38.46153846153847
114,25,2,2,2,2,N,9,0,1,9590,16,6,0,N,2,45000.0,5,347,25-01300,1,1,25,2,2,2,2,N,1,9590,0,N,36100.0,5,275,84.61538461538461
115,21,2,2,2,2,N,7,0,1,4880,6,6,0,6,1,12000.0,2,365,25-01000,1,1,26,2,2,2,2,N,1,4980,0,4,15000.0,3,501,53.84615384615385
116,29,2,2,2,2,N,9,0,1,8370,13,6,0,2,1,55210.0,6,501,25-02800,1,1,29,2,2,2,2,N,1,8370,0,2,9200.0,2,64,76.92307692307693
117,69,2,2,2,2,N,7,0,1,8191,12,3,0,N,1,11600.0,2,98,25-01000,1,2,87,2,2,2,2,N,1,7970,0,N,54800.0,6,450,61.53846153846154
118,12,2,2,2,2,N,3,4,1,N,N,N,2,4,1,N,N,195,25-00703,9,1,11,2,2,2,2,N,1,N,2,7,N,N,366,76.92307692307693
119,69,2,2,2,2,N,10,0,1,7860,11,2,0,N,2,87400.0,8,501,25-01000,1,1,36,2,2,2,2,N,1,7860,0,N,66200.0,7,501,76.92307692307693
120,70,2,2,2,2,N,5,0,1,8590,14,1,0,2,1,58000.0,6,459,25-01000,1,1,58,2,2,2,2,N,1,8680,0,2,40000.0,5,501,61.53846153846154
121,29,2,2,2,2,N,12,0,1,6880,9,1,1,3,1,60000.0,6,501,25-01000,6,1,35,2,2,2,2,N,1,6991,0,2,130000.0,9,501,53.84615384615385
122,24,2,2,2,2,N,9,2,1,7380,10,6,0,3,2,73000.0,7,501,25-00703,1,1,23,2,2,2,2,N,1,7570,0,4,35000.0,5,397,53.84615384615385
123,29,2,2,2,2,N,7,0,1,8470,13,6,1,3,2,4000.0,1,28,25-00703,1,2,28,2,2,2,2,N,1,8470,2,3,51900.0,6,256,61.53846153846154
124,43,2,2,2,2,N,11,0,1,9570,16,1,2,4,1,100500.0,8,501,25-02800,1,1,45,2,2,2,2,N,1,9380,2,4,100000.0,8,501,76.92307692307693
125,31,2,2,2,2,N,3,0,1,9180,15,6,0,N,2,85000.0,8,501,25-01000,1,1,65,2,2,2,2,N,1,9160,0,3,52500.0,6,312,53.84615384615385
126,32,2,2,2,2,N,9,0,1,4080,5,6,0,N,2,200000.0,9,501,25-00503,1,1,42,2,2,2,2,N,1,4070,0,N,24000.0,4,181,61.53846153846154
127,26,2,2,2,2,N,10,0,1,8191,12,6,0,3,1,47400.0,5,501,25-01000,1,2,64,2,2,2,2,N,1,8191,0,N,98000.0,8,501,69.23076923076923
128,54,2,2,2,2,N,7,0,1,9070,15,4,0,3,1,25000.0,4,501,25-02800,1,2,88,2,2,2,2,N,1,9160,0,N,31500.0,4,260,61.53846153846154
129,29,2,2,2,2,N,9,0,1,9170,15,6,0,2,1,56000.0,6,501,25-01300,1,1,29,2,2,2,2,N,1,8770,0,N,32000.0,4,244,61.53846153846154
130,80,2,2,2,2,N,10,0,1,7071,9,3,0,N,2,3000.0,1,29,25-00503,1,2,78,2,2,2,2,N,1,7071,0,2,287200.0,9,501,61.53846153846154
131,17,2,2,2,2,N,4,0,1,8470,13,6,1,3,1,11000.0,2,487,25-00703,1,1,17,2,2,2,2,N,1,8470,1,3,3600.0,1,501,76.92307692307693
132,84,2,1,1,1,N,5,0,2,N,N,4,N,N,0,9000.0,2,N,25-02800,1,2,78,2,2,1,2,N,2,N,N,N,0.0,0,N,61.53846153846154
133,48,2,2,2,2,N,7,0,1,6690,8,4,0,3,1,110050.0,8,501,25-00703,1,2,50,2,2,2,2,N,1,6480,0,2,20000.0,3,487,53.84615384615385
134,14,2,2,2,2,N,4,0,1,N,N,N,1,3,1,N,N,501,25-00503,1,2,14,2,2,2,2,N,1,N,3,5,N,N,501,84.61538461538461
135,24,2,2,2,2,N,4,0,3,8470,13,6,N,N,0,5800.0,1,N,25-01000,6,2,27,2,2,2,2,N,3,8470,N,N,9100.0,2,69,69.23076923076923
136,52,2,2,2,2,N,10,0,1,6690,8,6,0,N,2,122000.0,8,501,25-00503,1,1,23,2,2,2,2,N,1,6670,0,N,85000.0,8,501,76.92307692307693
137,40,2,2,2,2,N,10,0,1,770,3,1,2,4,2,30000.0,4,148,25-00703,1,2,46,2,2,2,2,N,1,770,2,4,22830.0,3,380,69.23076923076923
138,55,2,1,2,2,N,9,0,1,1080,4,1,0,2,1,159000.0,9,501,25-01300,6,2,32,2,2,2,2,N,1,3370,1,3,130010.0,9,501,53.84615384615385
139,41,2,2,2,2,N,9,0,1,7490,10,5,0,5,1,90000.0,8,501,25-02800,1,1,35,2,2,2,2,N,1,7380,2,3,133000.0,9,501,53.84615384615385
140,19,2,2,2,2,N,7,0,3,N,N,6,N,N,0,0.0,0,N,25-00503,2,1,19,2,2,2,2,N,3,N,N,N,0.0,0,N,100.0
141,60,2,2,2,2,N,10,0,1,8564,14,6,0,N,2,201000.0,9,501,25-00703,1,1,26,2,2,2,2,N,1,8562,0,N,40000.0,5,305,61.53846153846154
142,13,2,2,2,2,N,3,4,1,N,N,N,2,4,1,N,N,501,25-00503,1,2,11,2,2,2,2,N,1,N,2,4,N,N,501,92.3076923076923
143,63,2,2,2,2,N,8,0,1,7270,10,4,0,3,1,70000.0,7,501,25-00703,1,1,58,2,2,2,2,N,1,7390,0,N,491000.0,9,501,61.53846153846154
144,88,2,1,1,2,N,9,0,2,N,N,3,N,N,0,0.0,0,N,25-02800,1,2,94,1,2,1,2,N,2,N,N,N,0.0,0,N,76.92307692307693
145,67,2,2,2,2,N,9,0,1,6070,7,1,0,2,1,70500.0,7,501,25-02800,1,2,65,2,2,2,2,N,1,6180,0,2,41890.0,5,501,69.23076923076923
146,25,2,2,2,2,N,5,0,1,6290,7,6,0,2,1,30000.0,4,501,25-00703,1,2,25,2,2,2,2,N,1,6290,0,2,4900.0,1,164,76.92307692307693
147,58,2,2,2,2,N,8,0,1,9490,16,3,0,2,1,56500.0,6,501,25-01300,1,2,58,2,2,2,2,N,1,9490,0,N,74000.0,7,501,76.92307692307693
148,61,2,2,2,2,N,10,0,1,3380,4,6,0,N,1,360000.0,9,501,25-01300,1,1,31,2,2,2,2,N,1,3380,0,N,80000.0,7,501,76.92307692307693
149,73,2,2,2,2,N,6,0,1,N,N,1,2,3,1,53100.0,6,308,25-01000,1,1,75,2,2,2,2,N,1,N,0,3,77400.0,7,501,61.53846153846154
150,46,2,2,2,2,N,1,0,1,6370,7,1,0,2,1,2200.0,1,281,25-02800,1,2,56,2,2,2,2,N,1,6370,0,4,64000.0,7,501,61.53846153846154
151,21,2,2,2,2,N,5,0,1,N,N,6,0,5,1,12100.0,1,501,25-00503,1,1,60,2,2,2,2,N,1,N,0,2,10000.0,2,170,61.53846153846154
152,38,2,2,2,2,N,5,0,1,N,N,6,0,N,1,10100.0,2,72,25-00503,6,2,19,2,2,2,2,N,1,N,1,6,0.0,0,501,53.84615384615385
153,68,2,2,2,2,N,9,0,1,9370,16,1,0,2,1,103000.0,8,501,25-00503,1,2,33,2,2,2,2,N,1,9470,2,4,30000.0,4,501,53.84615384615385
154,70,2,2,2,2,2,8,0,1,N,N,4,0,N,1,54600.0,6,448,25-01000,1,1,70,2,2,2,2,N,1,N,0,N,80000.0,7,501,69.23076923076923
155,69,2,2,2,2,N,8,0,1,8191,12,3,0,N,1,27600.0,4,228,25-01000,1,2,68,2,2,2,2,N,1,8290,0,3,32000.0,4,501,61.53846153846154
156,48,2,2,2,2,N,9,0,1,7270,10,4,0,5,1,60.0,0,90,25-00703,1,2,43,2,2,2,2,N,1,7280,0,N,250000.0,9,501,53.84615384615385
157,23,2,2,2,1,N,8,0,1,8770,15,6,0,4,1,6000.0,1,314,25-01300,1,1,23,2,2,2,2,N,1,8770,0,4,20000.0,3,501,69.23076923076923
158,69,2,2,2,2,N,6,0,1,9470,16,1,0,2,1,97800.0,8,501,25-01000,1,1,69,2,2,2,2,5,1,9470,0,2,40900.0,5,501,76.92307692307693
159,31,2,2,2,2,N,9,0,1,770,3,6,0,4,1,70010.0,7,501,25-01300,1,1,32,2,2,2,2,N,1,770,0,N,40000.0,5,304,61.53846153846154
160,33,2,2,2,2,N,7,0,1,7770,10,1,2,4,2,46000.0,5,501,25-00503,1,1,33,2,2,2,2,N,1,7690,0,2,71000.0,7,501,61.53846153846154
161,88,2,2,1,1,N,4,0,2,N,N,4,N,N,0,2800.0,1,N,25-01000,1,2,63,1,1,2,2,N,3,N,N,N,7000.0,2,52,30.76923076923077
162,36,2,2,2,2,N,10,0,1,770,3,1,2,4,1,111000.0,8,456,25-01000,1,1,36,2,2,2,2,N,1,770,0,2,122000.0,8,501,69.23076923076923
163,88,1,1,1,1,N,3,0,2,N,N,3,N,N,0,0.0,0,N,25-01300,1,2,87,2,2,1,1,N,2,N,N,N,0.0,0,N,76.92307692307693
164,29,2,2,2,2,N,5,0,1,N,N,2,0,5,1,0.0,0,501,25-01000,1,2,65,2,2,1,2,N,1,N,0,3,22000.0,3,409,53.84615384615385
165,52,2,2,2,2,N,8,0,1,7380,10,1,1,3,2,30000.0,4,501,25-00503,1,1,61,2,2,2,2,N,1,7460,0,2,100000.0,8,501,53.84615384615385
166,32,2,2,2,2,N,10,0,1,2190,4,1,1,3,1,627000.0,9,501,25-02800,6,2,47,2,2,2,2,N,1,2190,0,2,154000.0,9,501,69.23076923076923
167,35,2,2,2,2,N,10,0,1,6880,9,2,0,N,1,90000.0,8,501,25-00503,6,2,64,2,2,2,2,N,1,6970,0,N,83000.0,7,501,69.23076923076923
168,94,2,2,2,2,N,11,0,2,N,N,3,N,N,0,0.0,0,N,25-00503,1,2,94,1,1,1,1,N,2,N,N,N,18000.0,3,N,53.84615384615385
169,22,2,2,2,2,N,9,0,1,N,N,6,2,3,2,0.0,0,212,25-00503,6,2,23,2,2,2,2,N,1,N,0,N,0.0,0,0,69.23076923076923
170,52,2,2,2,2,N,4,0,1,7980,12,6,1,3,1,64000.0,7,398,25-01000,1,2,16,2,2,2,2,N,1,8191,2,3,1690.0,1,232,53.84615384615385
171,66,2,2,2,2,N,8,0,1,N,N,6,0,N,2,22800.0,3,186,25-00503,1,2,63,2,2,1,2,N,1,N,0,N,9510.0,2,71,61.53846153846154
172,30,2,2,2,2,N,7,0,1,6890,9,6,0,N,2,30000.0,4,227,25-00503,1,1,31,2,2,2,2,N,1,6890,0,N,75050.0,7,501,69.23076923076923
173,94,1,1,1,1,N,5,0,2,N,N,3,N,N,0,0.0,0,N,25-00503,1,2,79,1,2,1,1,N,2,N,N,N,0.0,0,N,84.61538461538461
174,55,2,2,2,2,N,6,0,1,8191,12,1,0,2,1,90000.0,8,501,25-00503,1,1,62,2,2,2,2,N,1,8191,0,2,50500.0,6,501,76.92307692307693
175,33,2,2,2,1,N,5,0,1,N,N,6,0,N,2,10600.0,2,82,25-00503,1,1,33,2,2,2,1,N,1,N,0,N,10000.0,2,76,84.61538461538461
176,24,2,2,2,2,N,5,0,1,6380,7,6,0,4,1,30000.0,4,501,25-01300,6,1,24,2,2,2,2,N,1,6380,0,3,50000.0,6,501,76.92307692307693
177,20,2,2,2,2,N,7,4,2,5391,6,6,N,N,0,3000.0,1,N,25-01300,1,1,20,1,2,2,1,N,2,5391,N,N,0.0,0,N,69.23076923076923
178,17,2,1,2,2,N,5,0,1,8680,14,6,1,3,2,8000.0,2,443,25-00503,6,1,21,2,2,2,2,N,1,8680,0,N,330.0,1,2,46.15384615384615
179,25,2,2,2,2,N,7,0,1,6290,7,6,0,3,1,117000.0,8,501,25-01000,1,2,25,2,2,2,2,N,1,6290,0,N,4000.0,1,30,69.23076923076923
180,57,2,2,2,2,N,7,0,1,7072,9,1,0,2,2,52700.0,6,501,25-00703,1,2,64,2,2,2,2,N,1,6870,0,2,55000.0,6,501,76.92307692307693
181,56,2,2,2,2,N,9,0,1,770,3,4,0,N,1,160000.0,9,501,25-00703,1,1,42,2,2,2,2,N,1,770,0,4,100000.0,8,501,69.23076923076923
182,51,2,2,2,2,N,4,0,1,770,3,1,0,5,1,20000.0,3,276,25-01000,1,2,52,2,2,2,2,N,1,770,0,7,50000.0,6,422,61.53846153846154
183,53,2,2,2,2,N,9,0,1,2270,4,4,1,2,1,107000.0,8,501,25-01300,1,2,54,2,2,2,2,N,1,3380,0,2,125000.0,9,501,61.53846153846154
184,81,2,2,2,2,N,7,0,1,6380,7,4,0,N,1,67400.0,7,501,25-01300,1,2,56,2,2,2,2,N,1,6190,0,N,61400.0,6,463,61.53846153846154
185,40,2,2,2,1,N,1,0,3,N,N,6,N,N,0,9280.0,2,70,25-00703,1,2,34,2,2,2,1,N,3,N,N,N,6400.0,1,48,69.23076923076923
186,43,2,2,2,2,N,9,0,1,3390,4,1,0,2,2,25000.0,4,217,25-00503,6,1,38,2,2,2,2,N,1,3980,2,4,96000.0,8,501,46.15384615384615
187,53,2,2,2,2,N,11,0,1,9170,15,1,0,2,1,423000.0,9,501,25-00703,1,2,49,2,2,2,2,N,1,9190,0,2,235000.0,9,501,76.92307692307693
188,17,2,2,2,2,N,5,0,1,5391,6,6,0,2,2,5600.0,1,177,25-00703,1,1,47,2,2,2,1,N,1,4971,0,2,10000.0,2,194,53.84615384615385
189,59,2,2,2,2,N,5,0,1,4170,5,1,0,4,1,20000.0,3,449,25-00703,1,2,50,2,2,2,2,N,1,4470,1,3,25000.0,4,501,46.15384615384615
190,33,2,2,2,2,N,10,0,1,7860,11,6,0,5,1,90000.0,8,501,25-00703,1,1,28,2,2,2,2,N,1,7860,0,4,48000.0,6,501,69.23076923076923
191,37,2,2,2,2,N,10,0,1,4390,5,1,2,4,1,105490.0,8,333,25-02800,1,2,37,2,2,2,2,N,1,4390,2,4,107300.0,8,501,84.61538461538461
192,2,2,2,N,N,N,N,0,1,N,N,N,1,3,2,N,N,501,25-01000,1,2,1,2,2,N,N,N,1,N,1,3,N,N,485,84.61538461538461
193,50,2,2,2,2,N,9,0,1,770,3,1,0,6,1,42510.0,5,501,25-01000,1,2,49,2,2,2,2,N,1,770,2,4,72000.0,7,501,61.53846153846154
194,52,2,2,2,2,N,12,0,1,7870,11,1,0,2,1,18800.0,3,485,25-01300,6,2,56,2,2,2,2,N,1,7870,1,4,80000.0,7,501,53.84615384615385
195,63,2,2,2,2,N,7,0,1,4880,6,4,0,2,1,66000.0,7,501,25-01300,1,2,50,2,2,2,2,N,1,5391,0,N,420.0,1,3,53.84615384615385
196,28,2,2,2,2,N,9,0,1,6970,9,6,0,N,2,60000.0,6,454,25-00503,6,2,23,2,2,2,2,N,1,6970,0,N,6000.0,1,45,69.23076923076923
197,83,1,2,1,2,N,12,0,1,4770,6,1,0,3,1,59000.0,6,463,25-00703,1,1,81,1,2,2,2,N,1,4770,0,2,213100.0,9,501,53.84615384615385
198,32,2,2,2,2,N,9,0,1,6870,9,1,0,2,1,95000.0,8,501,25-02800,6,2,37,2,2,2,2,N,1,6870,2,5,75000.0,7,501,61.53846153846154
199,51,2,2,2,2,N,11,0,1,6970,9,6,0,N,1,300310.0,9,501,25-00703,1,2,53,2,2,2,2,N,1,6991,0,N,145000.0,9,501,76.92307692307693
200,24,2,2,2,2,N,5,0,1,8980,15,1,0,2,2,0.0,0,83,25-00703,1,2,24,2,2,2,2,N,1,8980,1,3,4200.0,1,501,61.53846153846154
201,86,2,2,1,2,N,10,0,1,7870,11,3,0,N,1,23600.0,4,192,25-00503,1,2,86,2,2,2,2,N,1,7870,0,N,90400.0,8,501,69.23076923076923
202,18,2,2,2,2,N,5,0,1,N,N,6,0,4,1,0.0,0,501,25-00703,1,2,17,2,2,2,2,N,1,N,1,3,0.0,0,501,76.92307692307693
203,43,2,2,2,2,N,4,0,1,770,3,1,0,2,1,53000.0,6,474,25-01300,1,1,48,2,2,2,2,N,1,770,0,2,65000.0,7,501,69.23076923076923
204,72,2,2,2,2,N,4,0,1,N,N,1,0,2,1,30100.0,4,353,25-00503,6,2,71,2,2,2,2,N,1,N,0,5,6200.0,1,454,61.53846153846154
205,90,1,2,2,1,N,4,0,1,N,N,3,0,N,2,34600.0,4,287,25-00703,6,1,90,1,2,1,2,N,1,N,0,4,0.0,0,391,53.84615384615385
206,44,2,2,2,2,N,11,0,1,7460,10,1,2,4,1,200000.0,9,501,25-00503,6,2,44,2,2,2,2,N,1,7460,2,4,130000.0,9,501,92.3076923076923
207,43,2,2,2,2,N,9,0,1,6690,8,1,2,4,1,110000.0,8,501,25-01300,1,1,36,2,2,2,2,N,1,6570,1,3,85000.0,8,501,61.53846153846154
208,56,2,2,2,2,N,9,0,1,6672,8,6,0,N,2,75000.0,7,501,25-00703,1,2,55,2,2,2,2,N,1,6470,0,N,69010.0,7,501,76.92307692307693
209,52,2,2,2,2,N,7,0,1,8191,12,3,1,4,1,49000.0,6,501,25-00703,1,2,67,2,1,2,2,N,1,7970,0,2,70000.0,7,501,46.15384615384615
210,20,2,2,2,1,N,5,0,1,9470,16,6,1,3,1,15000.0,3,368,25-01000,1,1,26,2,2,2,2,N,1,9470,0,3,40000.0,5,501,53.84615384615385
211,16,2,2,2,2,N,4,0,1,7870,11,2,2,4,1,1000.0,1,501,25-00703,1,2,16,2,1,2,2,N,1,7890,1,4,80.0,0,501,61.53846153846154
212,40,2,2,2,2,N,9,0,1,N,N,1,3,6,1,5500.0,1,501,25-02800,9,2,45,2,2,2,2,N,1,N,2,4,1000.0,1,434,61.53846153846154
213,46,2,2,2,2,N,3,0,1,770,3,1,2,4,2,23000.0,3,137,25-00703,1,1,34,2,2,2,2,N,1,770,2,4,68000.0,7,263,69.23076923076923
214,8,2,2,2,2,N,1,0,1,N,N,N,1,3,2,N,N,353,25-01000,1,2,4,2,2,N,N,N,1,N,1,3,N,N,281,69.23076923076923
215,48,2,2,2,2,N,9,0,1,8191,12,2,1,3,1,55000.0,6,415,25-01000,1,2,28,2,2,2,2,N,1,8191,0,3,105000.0,8,501,61.53846153846154
216,47,2,2,2,2,N,8,0,1,9480,16,1,2,4,1,60000.0,6,501,25-01300,1,1,61,2,2,2,2,N,1,9470,0,2,74000.0,7,501,53.84615384615385
217,50,2,2,2,2,N,7,0,1,7860,11,4,0,2,2,17300.0,3,252,25-01300,1,2,60,2,2,2,2,N,1,7860,0,2,0.0,0,0,69.23076923076923
218,56,2,2,2,2,N,7,0,1,3580,4,6,0,2,1,50000.0,6,501,25-01000,1,1,61,2,2,2,2,N,1,3960,0,N,65550.0,7,501,61.53846153846154
219,34,2,2,2,2,N,10,0,1,6480,8,1,2,5,1,150000.0,9,501,25-02800,6,2,40,2,2,2,2,N,1,6480,1,3,105490.0,8,501,61.53846153846154
220,45,2,2,2,2,N,5,0,1,8680,14,1,0,2,2,61600.0,6,501,25-00703,1,1,37,2,2,2,2,N,1,8680,0,2,45000.0,5,501,76.92307692307693
221,21,2,2,2,2,N,7,0,1,3580,4,6,0,N,1,2800.0,1,24,25-00703,1,2,30,2,2,2,2,N,1,1190,0,N,30000.0,4,229,61.53846153846154
222,9,2,2,2,2,N,3,4,1,N,N,N,2,4,1,N,N,366,25-00703,6,1,8,2,2,2,1,N,1,N,3,4,N,N,204,69.23076923076923
223,72,1,2,2,2,2,6,0,1,N,N,1,0,2,1,60200.0,6,501,25-00503,1,1,73,1,2,2,2,N,1,N,0,2,45700.0,5,412,61.53846153846154
224,21,2,2,2,1,N,8,0,3,7870,11,6,N,N,0,5600.0,1,N,25-00703,1,2,21,2,2,2,2,N,3,7870,N,N,3000.0,1,N,84.61538461538461
225,40,2,2,2,2,N,9,0,1,6680,8,6,1,2,1,78000.0,7,472,25-01300,1,1,46,2,2,2,2,N,1,6672,0,N,205000.0,9,501,46.15384615384615
226,37,2,2,2,2,N,10,0,1,4795,6,1,3,5,1,183000.0,9,501,25-02800,1,1,33,2,2,2,2,N,1,5593,0,2,270000.0,9,501,61.53846153846154
227,21,2,2,2,2,N,7,0,3,7870,11,6,N,N,0,17500.0,3,N,25-00503,9,1,21,2,2,2,2,N,3,7870,N,N,400.0,1,N,84.61538461538461
228,73,2,2,1,2,N,9,0,2,N,N,4,N,N,0,7200.0,2,N,25-02800,1,1,84,1,2,1,1,N,2,N,N,N,0.0,0,N,61.53846153846154
229,67,2,2,2,2,N,10,0,1,7390,10,4,0,N,2,88400.0,8,501,25-00503,1,2,67,2,2,2,2,N,1,7460,0,N,62000.0,6,501,76.92307692307693
230,47,2,2,2,2,N,11,0,1,8191,12,1,2,4,1,35000.0,5,399,25-01300,6,2,34,2,2,2,2,N,1,8270,2,4,0.0,0,501,61.53846153846154
231,67,2,2,2,2,N,7,0,1,570,2,1,0,2,1,50000.0,6,501,25-01300,1,1,67,2,2,2,2,N,1,570,0,2,75100.0,7,501,84.61538461538461
232,34,2,2,2,2,N,8,0,1,7490,10,6,0,N,1,32000.0,4,251,25-01000,1,1,36,2,2,2,2,N,1,7490,0,N,85000.0,8,501,69.23076923076923
233,48,2,2,2,2,N,11,0,1,3960,4,1,2,4,1,135000.0,9,501,25-00703,1,2,48,2,2,2,2,N,1,3960,2,4,136700.0,9,501,92.3076923076923
234,58,2,2,2,2,N,12,0,1,8191,12,6,0,2,1,150220.0,9,501,25-02800,1,2,37,2,2,2,2,N,1,8191,0,N,130000.0,9,501,76.92307692307693
235,41,2,2,2,2,N,5,0,1,4971,6,1,0,2,2,8000.0,2,83,25-00503,6,1,45,2,2,2,2,N,1,4972,2,4,24000.0,4,186,46.15384615384615
236,57,2,2,2,2,N,9,0,1,170,1,1,2,4,1,271000.0,9,501,25-00703,1,1,33,2,2,2,2,N,1,370,2,4,100000.0,8,501,69.23076923076923
237,37,2,2,2,2,N,1,4,1,7460,10,6,1,6,2,58000.0,6,501,25-00503,1,1,32,2,2,2,2,N,1,7770,1,6,23300.0,3,175,61.53846153846154
238,46,2,2,2,2,N,9,0,1,170,0,1,1,3,1,67000.0,7,501,25-00703,1,2,46,2,2,2,2,N,1,170,1,4,107000.0,8,501,76.92307692307693
239,59,2,2,2,2,N,5,0,1,3390,4,1,0,2,2,31000.0,4,178,25-01000,1,1,66,2,2,1,2,N,1,2880,0,2,50000.0,6,501,53.84615384615385
240,69,2,2,2,2,N,11,0,1,7870,11,1,0,2,1,200500.0,9,501,25-01300,1,1,43,2,2,2,2,N,1,7860,2,4,146400.0,9,501,61.53846153846154
241,0,2,2,N,N,N,N,4,1,N,N,N,1,6,2,N,N,137,25-00703,2,1,2,2,2,N,N,N,1,N,2,3,N,N,103,69.23076923076923
242,77,1,2,2,2,N,6,0,1,N,N,3,0,N,1,83000.0,7,501,25-00503,1,1,77,2,2,2,2,N,1,N,0,N,34100.0,4,282,69.23076923076923
243,55,2,2,2,2,N,9,0,1,8680,14,4,0,6,1,100000.0,8,501,25-02800,1,1,55,2,2,2,2,N,1,8561,1,2,-4600.0,0,0,53.84615384615385
244,55,2,2,2,2,N,9,0,1,8370,13,1,1,4,1,160000.0,9,501,25-00703,1,1,55,2,2,2,2,N,1,8370,1,3,0.0,0,439,69.23076923076923
245,31,2,2,2,2,N,7,0,1,4090,5,1,0,5,1,79400.0,7,501,25-02800,1,1,42,2,2,2,2,N,1,4170,0,2,80000.0,7,501,69.23076923076923
246,57,2,2,2,2,N,5,0,1,6992,9,1,0,3,1,80000.0,7,501,25-01000,1,2,57,2,2,2,2,N,1,7071,0,3,5000.0,1,501,76.92307692307693
247,54,2,2,2,2,N,5,0,1,2180,4,4,0,2,1,25000.0,4,366,25-00703,1,2,61,2,2,2,2,N,1,1990,0,N,35000.0,5,267,53.84615384615385
248,26,2,2,2,1,N,5,0,1,N,N,6,2,4,1,0.0,0,501,25-00703,1,1,19,2,2,2,2,N,1,N,1,4,40.0,0,269,61.53846153846154
249,78,2,2,2,2,N,8,0,1,N,N,1,0,2,1,43400.0,5,501,25-01000,6,2,39,2,2,2,2,N,1,N,3,5,0.0,0,501,61.53846153846154
250,44,2,2,2,2,N,9,0,1,770,3,6,1,3,1,127000.0,9,501,25-00703,1,2,69,2,2,2,2,N,1,770,0,2,83200.0,7,501,61.53846153846154
251,35,2,2,2,2,N,10,0,1,6991,9,6,0,N,1,70000.0,7,501,25-00503,1,1,62,2,2,2,2,N,1,6870,0,N,98500.0,8,501,69.23076923076923
252,0,2,2,N,N,N,N,0,1,N,N,N,1,3,1,N,N,501,25-00703,9,1,0,2,2,N,N,N,1,N,0,5,N,N,501,84.61538461538461
253,25,2,2,2,2,N,9,0,1,770,3,6,0,3,2,69000.0,7,501,25-00503,1,1,32,2,2,2,2,N,1,770,0,N,60000.0,6,454,61.53846153846154
254,37,2,2,2,2,N,9,0,1,9180,15,6,0,N,2,41600.0,5,314,25-00703,1,2,32,2,2,2,2,N,1,8990,0,N,41600.0,5,316,76.92307692307693
255,7,2,2,2,2,N,3,4,1,N,N,N,2,3,1,N,N,362,25-00503,1,1,14,2,2,2,2,N,1,N,2,4,N,N,501,76.92307692307693
256,45,2,1,2,2,N,9,0,1,7390,10,1,2,5,1,710.0,1,222,25-01300,2,2,39,2,2,2,2,N,1,7380,4,7,190000.0,9,501,38.46153846153847
257,5,2,2,2,2,N,2,0,1,N,N,N,2,4,2,N,N,501,25-00503,6,1,6,2,2,2,2,N,1,N,2,5,N,N,374,76.92307692307693
258,66,2,2,2,2,N,9,0,1,8191,12,1,0,2,1,122100.0,8,501,25-00703,6,1,45,2,2,2,2,N,1,8191,2,7,100000.0,8,501,69.23076923076923
259,19,2,2,2,2,N,7,0,3,8470,13,6,N,N,0,0.0,0,N,25-00703,1,2,19,2,2,2,1,N,3,8470,N,N,6020.0,1,N,76.92307692307693
260,62,2,2,2,2,N,6,0,1,8191,12,1,0,2,1,12300.0,2,501,25-02800,1,2,57,2,2,2,2,N,1,8191,0,4,24800.0,4,501,69.23076923076923
261,57,2,2,2,2,N,10,0,1,7071,9,4,0,N,1,109000.0,8,501,25-00703,1,1,51,2,2,2,2,N,1,6991,0,N,109000.0,8,501,84.61538461538461
262,57,2,2,2,2,N,7,0,1,2190,4,1,0,2,1,40000.0,5,501,25-00503,1,1,47,2,2,2,2,N,1,3380,1,3,135000.0,9,501,53.84615384615385
263,50,2,2,2,2,N,5,0,1,7870,11,1,0,2,1,60000.0,6,501,25-02800,1,1,60,2,2,2,2,N,1,7880,0,4,141000.0,9,501,61.53846153846154
264,45,2,2,2,2,N,9,0,1,7860,11,1,2,4,2,20000.0,3,501,25-00503,1,2,43,2,2,2,2,N,1,7860,0,2,26000.0,4,501,61.53846153846154
265,62,2,2,2,2,N,8,0,1,570,2,1,0,2,1,79300.0,7,501,25-01000,1,1,65,1,2,2,2,N,1,570,0,2,98100.0,8,501,69.23076923076923
266,65,2,2,2,2,3,9,0,1,6180,7,4,0,5,1,46900.0,5,501,25-00703,1,1,53,2,2,2,2,3,1,6190,1,2,44800.0,5,271,53.84615384615385
267,65,2,2,2,2,N,8,0,1,6670,8,4,0,N,2,100000.0,8,501,25-02800,1,1,66,2,2,2,2,N,1,6670,0,N,100000.0,8,501,92.3076923076923
268,32,2,2,2,2,N,5,0,1,9180,15,6,0,N,2,76800.0,7,501,25-00703,1,1,52,2,2,2,2,N,1,9290,1,3,58000.0,6,438,46.15384615384615
269,0,2,2,N,N,N,N,0,1,N,N,N,1,2,2,N,N,193,25-01300,1,1,0,2,2,N,N,N,1,N,1,2,N,N,334,92.3076923076923
270,7,2,2,2,2,N,2,0,1,N,N,N,2,4,1,N,N,501,25-01300,6,1,7,2,2,2,2,N,1,N,2,4,N,N,501,100.0
271,33,2,2,2,2,N,7,0,1,8680,14,1,1,3,1,45000.0,5,501,25-00503,1,1,62,2,2,2,2,N,1,8590,0,2,47140.0,5,279,53.84615384615385
272,72,2,2,2,2,N,7,0,1,N,N,1,0,2,1,26000.0,4,373,25-02800,9,1,72,2,2,1,2,N,1,N,0,2,12400.0,2,501,69.23076923076923
273,59,2,2,2,2,N,5,0,1,770,3,4,0,N,1,33400.0,4,257,25-01000,1,1,43,2,2,2,2,N,1,770,2,3,50000.0,6,243,53.84615384615385
274,65,2,2,2,2,N,7,0,1,7770,10,3,0,N,1,63000.0,6,501,25-00703,1,2,50,2,2,2,2,N,1,7670,1,4,65000.0,7,501,53.84615384615385
275,39,2,2,2,2,N,12,0,1,7460,10,1,1,3,2,95000.0,8,501,25-02800,1,2,36,2,2,2,2,N,1,7460,0,2,80000.0,7,501,61.53846153846154
276,68,2,2,2,2,N,8,0,1,N,N,6,0,N,1,64000.0,7,494,25-00703,1,2,84,1,2,1,2,N,1,N,0,3,23100.0,3,501,46.15384615384615
277,73,2,2,2,2,N,5,0,1,N,N,1,0,2,2,11480.0,2,83,25-00503,6,2,72,1,2,2,2,N,1,N,0,2,2400.0,1,31,61.53846153846154
278,18,2,2,2,2,N,4,0,1,8680,14,6,0,4,1,3400.0,1,501,25-01300,9,1,18,2,2,2,2,N,1,8670,1,4,1140.0,1,501,76.92307692307693
279,56,2,2,2,2,N,9,0,1,8590,14,1,0,2,2,116900.0,8,501,25-00703,1,2,43,2,2,2,2,N,1,8590,3,5,29600.0,4,143,53.84615384615385
280,44,2,2,2,2,N,10,0,1,6991,9,4,1,2,1,66000.0,7,353,25-02800,1,1,47,2,2,2,2,N,1,6970,0,N,200000.0,9,501,46.15384615384615
281,52,2,2,2,2,N,12,0,1,8191,12,1,2,4,1,627000.0,9,501,25-01300,6,1,43,2,2,2,2,N,1,8080,2,4,135000.0,9,501,76.92307692307693
282,69,2,2,2,2,N,7,0,1,N,N,2,0,N,1,2230.0,1,16,25-01300,1,2,69,2,2,1,2,N,1,N,0,N,13700.0,2,113,69.23076923076923
283,67,2,2,2,2,N,8,0,1,N,N,6,0,N,2,69200.0,7,501,25-02800,1,2,69,2,2,2,2,N,1,N,0,N,8560.0,2,70,69.23076923076923
284,40,2,2,2,2,N,4,0,1,N,N,1,2,4,1,0.0,0,501,25-01300,1,2,65,2,2,2,2,N,1,N,0,2,39280.0,5,501,61.53846153846154
285,69,2,2,2,2,N,5,0,1,7071,9,1,0,2,1,51000.0,6,368,25-00503,1,1,64,2,2,2,2,N,1,7071,0,6,60000.0,6,365,69.23076923076923
286,30,2,2,2,2,N,10,0,1,7380,10,6,0,N,2,124000.0,9,501,25-00503,1,2,34,2,2,2,2,N,1,7460,0,N,90000.0,8,501,69.23076923076923
287,30,2,2,2,2,N,7,0,1,180,0,6,0,N,1,51800.0,6,456,25-00703,1,2,30,2,2,2,2,N,1,180,0,3,35000.0,5,501,69.23076923076923
288,19,2,2,2,2,N,7,0,3,N,N,6,N,N,0,0.0,0,N,25-00703,1,1,18,2,2,2,1,N,3,N,N,N,0.0,0,N,84.61538461538461
289,43,2,2,2,2,N,9,0,1,7280,10,4,3,4,1,325200.0,9,501,25-01000,1,1,63,2,2,2,2,N,1,7280,0,N,17700.0,3,133,53.84615384615385
290,60,2,2,2,2,N,7,0,1,5680,6,1,0,3,1,50000.0,6,501,25-01300,1,1,65,2,2,1,2,N,1,5670,0,3,31000.0,4,331,53.84615384615385
291,55,2,2,2,2,N,5,0,1,7860,11,4,0,4,1,60000.0,6,478,25-00703,1,1,76,2,2,2,2,N,1,7860,1,4,42900.0,5,501,61.53846153846154
292,17,2,2,2,2,N,4,0,1,8470,13,6,2,4,1,4800.0,1,501,25-01000,1,1,17,2,2,2,2,N,1,8470,2,4,5820.0,1,501,92.3076923076923
293,66,2,2,2,2,N,10,0,1,9160,15,1,0,2,2,26000.0,4,402,25-02800,1,2,65,2,2,2,2,N,1,9160,0,2,53000.0,6,501,69.23076923076923
294,36,2,2,2,2,N,10,0,1,5275,6,6,0,N,1,70000.0,7,501,25-00503,1,1,38,2,2,2,2,N,1,5593,0,N,180000.0,9,501,69.23076923076923
295,15,2,2,2,2,N,4,0,1,N,N,6,2,4,2,60.0,0,212,25-01300,6,2,15,2,2,2,2,N,1,N,2,4,0.0,0,501,84.61538461538461
296,70,2,2,2,2,N,5,0,1,7071,9,3,0,N,1,28900.0,4,231,25-01300,1,2,71,2,2,2,2,N,1,6991,0,N,67800.0,7,501,61.53846153846154
297,53,2,2,2,2,N,7,0,1,5070,6,1,0,5,1,83000.0,7,501,25-00503,1,2,31,2,2,2,2,N,1,4971,0,2,35000.0,5,501,61.53846153846154
298,49,2,2,2,2,N,10,0,1,1770,4,1,0,3,1,200000.0,9,501,25-00703,1,2,47,2,2,2,2,N,1,2190,1,3,627000.0,9,501,69.23076923076923
299,78,2,2,2,2,N,5,0,1,N,N,3,0,6,2,0.0,0,262,25-02800,1,1,81,2,2,2,2,N,1,N,0,N,10800.0,2,88,61.53846153846154
300,41,2,2,2,2,N,5,0,1,8680,14,1,1,3,1,0.0,0,501,25-00503,1,2,72,2,2,2,2,N,1,8680,0,2,35600.0,5,321,53.84615384615385
301,70,2,2,2,2,N,5,0,1,N,N,1,0,2,1,11400.0,2,493,25-01300,7,2,70,2,2,2,2,N,1,N,0,3,26710.0,4,501,69.23076923076923
302,47,2,2,2,2,N,5,0,1,5690,6,4,3,4,1,1000.0,1,0,25-01000,1,2,47,2,2,2,2,N,1,5170,0,3,16600.0,3,240,53.84615384615385
303,50,2,2,2,2,N,8,0,1,6680,8,1,2,4,1,80000.0,7,501,25-02800,1,2,48,2,2,2,2,N,1,6690,0,3,78000.0,7,501,61.53846153846154
304,64,1,2,2,2,5,9,0,1,8191,12,4,0,N,1,170000.0,9,501,25-01300,1,2,45,2,2,2,2,N,1,8191,0,N,105000.0,8,501,61.53846153846154
305,87,2,2,2,2,N,7,0,1,N,N,2,0,N,1,9900.0,2,72,25-01000,1,2,74,1,2,1,2,N,1,N,0,2,9160.0,2,52,53.84615384615385
306,89,1,2,2,2,N,10,0,1,N,N,6,0,N,2,0.0,0,0,25-01000,1,1,84,2,2,2,2,N,1,N,0,N,16700.0,3,137,61.53846153846154
307,29,2,2,2,2,N,9,0,1,4580,5,6,0,2,2,70000.0,7,501,25-02800,1,1,28,2,2,2,2,N,1,4580,0,2,100000.0,8,501,76.92307692307693
308,27,2,2,2,2,N,10,0,1,8590,14,6,0,N,1,36100.0,5,268,25-01000,1,1,49,2,2,2,1,N,1,8564,0,2,9500.0,2,293,46.15384615384615
309,36,2,2,2,2,N,7,0,1,8370,13,1,2,4,2,38000.0,5,305,25-02800,2,2,35,2,2,2,2,N,1,8370,1,3,38000.0,5,284,69.23076923076923
310,9,2,2,2,2,N,3,0,1,N,N,N,2,4,1,N,N,501,25-01000,2,2,9,2,2,2,2,N,1,N,2,4,N,N,470,92.3076923076923
311,48,2,2,2,2,N,5,0,1,7380,10,1,2,4,1,98000.0,8,501,25-01000,1,2,58,2,2,2,1,N,1,7280,0,2,30000.0,4,451,38.46153846153847
312,63,2,2,2,2,N,10,0,1,4195,5,1,0,2,1,100000.0,8,501,25-01000,1,1,46,2,2,2,2,N,1,4170,2,4,109000.0,8,501,61.53846153846154
313,55,2,2,2,2,N,7,0,1,8270,12,6,0,N,2,9950.0,2,77,25-00703,1,1,27,2,2,2,2,N,1,8090,0,N,32000.0,4,244,61.53846153846154
314,16,2,2,2,2,N,4,0,1,N,N,6,2,3,1,0.0,0,88,25-00703,6,2,16,2,2,2,2,N,1,N,2,7,0.0,0,501,84.61538461538461
315,2,2,2,N,N,N,N,4,1,N,N,N,3,5,1,N,N,501,25-02800,1,2,2,2,2,N,N,N,1,N,1,3,N,N,501,84.61538461538461
316,53,2,2,2,2,N,6,0,1,770,3,4,2,5,1,102000.0,8,396,25-01300,1,1,52,2,2,2,2,N,1,770,0,3,50000.0,6,278,53.84615384615385
317,49,2,2,2,2,N,11,0,1,4170,5,1,1,3,1,151000.0,9,501,25-01300,1,2,47,2,2,2,2,N,1,4195,1,3,310000.0,9,501,76.92307692307693
318,23,2,2,2,2,N,9,0,1,6880,9,6,0,4,1,13000.0,2,501,25-00503,1,2,30,2,2,2,2,N,1,6991,0,4,50000.0,6,501,69.23076923076923
319,69,2,2,2,2,N,8,0,1,8370,13,1,0,2,1,50000.0,6,501,25-02800,1,2,54,2,2,2,1,N,1,8470,2,5,28000.0,4,501,46.15384615384615
320,64,2,2,2,2,N,7,0,1,8564,14,3,0,N,2,26000.0,4,206,25-00503,1,1,64,2,2,2,2,N,1,8564,0,N,21300.0,3,160,76.92307692307693
321,51,2,2,2,2,N,8,0,1,770,3,1,0,4,1,130000.0,9,501,25-02800,1,2,53,2,2,2,2,N,1,770,0,2,110000.0,8,501,69.23076923076923
322,25,2,2,2,2,N,9,0,1,9570,16,6,0,2,1,0.0,0,0,25-02800,1,1,73,2,2,2,2,N,1,9570,0,N,77000.0,7,501,61.53846153846154
323,77,2,2,1,2,N,9,0,1,2270,4,4,0,N,2,213500.0,9,501,25-00503,1,1,45,2,2,2,2,N,1,3365,0,N,275000.0,9,501,69.23076923076923
324,54,2,2,2,2,N,9,1,1,N,N,1,0,4,1,0.0,0,501,25-01300,1,2,54,2,2,2,2,N,1,N,0,4,0.0,0,501,100.0
325,72,2,2,1,1,N,9,0,1,8370,13,4,1,2,2,111700.0,8,501,25-00703,1,2,72,2,2,2,2,N,1,8370,0,N,79500.0,7,501,53.84615384615385
326,55,2,2,1,1,N,4,0,3,N,N,6,N,N,0,103000.0,8,N,25-01300,1,2,50,2,2,2,1,N,3,N,N,N,9000.0,2,68,61.53846153846154
327,67,2,1,1,1,N,6,0,2,N,N,2,N,N,0,10500.0,2,N,25-00703,1,2,57,2,2,1,2,N,2,N,N,N,17200.0,3,N,61.53846153846154
328,70,2,2,2,2,N,7,0,1,770,3,4,0,N,1,28900.0,4,233,25-00703,1,2,74,2,2,2,2,N,1,770,0,N,37300.0,5,308,69.23076923076923
329,2,2,2,N,N,N,N,1,1,N,N,N,5,6,1,N,N,501,25-01300,1,2,2,2,2,N,N,N,1,N,2,4,N,N,501,84.61538461538461
330,5,2,2,2,1,N,1,0,1,N,N,N,2,4,1,N,N,454,25-01300,2,2,5,2,2,2,2,N,1,N,4,7,N,N,501,69.23076923076923
331,18,2,2,2,2,N,7,0,3,1990,4,6,N,N,0,4000.0,1,N,25-00503,1,2,18,2,2,2,2,N,3,1990,N,N,4100.0,1,N,92.3076923076923
332,75,2,2,1,1,N,7,0,1,N,N,3,0,N,2,14100.0,3,123,25-01000,1,2,69,2,2,2,2,N,1,N,0,N,26200.0,4,214,53.84615384615385
333,48,2,2,2,2,N,4,0,1,6070,7,4,0,6,1,14400.0,3,174,25-01000,1,2,43,2,2,2,2,N,1,6370,0,5,41000.0,5,501,53.84615384615385
334,18,2,2,2,2,N,4,0,1,6570,8,6,0,4,1,7400.0,2,501,25-00703,1,2,16,2,2,2,2,N,1,6770,4,6,1600.0,1,501,53.84615384615385
335,54,2,2,1,2,N,4,0,1,6170,7,1,0,4,1,39800.0,5,222,25-02800,1,1,50,2,2,2,2,N,1,6290,0,2,55000.0,6,501,46.15384615384615
336,50,2,2,2,2,N,4,0,1,7071,9,1,1,6,1,22700.0,3,501,25-02800,1,2,67,2,2,2,2,N,1,7071,0,2,3100.0,1,501,61.53846153846154
337,70,2,2,2,2,N,12,0,1,3291,4,1,0,3,1,135000.0,9,501,25-01300,6,2,44,2,2,2,2,N,1,3570,2,4,135000.0,9,501,69.23076923076923
338,24,2,2,2,2,N,10,0,1,5170,6,1,1,3,1,35100.0,5,501,25-00503,6,2,50,2,2,2,2,N,1,5570,2,4,15000.0,3,501,53.84615384615385
339,10,2,2,2,2,N,3,0,1,N,N,N,1,3,1,N,N,276,25-01300,9,1,10,2,2,2,2,N,1,N,2,4,N,N,276,84.61538461538461
340,3,2,2,N,N,N,1,4,1,N,N,N,0,4,2,N,N,44,25-00503,2,1,3,2,2,N,N,N,1,N,1,6,N,N,137,76.92307692307693
341,69,2,2,2,2,N,9,0,1,N,N,4,0,N,1,80000.0,7,501,25-01300,1,2,68,2,2,2,2,N,1,N,0,N,80000.0,7,501,92.3076923076923
342,73,2,2,2,2,N,9,0,1,4580,5,6,0,N,2,21300.0,3,169,25-01300,1,1,24,2,2,2,1,N,1,4490,0,N,35000.0,5,266,53.84615384615385
343,61,2,2,2,2,N,7,0,1,6180,7,6,0,N,1,48900.0,6,354,25-01000,1,1,36,2,2,2,2,N,1,6290,0,N,100000.0,8,501,61.53846153846154
344,48,2,2,2,2,N,10,0,1,7860,11,1,0,3,2,62000.0,6,501,25-01300,1,2,48,2,2,2,2,N,1,7860,0,3,250000.0,9,501,84.61538461538461
345,35,2,2,2,2,N,10,0,1,8370,13,6,0,N,1,120000.0,8,501,25-00703,1,2,54,2,2,2,1,N,1,8370,0,N,5400.0,1,41,61.53846153846154
346,17,2,2,2,1,N,4,0,1,8670,14,6,2,4,1,1500.0,1,86,25-00503,6,1,70,2,2,2,2,N,1,8680,0,2,5000.0,1,162,46.15384615384615
347,54,2,2,2,2,N,11,0,1,7580,10,6,0,N,1,235000.0,9,501,25-00703,1,2,42,2,2,2,2,N,1,7280,0,N,251200.0,9,501,76.92307692307693
348,53,2,2,2,2,N,9,0,1,6190,7,1,1,3,1,140000.0,9,501,25-00703,1,1,71,2,2,2,2,N,1,6190,0,3,72000.0,7,501,69.23076923076923
349,15,2,2,2,2,N,4,0,1,N,N,6,1,3,1,0.0,0,501,25-00703,6,1,16,2,2,2,2,N,1,N,1,3,-1600.0,0,501,84.61538461538461
350,14,2,2,2,2,N,4,0,1,N,N,N,4,6,1,N,N,215,25-01300,1,2,14,2,2,2,2,N,1,N,2,5,N,N,N,76.92307692307693
351,28,2,2,2,2,N,10,0,1,7470,10,6,0,N,2,45000.0,5,378,25-00703,1,1,26,2,2,2,2,N,1,7470,0,N,50000.0,6,381,69.23076923076923
352,42,2,2,2,2,N,9,0,1,7460,10,4,2,4,1,172000.0,9,501,25-00503,6,2,37,2,2,2,2,N,1,7380,3,4,77600.0,7,302,53.84615384615385
353,86,2,2,2,2,N,3,0,1,N,N,3,0,3,1,9000.0,2,330,25-01300,1,2,89,1,2,1,2,N,1,N,0,N,21300.0,3,175,46.15384615384615
354,54,2,2,2,1,N,5,0,1,N,N,6,0,N,2,0.0,0,0,25-02800,1,2,60,2,2,2,2,N,1,N,0,N,8520.0,2,64,61.53846153846154
355,51,2,2,2,2,N,9,0,1,8191,12,2,1,3,1,127000.0,9,501,25-00703,1,2,23,2,2,2,2,N,1,7970,0,2,5000.0,1,289,46.15384615384615
356,75,1,2,1,2,N,8,0,1,N,N,3,0,N,1,12600.0,2,98,25-02800,1,1,78,2,2,2,2,N,1,N,0,N,24300.0,4,201,53.84615384615385
357,53,2,2,1,1,N,5,0,1,770,3,6,0,2,1,40000.0,5,498,25-00703,6,1,24,2,2,2,2,N,1,770,2,7,25000.0,4,501,38.46153846153847
358,78,2,2,1,2,N,11,0,1,N,N,1,0,2,1,36200.0,5,321,25-01000,1,2,78,2,2,2,2,N,1,N,0,2,12000.0,2,501,69.23076923076923
359,25,2,2,2,2,N,9,0,1,6870,9,6,0,6,1,50000.0,6,501,25-01000,1,2,47,2,2,2,2,N,1,6991,0,N,78000.0,7,501,61.53846153846154
360,19,2,2,2,2,N,7,4,3,N,N,6,N,N,0,0.0,0,N,25-00503,1,2,19,2,2,2,2,N,2,N,N,N,0.0,0,N,92.3076923076923
361,22,2,2,2,2,N,5,0,1,2590,4,6,1,3,2,7000.0,2,193,25-00503,1,1,24,2,2,2,1,N,1,2880,0,3,29000.0,4,443,46.15384615384615
362,86,1,2,2,2,N,9,0,1,N,N,3,0,N,2,59000.0,6,454,25-01300,1,1,86,1,2,1,2,N,1,N,0,N,84000.0,7,501,69.23076923076923
363,87,2,2,1,2,N,9,0,1,8660,14,3,0,N,1,49200.0,6,378,25-00703,1,2,66,2,2,2,2,N,1,8680,0,3,423000.0,9,501,46.15384615384615
364,28,2,2,2,2,N,12,0,1,7870,11,1,0,2,1,35000.0,5,501,25-00503,6,1,37,2,2,2,2,N,1,7870,2,4,90000.0,8,347,53.84615384615385
365,30,2,2,2,2,N,9,0,1,7890,11,6,0,N,2,9000.0,2,63,25-02800,1,1,30,2,2,2,2,N,1,7890,0,N,32000.0,4,244,76.92307692307693
366,39,2,2,2,2,N,5,0,1,4971,6,6,0,N,2,12000.0,2,91,25-00503,1,1,58,2,2,2,2,N,1,4990,0,N,38000.0,5,286,61.53846153846154
367,19,2,2,2,2,N,5,0,1,8470,13,6,0,3,1,39000.0,5,501,25-01300,1,2,18,2,2,2,2,N,1,8470,1,4,5400.0,1,483,53.84615384615385
368,39,2,2,2,2,N,7,0,1,8680,14,4,1,2,2,12000.0,2,99,25-01300,1,2,55,2,2,2,2,N,1,8590,0,N,60400.0,6,459,46.15384615384615
369,77,2,2,1,1,N,6,0,2,N,N,6,N,N,0,10500.0,2,N,25-01000,1,2,77,2,2,1,1,N,2,N,N,N,9400.0,2,N,92.3076923076923
370,25,2,2,2,2,N,9,0,1,6290,7,6,0,3,1,48000.0,6,501,25-00703,1,2,25,2,2,2,2,N,1,6290,0,3,55000.0,6,445,84.61538461538461
371,25,2,2,2,2,N,6,0,1,5790,6,6,0,3,1,25000.0,4,501,25-00503,1,1,32,2,2,2,2,N,1,5275,0,3,9500.0,2,318,61.53846153846154
372,16,2,2,2,2,N,4,0,1,N,N,6,2,4,1,1200.0,1,501,25-00503,9,2,16,2,2,2,2,N,1,N,2,4,0.0,0,501,84.61538461538461
373,77,2,2,2,2,N,11,0,1,7980,12,1,0,2,1,110000.0,8,501,25-01000,1,2,40,2,2,2,2,N,1,8090,2,4,250050.0,9,501,53.84615384615385
374,55,2,2,1,1,N,9,0,1,9170,15,4,0,N,2,18000.0,3,137,25-02800,1,2,55,2,2,1,1,N,1,9290,0,N,18000.0,3,135,84.61538461538461
375,59,2,2,2,2,N,10,0,1,7460,10,6,0,N,1,84300.0,7,501,25-01000,1,2,52,2,2,2,2,N,1,7460,0,N,148000.0,9,501,76.92307692307693
376,50,2,2,2,2,N,6,0,1,7270,10,1,4,7,1,56000.0,6,501,25-01300,1,1,43,2,2,2,2,N,1,7270,1,4,85000.0,8,501,61.53846153846154
377,47,2,2,2,2,N,9,0,1,3370,4,1,2,4,1,5000.0,1,501,25-00503,6,2,46,2,2,2,2,N,1,3370,2,4,5000.0,1,501,92.3076923076923
378,56,2,2,2,2,N,10,0,1,6970,9,4,0,2,1,15000.0,3,475,25-01300,1,2,56,2,2,2,2,N,1,6970,0,N,100000.0,8,501,69.23076923076923
379,18,2,2,2,2,N,5,0,3,8470,13,6,N,N,0,5900.0,1,N,25-00703,1,1,18,2,2,2,2,N,3,8470,N,N,3500.0,1,N,92.3076923076923
380,69,2,2,2,2,N,7,0,1,7860,11,1,0,3,1,36000.0,5,501,25-00703,1,1,63,2,2,2,2,N,1,7860,0,2,52000.0,6,424,61.53846153846154
381,22,2,2,2,2,N,9,0,1,8570,14,6,0,N,2,6500.0,1,41,25-02800,1,2,52,2,2,2,2,N,1,8590,0,N,42000.0,5,317,61.53846153846154
382,34,2,2,2,2,N,9,0,1,3370,4,1,1,3,2,300300.0,9,501,25-02800,6,2,33,2,2,2,2,N,1,3570,1,3,100000.0,8,501,69.23076923076923
383,31,2,2,2,2,N,9,0,1,7380,10,1,1,3,1,42000.0,5,501,25-01000,2,2,34,2,2,2,2,N,1,7480,2,4,70000.0,7,470,46.15384615384615
384,47,2,2,2,2,N,10,0,1,6991,9,6,0,N,1,250000.0,9,501,25-02800,1,2,29,2,2,2,2,N,1,6970,0,N,90000.0,8,501,69.23076923076923
385,71,1,2,2,2,N,8,0,1,7860,11,1,0,2,1,60000.0,6,501,25-00503,1,1,71,2,2,2,2,N,1,7860,0,2,38000.0,5,327,69.23076923076923
386,7,2,2,2,2,N,2,0,1,N,N,N,2,4,2,N,N,374,25-01300,6,1,7,2,2,2,2,N,1,N,2,4,N,N,501,92.3076923076923
387,54,2,2,2,2,N,7,0,1,8990,15,6,0,N,1,29960.0,4,227,25-01000,1,2,56,2,2,2,2,N,1,8990,0,N,7000.0,2,53,69.23076923076923
388,49,2,2,2,2,N,1,0,1,8191,12,1,0,2,1,80000.0,7,501,25-02800,1,1,57,2,2,2,2,N,1,8090,0,4,32500.0,4,248,53.84615384615385
389,67,2,2,2,2,N,11,0,1,N,N,1,0,2,1,30.0,0,501,25-00503,1,2,67,2,2,2,2,N,1,N,0,2,26700.0,4,501,84.61538461538461
390,53,2,2,2,2,N,7,0,1,680,2,1,0,6,1,120000.0,8,501,25-00503,1,1,57,2,2,2,2,N,1,680,0,6,85000.0,8,501,84.61538461538461
391,57,2,2,2,2,N,8,0,1,3365,4,1,0,3,1,44000.0,5,501,25-00503,1,1,67,2,2,2,2,N,1,2270,0,3,124000.0,9,501,69.23076923076923
392,36,2,2,2,2,N,10,0,1,9090,15,6,0,N,1,180000.0,9,501,25-00503,1,1,72,2,2,2,2,N,1,9160,0,N,78300.0,7,501,69.23076923076923
393,40,2,2,2,2,N,8,0,1,4971,6,1,0,2,1,125000.0,9,501,25-01300,1,1,59,2,2,2,2,N,1,4770,0,3,180000.0,9,501,69.23076923076923
394,75,2,2,2,2,N,12,0,1,6390,7,1,0,2,1,31910.0,4,463,25-00703,1,1,79,2,2,2,2,N,1,6390,0,2,31910.0,4,271,84.61538461538461
395,45,2,2,2,1,N,6,0,1,1870,4,1,2,4,1,0.0,0,501,25-01000,1,1,56,2,2,2,2,N,1,3291,1,4,60000.0,6,300,46.15384615384615
396,55,2,2,2,2,N,12,0,1,7860,11,1,2,5,1,10000.0,2,501,25-02800,6,2,55,2,2,2,2,N,1,7860,0,2,10000.0,2,501,84.61538461538461
397,40,2,2,2,2,N,4,0,1,8680,14,1,0,2,2,27000.0,4,240,25-02800,1,2,56,2,2,2,2,N,1,8680,0,2,62000.0,6,501,69.23076923076923
398,71,1,2,2,2,N,8,0,1,7860,11,1,0,2,1,24000.0,4,147,25-00503,1,2,63,2,2,2,2,N,1,7860,0,2,25000.0,4,147,76.92307692307693
399,53,2,2,2,2,N,5,0,2,4670,6,4,N,N,0,175000.0,9,N,25-01000,1,1,54,2,2,2,2,N,3,4670,N,N,0.0,0,0,61.53846153846154
400,7,2,2,2,2,N,3,0,1,N,N,N,2,4,1,N,N,501,25-01000,9,1,8,2,2,2,2,N,1,N,2,5,N,N,501,84.61538461538461
401,85,2,2,2,2,N,9,0,1,6190,7,1,0,5,1,1341000.0,9,501,25-02800,1,1,58,2,2,2,2,N,1,6070,0,2,631300.0,9,501,69.23076923076923
402,31,2,2,2,2,N,5,0,1,770,3,6,0,N,2,50000.0,6,373,25-00703,1,1,34,2,2,2,2,N,1,770,0,N,50000.0,6,380,84.61538461538461
403,35,2,2,2,2,N,7,0,1,770,3,6,0,3,1,45000.0,5,500,25-00503,1,1,22,2,2,2,2,N,1,770,0,3,10000.0,2,501,69.23076923076923
404,67,2,2,2,2,N,8,0,1,9170,15,1,0,2,1,55000.0,6,501,25-02800,1,1,67,2,2,1,2,N,1,9170,0,2,39200.0,5,307,69.23076923076923
405,13,2,2,2,2,N,3,0,1,N,N,N,1,4,2,N,N,501,25-01300,6,1,10,2,2,2,2,N,1,N,2,4,N,N,273,76.92307692307693
406,29,2,2,2,2,N,7,0,1,8770,15,6,0,4,1,450.0,1,33,25-01300,1,1,19,2,2,2,2,N,1,9070,1,5,4890.0,1,399,53.84615384615385
407,45,2,2,2,2,N,9,0,1,6690,8,6,0,N,1,170000.0,9,501,25-00703,1,1,22,2,2,2,2,N,1,6490,0,4,5000.0,1,501,61.53846153846154
408,57,2,2,2,2,N,10,0,1,8191,12,6,0,N,1,130000.0,9,501,25-02800,1,1,68,2,2,2,2,N,1,7970,0,N,158000.0,9,501,76.92307692307693
409,38,2,2,2,2,N,7,0,1,3380,4,6,0,N,2,49000.0,6,380,25-00703,1,1,31,2,2,2,2,N,1,3980,0,N,30000.0,4,227,61.53846153846154
410,22,2,2,2,2,N,9,0,1,8680,14,6,1,4,1,10000.0,2,285,25-01300,1,2,56,2,2,2,2,N,1,8680,0,2,73000.0,7,429,53.84615384615385
411,59,2,2,2,2,N,5,0,1,770,3,4,1,3,1,43500.0,5,376,25-01300,1,1,59,2,2,2,2,N,1,770,0,N,102000.0,8,501,61.53846153846154
412,52,2,2,2,2,N,9,0,1,9170,15,6,0,N,1,300000.0,9,501,25-00703,1,2,54,2,2,2,2,N,1,9170,0,N,1140.0,1,8,69.23076923076923
413,36,2,2,2,2,N,10,0,1,6695,8,1,1,3,1,270000.0,9,501,25-01300,1,1,37,2,2,2,2,N,1,6695,1,3,90000.0,8,501,76.92307692307693
414,80,2,2,1,2,N,4,0,1,N,N,3,0,N,2,16600.0,3,138,25-00503,6,2,80,2,2,2,1,N,1,N,0,N,10800.0,2,88,61.53846153846154
415,38,2,2,2,2,N,9,0,1,8380,13,1,0,6,1,41000.0,5,501,25-02800,1,2,33,2,2,2,2,N,1,8470,1,3,25000.0,4,501,53.84615384615385
416,72,2,2,1,2,N,6,0,1,N,N,1,0,2,2,10300.0,2,31,25-02800,1,1,75,2,2,2,2,N,1,N,0,2,1400.0,1,233,61.53846153846154
417,68,2,2,2,2,N,3,0,1,N,N,3,0,4,1,17800.0,3,501,25-01000,1,2,89,1,1,1,2,N,1,N,0,N,36700.0,5,304,38.46153846153847
418,47,2,2,2,2,N,7,0,1,6180,7,1,1,4,1,42000.0,5,501,25-00503,1,1,55,2,2,2,2,N,1,6070,0,2,78500.0,7,501,53.84615384615385
419,50,2,2,2,2,N,7,0,1,3390,4,4,0,N,2,10100.0,2,76,25-00703,1,2,45,2,2,2,2,N,1,3390,1,2,52700.0,6,341,53.84615384615385
420,82,2,2,2,2,N,8,0,1,5381,6,3,0,3,1,9200.0,2,501,25-02800,1,2,78,2,2,2,2,N,1,5593,0,N,53500.0,6,437,53.84615384615385
421,40,2,2,2,2,N,9,4,1,7380,10,1,2,4,1,710.0,1,420,25-01000,8,2,40,2,2,2,2,N,1,7380,2,4,65000.0,7,431,76.92307692307693
422,35,2,2,2,2,N,9,0,1,8370,13,2,0,N,2,32100.0,4,246,25-00703,1,2,54,2,2,1,2,N,1,8370,0,2,12800.0,2,91,53.84615384615385
423,48,2,2,2,2,N,5,0,1,8690,14,1,0,3,2,32200.0,4,501,25-02800,1,1,68,2,2,2,2,N,1,8580,0,2,32200.0,4,478,69.23076923076923
424,6,2,2,2,2,N,3,0,1,N,N,N,3,5,1,N,N,336,25-02800,6,1,6,2,2,2,2,N,1,N,4,6,N,N,501,76.92307692307693
425,24,2,2,2,2,N,9,0,1,4971,6,1,0,2,2,24000.0,4,501,25-00703,1,2,76,2,2,2,2,N,1,5490,0,2,74700.0,7,501,69.23076923076923
426,64,1,2,1,2,N,7,0,1,N,N,2,0,N,2,10700.0,2,82,25-00503,1,1,64,1,2,1,1,N,1,N,0,N,16100.0,3,121,69.23076923076923
427,19,2,2,2,2,N,7,0,3,4971,6,6,N,N,0,1600.0,1,N,25-00503,6,2,19,2,2,2,2,N,3,4971,N,N,0.0,0,N,84.61538461538461
428,47,2,2,2,1,N,5,0,1,7870,11,6,0,2,2,12000.0,2,120,25-01300,1,1,53,2,2,2,2,N,1,7860,0,N,50000.0,6,379,46.15384615384615
429,34,2,2,2,2,N,10,0,1,8191,12,1,1,3,2,115000.0,8,501,25-02800,1,2,48,2,2,2,2,N,1,7970,0,6,70000.0,7,435,46.15384615384615
