{
    "data_description": {
        "target": {
            "filename": "ma2019",
            "records": 7634,
            "features": 24
        },
        "deid": {
            "filename": "tvae_demographic",
            "records": 7634,
            "features": 10,
            "labels": {
                "algorithm name": "tvae",
                "library": "sdv",
                "feature set": "demographic-focused",
                "target dataset": "ma2019",
                "variant label": ""
            },
            "validations": {
                "values_out_of_bound": {}
            }
        },
        "features": [
            {
                "Feature Name": "AGEP",
                "Feature Description": "Person's age",
                "Feature Type": "int64",
                "Feature Has 'N' (N/A) values?": false
            },
            {
                "Feature Name": "SEX",
                "Feature Description": "Person's gender",
                "Feature Type": "int64",
                "Feature Has 'N' (N/A) values?": false
            },
            {
                "Feature Name": "MSP",
                "Feature Description": "Marital Status",
                "Feature Type": "object of type string",
                "Feature Has 'N' (N/A) values?": true
            },
            {
                "Feature Name": "RAC1P",
                "Feature Description": "Person's Race",
                "Feature Type": "int64",
                "Feature Has 'N' (N/A) values?": false
            },
            {
                "Feature Name": "HOUSING_TYPE",
                "Feature Description": "Housing unit or group quarters",
                "Feature Type": "int64",
                "Feature Has 'N' (N/A) values?": false
            },
            {
                "Feature Name": "OWN_RENT",
                "Feature Description": "Housing unit rented or owned",
                "Feature Type": "int64",
                "Feature Has 'N' (N/A) values?": false
            },
            {
                "Feature Name": "EDU",
                "Feature Description": "Educational attainment",
                "Feature Type": "object of type string",
                "Feature Has 'N' (N/A) values?": true
            },
            {
                "Feature Name": "PINCP_DECILE",
                "Feature Description": "Person's total income rank (with respect to their state) discretized into 10% bins.",
                "Feature Type": "object of type string",
                "Feature Has 'N' (N/A) values?": true
            },
            {
                "Feature Name": "DVET",
                "Feature Description": "Veteran service connected disability rating (percentage)",
                "Feature Type": "object of type string",
                "Feature Has 'N' (N/A) values?": true
            },
            {
                "Feature Name": "DEYE",
                "Feature Description": "Vision difficulty",
                "Feature Type": "int32",
                "Feature Has 'N' (N/A) values?": false
            }
        ]
    },
    "Univariate": {
        "divergence": "univariate/divergence.csv",
        "counts": {
            "AGEP": {
                "counts": "univariate/AGEP_counts.csv",
                "plot": "univariate/AGEP.jpg"
            },
            "PINCP_DECILE": {
                "counts": "univariate/PINCP_DECILE_counts.csv",
                "plot": "univariate/PINCP_DECILE.jpg"
            },
            "EDU": {
                "counts": "univariate/EDU_counts.csv",
                "plot": "univariate/EDU.jpg"
            },
            "MSP": {
                "counts": "univariate/MSP_counts.csv",
                "plot": "univariate/MSP.jpg"
            },
            "SEX": {
                "counts": "univariate/SEX_counts.csv",
                "plot": "univariate/SEX.jpg"
            },
            "RAC1P": {
                "counts": "univariate/RAC1P_counts.csv",
                "plot": "univariate/RAC1P.jpg"
            },
            "DEYE": {
                "counts": "univariate/DEYE_counts.csv",
                "plot": "univariate/DEYE.jpg"
            },
            "DVET": {
                "counts": "univariate/DVET_counts.csv",
                "plot": "univariate/DVET.jpg"
            },
            "HOUSING_TYPE": {
                "counts": "univariate/HOUSING_TYPE_counts.csv",
                "plot": "univariate/HOUSING_TYPE.jpg"
            },
            "OWN_RENT": {
                "counts": "univariate/OWN_RENT_counts.csv",
                "plot": "univariate/OWN_RENT.jpg"
            }
        }
    },
    "Correlations": {
        "kendall correlation difference": {
            "correlation_difference": "correlation_difference/correlation_difference.csv",
            "plot": "correlation_difference/corr_diff.jpg"
        },
        "pearson correlation difference": {
            "correlation_difference": "pearson_correlation/correlation_difference.csv",
            "plot": "pearson_correlation/pearson_corr_diff.jpg"
        }
    },
    "k_marginal": {
        "k_marginal_synopsys": {
            "subsample_error_comparison": "k_marginal_synopsys/subsample_error_comparison.csv",
            "k_marginal_score": 885
        }
    },
    "propensity mean square error": {
        "pmse_score": 0.039156233998852506,
        "propensity_distribution": "propensity/propensity_distribution.csv"
    },
    "linear_regression": {
        "total_population": {
            "target_counts": "linear_regression/total_population/target_counts.csv",
            "target_deidentified_counts_difference": "linear_regression/total_population/target_deidentified_counts_difference.csv",
            "target_deidentified_difference_plot": "linear_regression/total_population/density_plot.svg",
            "target_regression_slope_and_intercept": [
                0.62,
                0.12
            ],
            "deidentified_regression_slope_and_intercept": [
                0.83,
                -1.53
            ]
        },
        "white_men": {
            "target_counts": "linear_regression/white_men/target_counts.csv",
            "target_deidentified_counts_difference": "linear_regression/white_men/target_deidentified_counts_difference.csv",
            "target_deidentified_difference_plot": "linear_regression/white_men/density_plot.svg",
            "target_regression_slope_and_intercept": [
                0.63,
                0.8
            ],
            "deidentified_regression_slope_and_intercept": [
                0.97,
                -1.38
            ]
        },
        "white_women": {
            "target_counts": "linear_regression/white_women/target_counts.csv",
            "target_deidentified_counts_difference": "linear_regression/white_women/target_deidentified_counts_difference.csv",
            "target_deidentified_difference_plot": "linear_regression/white_women/density_plot.svg",
            "target_regression_slope_and_intercept": [
                0.59,
                -0.18
            ],
            "deidentified_regression_slope_and_intercept": [
                0.75,
                -1.71
            ]
        },
        "black_men": {
            "target_counts": "linear_regression/black_men/target_counts.csv",
            "target_deidentified_counts_difference": "linear_regression/black_men/target_deidentified_counts_difference.csv",
            "target_deidentified_difference_plot": "linear_regression/black_men/density_plot.svg",
            "target_regression_slope_and_intercept": [
                0.72,
                -1.31
            ],
            "deidentified_regression_slope_and_intercept": [
                0.03,
                0.39
            ]
        },
        "black_women": {
            "target_counts": "linear_regression/black_women/target_counts.csv",
            "target_deidentified_counts_difference": "linear_regression/black_women/target_deidentified_counts_difference.csv",
            "target_deidentified_difference_plot": "linear_regression/black_women/density_plot.svg",
            "target_regression_slope_and_intercept": [
                0.7,
                -1.07
            ],
            "deidentified_regression_slope_and_intercept": [
                0,
                0
            ]
        },
        "asian_men": {
            "target_counts": "linear_regression/asian_men/target_counts.csv",
            "target_deidentified_counts_difference": "linear_regression/asian_men/target_deidentified_counts_difference.csv",
            "target_deidentified_difference_plot": "linear_regression/asian_men/density_plot.svg",
            "target_regression_slope_and_intercept": [
                0.83,
                -1.31
            ],
            "deidentified_regression_slope_and_intercept": [
                0.64,
                1.33
            ]
        },
        "asian_women": {
            "target_counts": "linear_regression/asian_women/target_counts.csv",
            "target_deidentified_counts_difference": "linear_regression/asian_women/target_deidentified_counts_difference.csv",
            "target_deidentified_difference_plot": "linear_regression/asian_women/density_plot.svg",
            "target_regression_slope_and_intercept": [
                0.64,
                -1.43
            ],
            "deidentified_regression_slope_and_intercept": [
                0.74,
                -2.65
            ]
        },
        "aiannh_men": {
            "target_counts": "linear_regression/aiannh_men/target_counts.csv",
            "target_deidentified_counts_difference": "linear_regression/aiannh_men/target_deidentified_counts_difference.csv",
            "target_deidentified_difference_plot": "linear_regression/aiannh_men/density_plot.svg",
            "target_regression_slope_and_intercept": [
                -0.83,
                7.33
            ],
            "deidentified_regression_slope_and_intercept": [
                0,
                0
            ]
        },
        "aiannh_women": {
            "target_counts": "linear_regression/aiannh_women/target_counts.csv",
            "target_deidentified_counts_difference": "linear_regression/aiannh_women/target_deidentified_counts_difference.csv",
            "target_deidentified_difference_plot": "linear_regression/aiannh_women/density_plot.svg",
            "target_regression_slope_and_intercept": [
                -0.5,
                5.17
            ],
            "deidentified_regression_slope_and_intercept": [
                0,
                0
            ]
        }
    },
    "pca": {
        "components_eigenvector": "pca/components_eigenvector.csv",
        "target_all_components_plot": "pca/target.png",
        "deidentified_all_components_plot": "pca/deidentified.png",
        "highlighted_plots": {
            "MSP-MSP_N-Children (AGEP < 15)": [
                "pca/target_highlighted_MSP/MSP_N.png",
                "pca/deidentified_highlighted_MSP/MSP_N.png"
            ]
        }
    },
    "inconsistencies": {
        "age": {
            "title": "Age-Based Inconsistencies",
            "description": "These inconsistencies deal with the AGE feature; records with age-based inconsistencies might have children who are married, or infants with high school diplomas",
            "inconsistencies": [
                {
                    "inconsistency_name": "child_MSP",
                    "inconsistency_description": "Children (< 15) can't be married",
                    "inconsistency_features": [
                        "AGEP",
                        "MSP"
                    ],
                    "inconsistency_violations": 193,
                    "inconsistent_data_indexes": [
                        14,
                        113,
                        136,
                        251,
                        342,
                        398,
                        437,
                        508,
                        533,
                        620,
                        654,
                        805,
                        841,
                        918,
                        947,
                        1008,
                        1024,
                        1099,
                        1100,
                        1119,
                        1176,
                        1199,
                        1251,
                        1290,
                        1302,
                        1351,
                        1370,
                        1386,
                        1393,
                        1542,
                        1552,
                        1700,
                        1715,
                        1746,
                        1749,
                        1822,
                        1840,
                        1893,
                        1894,
                        1909,
                        1938,
                        1946,
                        1972,
                        1997,
                        2054,
                        2130,
                        2211,
                        2255,
                        2296,
                        2339,
                        2383,
                        2439,
                        2445,
                        2488,
                        2508,
                        2524,
                        2545,
                        2618,
                        2631,
                        2635,
                        2649,
                        2794,
                        2871,
                        2876,
                        2878,
                        2965,
                        2973,
                        3046,
                        3111,
                        3140,
                        3213,
                        3243,
                        3272,
                        3311,
                        3385,
                        3400,
                        3417,
                        3445,
                        3481,
                        3482,
                        3521,
                        3564,
                        3691,
                        3814,
                        3845,
                        3946,
                        4108,
                        4170,
                        4205,
                        4211,
                        4226,
                        4229,
                        4244,
                        4259,
                        4263,
                        4305,
                        4310,
                        4343,
                        4361,
                        4390,
                        4398,
                        4446,
                        4464,
                        4478,
                        4496,
                        4517,
                        4529,
                        4530,
                        4621,
                        4661,
                        4723,
                        4755,
                        4881,
                        4911,
                        4969,
                        4986,
                        5069,
                        5098,
                        5152,
                        5168,
                        5217,
                        5244,
                        5256,
                        5267,
                        5284,
                        5293,
                        5362,
                        5392,
                        5402,
                        5447,
                        5496,
                        5538,
                        5602,
                        5741,
                        5813,
                        5902,
                        5908,
                        5947,
                        5991,
                        6103,
                        6188,
                        6277,
                        6287,
                        6325,
                        6341,
                        6375,
                        6386,
                        6393,
                        6422,
                        6424,
                        6463,
                        6465,
                        6488,
                        6502,
                        6548,
                        6550,
                        6593,
                        6594,
                        6602,
                        6621,
                        6627,
                        6643,
                        6722,
                        6759,
                        6776,
                        6778,
                        6848,
                        6860,
                        6880,
                        6923,
                        6976,
                        6990,
                        7091,
                        7094,
                        7109,
                        7157,
                        7169,
                        7372,
                        7383,
                        7393,
                        7404,
                        7423,
                        7426,
                        7442,
                        7463,
                        7471,
                        7526,
                        7558,
                        7562,
                        7567,
                        7573,
                        7577,
                        7622
                    ],
                    "inconsistent_record_example": "inconsistencies/age/child_MSP_example.csv"
                },
                {
                    "inconsistency_name": "child_PINCP_DECILE",
                    "inconsistency_description": "Children (< 15) don't have personal incomes",
                    "inconsistency_features": [
                        "AGEP",
                        "PINCP_DECILE"
                    ],
                    "inconsistency_violations": 206,
                    "inconsistent_data_indexes": [
                        14,
                        24,
                        113,
                        136,
                        215,
                        251,
                        342,
                        384,
                        398,
                        437,
                        508,
                        533,
                        579,
                        620,
                        654,
                        745,
                        789,
                        841,
                        918,
                        932,
                        973,
                        1008,
                        1098,
                        1099,
                        1100,
                        1176,
                        1199,
                        1251,
                        1290,
                        1302,
                        1370,
                        1393,
                        1521,
                        1542,
                        1549,
                        1600,
                        1658,
                        1715,
                        1746,
                        1749,
                        1755,
                        1822,
                        1840,
                        1851,
                        1894,
                        1909,
                        1929,
                        1938,
                        1946,
                        1972,
                        1997,
                        2054,
                        2130,
                        2146,
                        2211,
                        2255,
                        2296,
                        2339,
                        2348,
                        2383,
                        2439,
                        2445,
                        2545,
                        2631,
                        2635,
                        2649,
                        2766,
                        2794,
                        2806,
                        2816,
                        2848,
                        2876,
                        2878,
                        2965,
                        2973,
                        2980,
                        3046,
                        3111,
                        3140,
                        3213,
                        3243,
                        3311,
                        3385,
                        3400,
                        3417,
                        3445,
                        3481,
                        3521,
                        3679,
                        3691,
                        3845,
                        3946,
                        4044,
                        4108,
                        4170,
                        4172,
                        4200,
                        4211,
                        4229,
                        4244,
                        4259,
                        4263,
                        4305,
                        4310,
                        4343,
                        4355,
                        4361,
                        4390,
                        4398,
                        4464,
                        4478,
                        4496,
                        4529,
                        4530,
                        4621,
                        4661,
                        4755,
                        4774,
                        4806,
                        4881,
                        4969,
                        4986,
                        5015,
                        5098,
                        5139,
                        5152,
                        5168,
                        5217,
                        5244,
                        5248,
                        5256,
                        5267,
                        5284,
                        5293,
                        5344,
                        5362,
                        5370,
                        5392,
                        5402,
                        5407,
                        5496,
                        5538,
                        5569,
                        5602,
                        5713,
                        5741,
                        5813,
                        5902,
                        5908,
                        5947,
                        5991,
                        6188,
                        6277,
                        6287,
                        6341,
                        6375,
                        6386,
                        6393,
                        6422,
                        6424,
                        6426,
                        6463,
                        6465,
                        6488,
                        6497,
                        6502,
                        6594,
                        6602,
                        6621,
                        6627,
                        6632,
                        6643,
                        6653,
                        6722,
                        6759,
                        6776,
                        6778,
                        6848,
                        6880,
                        6884,
                        6923,
                        6990,
                        7052,
                        7074,
                        7091,
                        7094,
                        7109,
                        7157,
                        7161,
                        7169,
                        7265,
                        7269,
                        7372,
                        7383,
                        7393,
                        7404,
                        7426,
                        7442,
                        7459,
                        7463,
                        7471,
                        7558,
                        7562,
                        7568,
                        7577,
                        7622
                    ],
                    "inconsistent_record_example": "inconsistencies/age/child_PINCP_DECILE_example.csv"
                },
                {
                    "inconsistency_name": "child_phd",
                    "inconsistency_description": "Children (< 15) don't have PhDs",
                    "inconsistency_features": [
                        "AGEP",
                        "EDU"
                    ],
                    "inconsistency_violations": 1,
                    "inconsistent_data_indexes": [
                        7161
                    ],
                    "inconsistent_record_example": "inconsistencies/age/child_phd_example.csv"
                },
                {
                    "inconsistency_name": "adult_N",
                    "inconsistency_description": "Adults ( > 14) must specify values (other than N) for all adult features",
                    "inconsistency_features": [
                        "AGEP",
                        "MSP",
                        "PINCP",
                        "PINCP_DECILE",
                        "EDU",
                        "DPHY",
                        "DREM"
                    ],
                    "inconsistency_violations": 205,
                    "inconsistent_data_indexes": [
                        4,
                        35,
                        79,
                        135,
                        182,
                        257,
                        262,
                        278,
                        307,
                        317,
                        365,
                        385,
                        460,
                        515,
                        583,
                        629,
                        676,
                        704,
                        765,
                        773,
                        779,
                        792,
                        876,
                        907,
                        915,
                        925,
                        935,
                        944,
                        996,
                        1017,
                        1097,
                        1109,
                        1151,
                        1196,
                        1226,
                        1227,
                        1231,
                        1233,
                        1253,
                        1292,
                        1363,
                        1503,
                        1532,
                        1540,
                        1578,
                        1628,
                        1639,
                        1703,
                        1773,
                        1801,
                        1876,
                        1913,
                        1934,
                        1948,
                        2016,
                        2112,
                        2114,
                        2124,
                        2168,
                        2182,
                        2236,
                        2238,
                        2276,
                        2297,
                        2379,
                        2418,
                        2446,
                        2449,
                        2452,
                        2455,
                        2458,
                        2474,
                        2529,
                        2600,
                        2624,
                        2693,
                        2702,
                        2754,
                        2782,
                        2831,
                        2938,
                        2942,
                        2970,
                        3036,
                        3048,
                        3206,
                        3271,
                        3284,
                        3301,
                        3323,
                        3340,
                        3358,
                        3424,
                        3435,
                        3441,
                        3478,
                        3496,
                        3503,
                        3707,
                        3719,
                        3785,
                        3844,
                        3874,
                        3884,
                        3907,
                        3928,
                        3969,
                        4020,
                        4040,
                        4073,
                        4092,
                        4142,
                        4251,
                        4255,
                        4261,
                        4384,
                        4405,
                        4408,
                        4434,
                        4440,
                        4444,
                        4639,
                        4668,
                        4679,
                        4716,
                        4741,
                        4742,
                        4842,
                        4854,
                        4857,
                        4888,
                        4914,
                        4922,
                        4948,
                        4987,
                        5014,
                        5022,
                        5084,
                        5112,
                        5142,
                        5162,
                        5250,
                        5317,
                        5473,
                        5503,
                        5559,
                        5608,
                        5612,
                        5623,
                        5646,
                        5754,
                        5812,
                        5849,
                        5862,
                        5894,
                        5935,
                        5964,
                        5973,
                        5976,
                        6007,
                        6024,
                        6025,
                        6117,
                        6121,
                        6134,
                        6177,
                        6240,
                        6320,
                        6351,
                        6405,
                        6447,
                        6458,
                        6469,
                        6511,
                        6521,
                        6526,
                        6546,
                        6560,
                        6561,
                        6640,
                        6818,
                        6828,
                        6879,
                        6912,
                        6957,
                        6969,
                        6983,
                        7051,
                        7068,
                        7120,
                        7166,
                        7194,
                        7204,
                        7313,
                        7317,
                        7346,
                        7379,
                        7382,
                        7420,
                        7504,
                        7540,
                        7566,
                        7585,
                        7591,
                        7610
                    ],
                    "inconsistent_record_example": "inconsistencies/age/adult_N_example.csv"
                },
                {
                    "inconsistency_name": "toddler_diploma",
                    "inconsistency_description": "Toddlers (< 5) don't have high school diplomas",
                    "inconsistency_features": [
                        "AGEP",
                        "EDU"
                    ],
                    "inconsistency_violations": 6,
                    "inconsistent_data_indexes": [
                        161,
                        1501,
                        2062,
                        2147,
                        4774,
                        6502
                    ],
                    "inconsistent_record_example": "inconsistencies/age/toddler_diploma_example.csv"
                },
                {
                    "inconsistency_name": "infant_EDU",
                    "inconsistency_description": "Infants (< 3) aren't in school",
                    "inconsistency_features": [
                        "AGEP",
                        "EDU"
                    ],
                    "inconsistency_violations": 74,
                    "inconsistent_data_indexes": [
                        25,
                        343,
                        727,
                        897,
                        1207,
                        1410,
                        1418,
                        1470,
                        1526,
                        1980,
                        2348,
                        2746,
                        2816,
                        2998,
                        3028,
                        3065,
                        3161,
                        3234,
                        3288,
                        3289,
                        3305,
                        3318,
                        3403,
                        3404,
                        3459,
                        3581,
                        3586,
                        3613,
                        3913,
                        3974,
                        4089,
                        4099,
                        4120,
                        4172,
                        4209,
                        4297,
                        4356,
                        4412,
                        4423,
                        4439,
                        4510,
                        4635,
                        4768,
                        4870,
                        5061,
                        5072,
                        5158,
                        5261,
                        5427,
                        5569,
                        5599,
                        5624,
                        5796,
                        5806,
                        5814,
                        6210,
                        6253,
                        6290,
                        6427,
                        6519,
                        6558,
                        6688,
                        6796,
                        6821,
                        6834,
                        7044,
                        7074,
                        7280,
                        7310,
                        7369,
                        7436,
                        7440,
                        7525,
                        7616
                    ],
                    "inconsistent_record_example": "inconsistencies/age/infant_EDU_example.csv"
                },
                {
                    "inconsistency_name": "gq_own_jail",
                    "inconsistency_description": "Inmates don't own jails, patients don't own hospitals: Group quarters residents aren't owners",
                    "inconsistency_features": [
                        "HOUSING_TYPE",
                        "OWN_RENT"
                    ],
                    "inconsistency_violations": 3,
                    "inconsistent_data_indexes": [
                        729,
                        1589,
                        4891
                    ],
                    "inconsistent_record_example": "inconsistencies/work/gq_own_jail_example.csv"
                },
                {
                    "inconsistency_name": "gq_own_dorm",
                    "inconsistency_description": "Students don't own dorms, soldiers don't own barracks: Group quarters residents aren't owners",
                    "inconsistency_features": [
                        "HOUSING_TYPE",
                        "OWN_RENT"
                    ],
                    "inconsistency_violations": 2,
                    "inconsistent_data_indexes": [
                        120,
                        7621
                    ],
                    "inconsistent_record_example": "inconsistencies/work/gq_own_dorm_example.csv"
                },
                {
                    "inconsistency_name": "house_OWN_RENT",
                    "inconsistency_description": "Individuals who live in houses must specify if they rent or own",
                    "inconsistency_features": [
                        "HOUSING_TYPE",
                        "OWN_RENT"
                    ],
                    "inconsistency_violations": 46,
                    "inconsistent_data_indexes": [
                        92,
                        480,
                        506,
                        684,
                        1111,
                        1308,
                        1490,
                        1736,
                        1740,
                        1867,
                        1875,
                        1925,
                        1986,
                        1988,
                        2115,
                        2434,
                        2681,
                        2976,
                        3045,
                        3114,
                        3141,
                        3177,
                        3368,
                        3919,
                        3930,
                        4207,
                        4504,
                        4601,
                        5238,
                        5325,
                        5392,
                        5651,
                        5774,
                        6008,
                        6023,
                        6039,
                        6417,
                        6422,
                        6482,
                        6556,
                        6636,
                        6655,
                        6829,
                        6857,
                        7589,
                        7601
                    ],
                    "inconsistent_record_example": "inconsistencies/work/house_OWN_RENT_example.csv"
                }
            ]
        },
        "work": {
            "title": "Work-Based Inconsistencies",
            "description": "These inconsistencies deal with the work and finance features; records with work-based inconsistencies might have high incomes while being in poverty, or have conflicts between their industry code and industry category.",
            "inconsistencies": []
        },
        "housing": {
            "title": "Housing-Based Inconsistencies",
            "description": "These inconsistencies deal with housing and family features; records with household-based inconsistencies might have more children in the house than the total household size, or be residents of group quarters (such as prison inmates) who are listed as owning their residences.",
            "inconsistencies": []
        },
        "summary": [
            {
                "Inconsistency Group": "Age",
                "Number of Records Inconsistent": 521,
                "Percent Records Inconsistent": 6.8
            },
            {
                "Inconsistency Group": "Work",
                "Number of Records Inconsistent": 0,
                "Percent Records Inconsistent": 0.0
            },
            {
                "Inconsistency Group": "Housing",
                "Number of Records Inconsistent": 51,
                "Percent Records Inconsistent": 0.7
            }
        ]
    },
    "unique_exact_matches": {
        "records matched in target data": 556,
        "percent records matched in target data": 7.28,
        "unique target records": 4268,
        "percent unique target records": 55.91
    },
    "apparent_match_distribution": {
        "unique_matched_percents": "apparent_match_distribution/unique_matched_percents.csv",
        "plot": "apparent_match_distribution/apparent_match_distribution.jpg"
    },
    "created_on": "May 19, 2023 18:02:38"
}