,AGEP_x,DEAR_x,DENSITY_x,DEYE_x,DPHY_x,DREM_x,DVET_x,EDU,HISP,HOUSING_TYPE_x,INDP_x,INDP_CAT,MSP,NOC_x,NPF_x,OWN_RENT,PINCP_x,PINCP_DECILE_x,POVPIP_x,PUMA,PWGTP_x,RAC1P,SEX,WGTP_x,AGEP_y,DEAR_y,DENSITY_y,DEYE_y,DPHY_y,DREM_y,DVET_y,HOUSING_TYPE_y,INDP_y,NOC_y,NPF_y,PINCP_y,PINCP_DECILE_y,POVPIP_y,PWGTP_y,WGTP_y,percent_match
0,28,2,7,2,2,2,3,10,0,1,7980,14,1,0,N,2,62100.0,5,326,25-02800,99.0,1,2,153.0,39,2,7,2,2,2,N,1,8680,1,3,30000.0,4,220,118,119,37.5
1,54,2,6,2,2,2,N,8,0,1,1770,6,4,0,N,1,2800.0,5,137,25-02800,91.0,1,1,98.0,48,2,7,2,2,2,N,1,4670,2,4,159000.0,9,501,116,116,37.5
2,71,2,6,2,2,2,N,8,0,1,8680,N,1,0,2,2,35300.0,8,221,25-02800,47.0,1,2,80.0,66,2,7,2,2,2,N,1,N,0,2,10000.0,2,501,85,95,50.0
3,70,2,6,2,2,2,N,5,0,1,7670,10,1,0,N,1,105000.0,5,9,25-00503,74.0,1,2,174.0,70,2,7,2,2,2,N,1,7770,0,2,13500.0,2,501,95,86,50.0
4,49,2,6,2,2,2,N,7,0,1,5381,6,1,0,3,1,12300.0,7,150,25-01300,151.0,6,2,126.0,41,2,5,2,2,2,N,1,5391,2,4,15000.0,3,470,57,58,37.5
5,63,2,7,2,N,2,N,9,0,1,8660,3,1,0,N,1,67000.0,2,427,25-01300,86.0,1,2,137.0,62,2,5,2,2,2,N,1,770,0,4,124000.0,9,501,128,128,37.5
6,47,2,6,2,1,2,N,8,0,1,5391,12,1,0,2,2,5000.0,6,326,25-00703,86.0,1,2,107.0,29,2,6,2,2,2,N,1,8191,0,2,70000.0,7,501,102,102,50.0
7,39,2,6,2,2,2,N,7,0,1,9470,4,6,0,2,2,27000.0,3,325,25-00703,97.0,1,1,105.0,31,2,6,2,2,2,N,1,3980,0,N,30000.0,4,227,69,69,50.0
8,46,2,6,2,2,2,N,5,0,1,9470,2,1,0,4,2,29000.0,1,208,25-00703,107.0,1,1,131.0,27,2,6,2,2,2,N,1,680,1,3,100000.0,8,501,178,178,43.75
9,33,2,6,2,2,2,N,7,0,1,2190,6,2,1,3,1,275000.0,7,318,25-01300,161.0,1,1,92.0,62,2,5,2,2,2,N,1,4880,0,3,50000.0,6,501,71,71,43.75
10,42,2,6,2,2,2,N,8,0,1,6770,10,1,1,N,1,96300.0,6,155,25-00503,81.0,1,1,54.0,55,2,7,2,2,2,N,1,7460,0,3,80000.0,7,501,99,74,37.5
11,54,2,7,1,2,2,N,9,0,1,9920,N,6,0,N,0,1800.0,2,464,25-01000,93.0,1,2,119.0,72,2,6,2,2,2,N,3,N,N,N,0.0,0,0,10,0,31.25
12,56,2,6,2,2,2,N,9,0,1,9680,12,1,0,2,2,58800.0,N,251,25-01000,43.0,1,1,62.0,65,2,6,2,2,2,N,1,8191,0,2,87400.0,8,501,80,90,56.25
13,65,2,6,2,2,2,N,10,0,1,6991,10,6,0,N,1,31000.0,2,349,25-01000,87.0,1,2,62.0,52,2,6,2,2,2,N,1,7460,0,N,148000.0,9,501,111,111,56.25
14,33,1,6,2,2,2,N,8,0,1,4090,10,6,1,2,1,103000.0,8,297,25-02800,145.0,1,2,117.0,53,2,7,2,2,2,N,1,7270,0,N,153000.0,9,501,86,85,31.25
15,72,2,6,2,2,2,3,9,0,1,7580,9,3,1,4,1,2000.0,5,431,25-00703,127.0,1,1,52.0,87,1,6,2,2,2,2,1,7071,0,N,279500.0,9,501,85,85,31.25
16,19,2,6,2,2,2,N,10,0,1,8680,12,1,0,4,1,207000.0,5,155,25-01000,89.0,1,1,151.0,31,2,6,2,2,2,N,1,8191,0,2,64000.0,7,501,104,105,50.0
17,41,2,6,1,2,2,N,5,0,1,7580,12,4,0,2,1,151600.0,4,165,25-00503,112.0,1,2,72.0,48,2,7,2,2,2,N,1,7970,0,3,32500.0,4,501,46,47,43.75
18,29,2,7,2,2,2,N,7,2,1,7870,15,4,0,2,2,11600.0,N,317,25-00703,121.0,1,2,135.0,63,2,6,2,2,2,N,1,8980,0,N,29960.0,4,227,129,129,43.75
19,54,2,6,2,2,2,5,10,0,1,770,15,6,3,7,1,433000.0,1,176,25-00503,120.0,1,1,95.0,72,2,7,2,2,2,N,1,9160,0,N,78300.0,7,501,69,69,31.25
20,21,2,7,2,2,2,N,9,0,1,7860,10,1,0,2,2,44400.0,5,326,25-01300,104.0,1,2,119.0,24,2,5,2,2,2,N,1,7460,0,2,60000.0,6,394,128,134,50.0
21,51,2,7,2,1,N,N,7,0,1,8290,7,1,0,4,1,69900.0,5,497,25-02800,126.0,1,2,75.0,55,2,7,2,2,2,N,1,6380,0,4,10000.0,2,501,109,112,43.75
22,38,2,6,2,2,2,3,7,0,3,5790,15,6,0,4,1,1400.0,3,157,25-02800,96.0,1,2,118.0,29,2,7,2,2,2,N,1,8980,0,4,20000.0,3,501,96,76,50.0
23,33,2,7,2,2,2,3,10,0,1,7890,16,4,2,N,1,60000.0,2,317,25-00703,138.0,1,2,106.0,67,2,6,2,2,2,N,1,9370,0,N,95800.0,8,501,104,105,37.5
24,77,2,6,2,2,2,N,5,0,1,1870,11,1,2,2,1,9800.0,9,152,25-00503,87.0,1,1,98.0,70,1,7,2,2,2,N,1,7860,0,2,40600.0,5,501,46,47,37.5
25,34,2,6,2,2,2,N,9,0,1,8470,N,2,2,2,1,275000.0,4,447,25-02800,98.0,1,1,82.0,67,2,7,2,2,2,N,1,N,2,6,0.0,0,501,79,87,43.75
26,67,2,6,2,2,2,6,6,0,2,5170,10,6,0,2,1,6500.0,7,230,25-00703,160.0,1,2,156.0,48,2,6,2,2,2,N,1,7790,2,3,80000.0,7,501,76,80,37.5
27,83,2,6,2,2,2,N,5,0,1,3390,7,1,N,5,1,38600.0,1,26,25-00703,79.0,1,2,136.0,32,2,6,2,2,2,N,1,6070,1,3,12000.0,2,501,42,40,43.75
28,61,2,7,2,2,2,N,5,0,3,4290,5,1,0,N,1,97900.0,6,415,25-01000,141.0,1,1,57.0,68,2,6,2,2,2,N,1,4170,0,3,80800.0,7,501,83,83,37.5
29,62,2,6,2,2,2,N,12,0,1,4090,6,1,3,9,1,148200.0,3,469,25-00703,79.0,1,1,66.0,81,1,6,2,2,2,N,1,4770,0,2,213100.0,9,501,64,57,37.5
30,30,2,6,1,2,2,N,5,0,1,7380,4,1,5,4,1,172400.0,5,281,25-00503,114.0,1,2,77.0,58,2,7,2,2,2,N,1,3980,0,2,0.0,0,501,90,113,31.25
31,36,1,6,2,2,2,3,9,0,1,5275,11,1,0,5,1,142800.0,2,463,25-02800,117.0,6,2,141.0,57,2,7,2,2,2,N,1,7860,0,2,10000.0,2,501,157,228,37.5
32,5,2,7,1,2,2,N,10,0,1,8780,5,6,0,5,1,625400.0,4,463,25-00703,128.0,1,1,115.0,47,2,6,2,2,2,N,1,4170,0,N,120500.0,8,501,52,53,37.5
33,38,2,6,2,2,2,N,9,0,1,4971,7,4,2,3,1,11100.0,6,331,25-00703,93.0,1,1,115.0,53,2,6,2,2,2,3,1,6190,1,2,44800.0,5,271,58,58,37.5
34,24,2,6,2,2,2,N,8,0,1,4585,16,1,0,N,1,25000.0,6,320,25-00503,77.0,1,2,90.0,68,2,7,2,2,2,N,1,9370,0,2,59100.0,6,501,50,47,50.0
35,25,2,7,2,2,2,N,7,0,1,6490,2,1,1,N,1,81600.0,4,501,25-00503,108.0,1,1,84.0,57,2,7,2,2,2,N,1,680,0,6,85000.0,8,501,117,103,50.0
36,65,2,6,2,2,2,N,5,0,1,7890,9,4,0,N,2,343000.0,4,208,25-01300,90.0,1,1,162.0,60,1,5,2,2,2,N,1,7071,0,N,85000.0,8,501,99,100,43.75
37,82,2,7,2,1,2,N,10,0,1,7380,16,1,1,N,1,30600.0,5,480,25-02800,113.0,1,2,125.0,49,2,7,2,2,2,N,1,9470,1,4,135000.0,9,501,96,96,43.75
38,54,2,6,2,2,2,N,8,0,1,3291,6,6,2,N,1,94300.0,7,96,25-01000,106.0,1,2,107.0,25,2,6,2,2,2,N,1,4990,0,5,5000.0,1,501,71,60,43.75
39,34,2,6,2,2,2,N,5,0,3,7280,14,1,1,4,1,175100.0,2,223,25-01300,89.0,1,1,105.0,64,2,5,2,2,2,N,1,8680,0,2,52100.0,6,328,49,45,31.25
40,2,2,6,2,1,2,N,8,0,2,3390,11,3,1,7,1,17400.0,3,176,25-00703,143.0,1,1,108.0,69,2,6,2,2,2,N,1,7860,0,N,116400.0,8,501,92,92,31.25
41,44,2,6,2,2,2,3,9,4,1,2370,9,6,2,N,1,84400.0,7,300,25-00703,79.0,1,2,121.0,42,2,6,2,2,2,N,1,6991,2,3,85120.0,8,417,162,162,43.75
42,35,2,6,2,2,2,N,7,0,1,8564,10,6,0,4,1,300000.0,6,121,25-00503,84.0,6,1,112.0,55,2,7,2,2,2,N,1,7770,0,2,36300.0,5,276,402,292,43.75
43,22,2,7,2,1,2,4,9,0,1,5480,4,6,0,3,1,186000.0,N,21,25-00503,75.0,1,1,110.0,54,2,7,2,2,2,N,1,2190,0,N,122000.0,8,501,127,127,37.5
44,16,2,6,2,2,2,N,9,0,1,8180,14,6,2,N,1,25500.0,9,394,25-01300,80.0,1,2,92.0,56,2,5,2,2,2,N,1,8680,0,2,73000.0,7,429,368,368,37.5
45,54,2,6,2,2,2,2,1,0,1,8290,N,6,2,3,0,103800.0,5,133,25-00703,128.0,1,2,156.0,34,2,6,2,2,1,N,3,N,N,N,6400.0,1,48,66,0,25.0
46,81,2,6,2,2,2,N,8,0,1,8370,10,1,2,7,1,71100.0,7,441,25-01000,81.0,1,2,99.0,48,2,6,2,2,2,N,1,7270,1,3,30000.0,4,501,43,42,43.75
47,71,2,6,2,2,2,N,8,0,1,8970,4,6,0,4,1,9300.0,7,374,25-00503,81.0,1,2,99.0,59,2,7,2,2,2,N,1,3380,0,N,79000.0,7,501,98,99,56.25
48,43,2,6,2,2,2,N,10,0,1,3380,8,1,0,4,2,174400.0,6,237,25-01300,71.0,1,1,93.0,35,2,5,2,2,2,N,1,6480,0,2,55000.0,6,501,113,113,50.0
49,40,2,6,2,2,1,2,7,0,3,280,4,6,0,3,1,60150.0,1,431,25-00703,101.0,1,2,50.0,30,2,6,2,2,2,N,1,1190,0,N,30000.0,4,229,51,40,31.25
50,28,2,7,2,1,2,N,7,0,1,6370,6,1,0,N,2,9500.0,3,20,25-00503,75.0,1,2,123.0,32,2,7,2,2,2,N,1,5381,2,4,10000.0,2,235,27,30,37.5
51,32,2,6,2,N,2,N,1,0,1,9920,6,6,2,6,1,33300.0,8,280,25-00703,135.0,1,1,146.0,41,2,6,2,2,2,N,1,4971,0,2,9200.0,2,389,56,38,37.5
52,52,2,7,2,2,2,N,5,0,1,7290,15,1,0,5,1,32200.0,5,296,25-01300,59.0,1,1,176.0,47,2,5,2,2,2,N,1,8770,2,4,35000.0,5,427,62,62,43.75
53,38,2,6,2,2,1,6,7,0,1,8590,7,4,2,2,0,25400.0,7,351,25-01300,141.0,1,1,95.0,61,2,5,1,2,2,N,2,6190,N,N,4800.0,1,N,60,0,12.5
54,67,2,6,2,2,2,N,8,0,1,770,15,6,2,5,1,79000.0,5,300,25-01000,94.0,1,2,106.0,57,2,6,2,2,2,N,1,8980,0,N,37000.0,5,280,101,102,50.0
55,80,2,6,2,2,2,N,5,0,1,7380,N,4,0,3,1,296000.0,4,464,25-00503,110.0,1,2,88.0,83,1,7,2,1,2,N,1,N,0,N,25900.0,4,213,107,106,37.5
56,35,2,6,2,2,2,6,8,0,1,6190,9,4,1,N,1,28300.0,5,494,25-00503,121.0,1,1,138.0,72,2,7,2,2,2,N,1,7190,0,N,65660.0,7,501,78,85,37.5
57,18,2,6,2,2,2,3,5,0,1,8470,6,4,0,5,2,58300.0,4,11,25-01000,86.0,1,1,162.0,73,2,6,2,2,2,N,1,4680,0,N,30000.0,4,247,301,300,50.0
58,51,2,7,2,2,2,N,9,0,1,8770,3,6,0,6,1,10300.0,4,335,25-00703,98.0,1,2,115.0,69,2,6,2,2,2,N,1,770,0,2,83200.0,7,501,59,52,43.75
59,47,1,6,2,N,2,N,9,0,2,7770,9,6,2,4,1,10.0,5,191,25-01000,143.0,1,2,106.0,47,2,6,2,2,2,N,1,6991,0,N,78000.0,7,501,54,54,31.25
60,68,2,6,2,2,2,N,5,0,3,770,13,6,0,N,0,503500.0,4,291,25-00703,104.0,1,1,150.0,18,2,6,2,2,2,N,3,8470,N,N,3500.0,1,N,98,0,50.0
61,54,2,7,1,2,2,N,8,0,1,8380,15,1,1,N,1,96200.0,7,501,25-02800,127.0,1,1,83.0,67,2,7,2,1,2,N,1,9170,0,2,39200.0,5,307,63,63,31.25
62,56,2,6,2,2,2,N,7,0,2,5790,2,1,0,N,1,32400.0,7,28,25-02800,103.0,1,1,83.0,70,2,7,2,2,2,N,1,570,0,2,0.0,0,91,80,80,37.5
63,52,2,6,2,2,2,N,7,0,1,6690,15,6,0,N,1,181600.0,2,70,25-01300,103.0,1,1,131.0,19,2,5,2,2,2,N,1,9070,1,5,4890.0,1,399,89,116,37.5
64,38,2,6,2,2,2,N,7,0,1,7860,15,6,1,9,1,72000.0,2,183,25-02800,143.0,1,1,80.0,62,2,7,2,2,2,N,1,8970,0,3,22000.0,3,371,63,63,37.5
65,35,2,7,2,2,2,N,8,0,1,4971,3,1,0,2,1,35400.0,5,386,25-01300,113.0,1,2,85.0,59,2,5,2,2,2,N,1,770,1,3,107000.0,8,501,78,77,37.5
66,45,2,6,2,N,2,2,7,0,1,8180,13,6,1,2,1,64700.0,4,254,25-01000,132.0,1,2,104.0,54,2,6,2,1,2,N,1,8370,0,N,55000.0,6,415,208,207,31.25
67,72,2,6,2,2,2,N,7,0,1,7870,4,1,0,N,1,21700.0,1,139,25-00503,146.0,1,1,77.0,47,2,7,2,2,2,N,1,3380,1,3,135000.0,9,501,125,125,37.5
68,67,2,6,2,2,2,N,4,0,1,6380,4,6,1,6,1,130000.0,3,148,25-01000,65.0,1,2,87.0,17,2,6,2,2,2,N,1,1080,2,4,10300.0,2,501,52,63,43.75
69,60,2,6,2,2,2,N,5,0,1,7790,13,6,0,3,1,67900.0,4,29,25-00703,64.0,1,1,98.0,54,2,6,2,2,1,N,1,8390,0,2,20900.0,3,463,117,101,43.75
70,18,2,6,1,2,1,N,5,0,1,3960,13,1,0,2,1,165400.0,3,500,25-01300,122.0,1,2,173.0,55,2,5,2,2,2,N,1,8470,0,2,25000.0,4,501,69,84,37.5
71,50,2,6,2,2,2,N,9,0,1,7390,14,4,4,2,1,38000.0,4,331,25-00503,107.0,1,2,104.0,53,2,7,2,2,2,N,1,8680,0,2,44000.0,5,356,82,82,43.75
72,20,2,6,2,2,2,N,7,4,1,2980,14,1,0,3,1,45100.0,4,397,25-00503,85.0,1,2,119.0,41,2,7,2,2,2,N,1,8660,1,4,55000.0,6,230,66,70,37.5
73,37,2,7,2,2,2,N,10,0,1,7670,6,6,2,4,1,2600.0,7,292,25-01000,137.0,1,1,77.0,37,2,6,2,2,2,N,1,4690,0,N,0.0,0,0,141,141,43.75
74,73,2,7,2,2,2,N,5,0,1,7970,4,6,0,4,2,5100.0,7,471,25-00503,78.0,1,1,74.0,24,2,7,2,2,1,N,1,2880,0,3,29000.0,4,443,101,116,43.75
75,21,2,6,2,2,2,4,1,0,1,3390,6,6,0,4,1,5500.0,5,481,25-01000,128.0,1,2,99.0,27,2,6,2,2,1,N,1,5580,0,4,20000.0,3,501,144,90,43.75
76,62,2,6,2,2,2,N,5,0,1,770,9,1,0,N,1,102500.0,8,291,25-01000,97.0,1,2,55.0,57,2,6,2,2,2,N,1,7071,0,3,5000.0,1,501,103,126,50.0
77,23,2,6,2,2,2,3,5,0,1,5580,14,4,2,4,2,203000.0,2,412,25-01000,65.0,1,2,123.0,55,2,6,2,2,2,N,1,8590,0,N,20000.0,3,152,61,61,37.5
78,24,2,6,2,2,2,N,5,0,1,3570,13,6,2,4,1,22700.0,2,339,25-02800,53.0,1,2,55.0,19,2,7,2,2,2,N,1,8470,0,6,25000.0,4,501,184,114,37.5
79,42,2,7,1,2,2,N,5,0,2,8290,14,3,0,2,2,637000.0,8,18,25-01300,124.0,1,2,67.0,49,2,5,2,2,2,N,1,8680,0,N,18000.0,3,137,389,388,31.25
80,22,2,7,2,2,2,N,4,0,1,4870,N,6,0,4,1,341000.0,7,364,25-00703,62.0,6,2,87.0,16,2,6,2,2,2,N,1,N,2,7,0.0,0,501,100,158,37.5
81,28,2,7,1,2,2,2,7,0,1,4670,9,6,1,3,1,28200.0,2,93,25-00703,126.0,1,2,57.0,21,2,6,2,2,2,N,1,7071,0,5,200.0,1,501,62,48,25.0
82,32,1,6,2,1,2,3,9,0,1,9680,6,4,0,N,2,250050.0,5,477,25-00503,93.0,1,2,101.0,47,2,7,2,2,2,N,1,5080,0,N,52000.0,6,394,59,59,31.25
83,39,2,6,2,1,2,N,8,0,1,8990,9,6,1,6,1,14500.0,7,461,25-01000,99.0,1,1,87.0,21,2,6,2,2,2,N,1,6880,1,3,15000.0,3,501,58,42,43.75
84,47,1,6,2,2,2,3,9,0,1,6390,N,6,2,5,2,85000.0,7,344,25-02800,65.0,1,2,123.0,53,2,7,2,2,1,N,1,N,0,N,6300.0,1,47,94,94,18.75
85,21,2,6,2,2,2,N,6,0,2,7380,6,6,0,N,1,10200.0,9,98,25-00503,103.0,1,1,152.0,32,2,7,2,2,2,N,1,5275,0,3,9500.0,2,318,61,41,37.5
86,31,2,7,2,2,2,N,9,0,1,3390,6,1,0,2,2,65900.0,3,410,25-01300,62.0,1,2,96.0,44,2,5,2,2,2,N,1,5490,2,4,8600.0,2,407,114,111,37.5
87,32,2,6,2,2,2,N,9,0,1,7580,6,6,0,N,1,79000.0,6,302,25-00503,111.0,6,2,76.0,38,2,7,2,2,2,N,1,4971,0,N,24000.0,4,180,42,42,50.0
88,26,2,6,2,2,2,N,12,0,1,7280,10,4,0,4,1,25400.0,6,461,25-02800,73.0,1,1,156.0,60,2,7,2,2,2,N,1,7380,0,2,0.0,0,142,96,85,43.75
89,37,2,6,2,2,2,N,5,0,1,6970,12,3,1,2,2,40200.0,4,356,25-00703,107.0,1,2,57.0,67,2,6,2,2,2,N,1,8170,0,4,22900.0,3,236,65,65,43.75
90,61,2,7,2,2,N,N,10,0,1,8191,9,3,1,2,1,124900.0,1,230,25-00703,134.0,1,2,62.0,68,2,6,2,2,2,N,1,6992,0,N,146200.0,9,501,66,66,31.25
91,66,2,7,2,2,1,N,9,0,1,6080,N,1,0,N,2,103800.0,3,229,25-01000,106.0,1,2,100.0,68,2,6,2,2,2,N,1,N,0,2,50800.0,6,501,90,90,37.5
92,47,2,7,2,2,2,N,8,0,1,5570,12,4,0,4,1,95000.0,4,30,25-01000,104.0,1,2,48.0,62,2,6,2,2,2,N,1,8290,0,N,30000.0,4,227,64,63,50.0
93,40,2,6,2,2,1,2,10,0,3,4670,8,1,0,N,1,31500.0,6,432,25-01300,91.0,1,1,215.0,37,2,5,2,2,2,N,1,6695,1,3,90000.0,8,501,61,57,18.75
94,46,2,7,2,2,2,N,9,0,1,9370,N,6,1,2,2,34800.0,4,106,25-00503,74.0,1,2,61.0,94,2,7,2,1,2,N,1,N,0,N,24000.0,4,198,61,61,50.0
95,40,2,7,2,2,2,N,9,0,1,6991,7,6,0,5,1,144000.0,3,76,25-00703,68.0,1,2,132.0,25,2,6,2,2,2,N,1,6290,0,3,55000.0,6,445,64,50,43.75
96,75,2,6,2,2,N,N,10,0,1,8191,9,6,3,4,1,377700.0,1,142,25-02800,103.0,2,1,53.0,26,2,7,2,2,2,N,1,7080,0,3,15000.0,3,370,157,79,31.25
97,52,2,6,2,2,2,N,7,0,1,280,15,4,0,2,1,410000.0,8,480,25-00503,136.0,1,2,75.0,71,2,7,2,2,2,N,1,9290,0,3,37200.0,5,501,247,208,43.75
98,39,2,6,2,2,2,N,5,0,1,770,12,4,1,4,2,95050.0,3,125,25-00503,132.0,1,2,148.0,52,2,7,2,2,2,N,1,7970,0,N,45800.0,5,349,93,93,37.5
99,16,2,6,2,2,2,N,10,0,1,7680,6,1,0,N,1,94200.0,9,496,25-01300,107.0,1,2,103.0,48,2,5,2,2,2,N,1,5170,2,4,36000.0,5,501,56,69,37.5
100,43,2,6,2,2,2,N,10,0,1,8370,12,6,2,6,1,170000.0,1,93,25-02800,122.0,1,1,63.0,68,2,7,2,2,2,N,1,7970,0,N,158000.0,9,501,107,107,37.5
101,71,2,6,1,2,2,6,8,0,1,7870,4,1,0,N,1,106000.0,5,186,25-00703,124.0,1,2,113.0,66,2,6,2,2,2,N,1,2290,0,2,40200.0,5,501,81,80,43.75
102,36,2,7,2,2,2,N,10,0,1,6190,N,6,2,3,2,49100.0,3,443,25-01000,86.0,1,1,103.0,84,2,6,2,2,2,N,1,N,0,N,16700.0,3,137,96,96,43.75
103,50,2,6,2,2,2,N,6,0,1,4680,N,1,0,4,1,81700.0,2,193,25-00503,93.0,1,1,193.0,73,1,7,2,2,2,N,1,N,0,2,45700.0,5,412,90,90,37.5
104,36,2,6,2,2,2,N,12,0,1,5593,12,6,2,2,1,26200.0,2,242,25-00703,105.0,1,1,79.0,51,2,6,2,2,2,N,1,8191,2,3,130000.0,9,501,104,103,50.0
105,16,2,6,2,2,2,N,5,0,2,8770,6,6,0,N,2,131400.0,3,438,25-00503,64.0,1,1,113.0,58,2,7,2,2,2,N,1,4990,0,N,38000.0,5,286,134,135,43.75
106,81,2,6,2,2,2,N,8,0,1,9290,16,6,0,N,1,38300.0,8,31,25-02800,78.0,1,1,72.0,25,2,7,2,2,2,N,1,9570,0,2,48000.0,6,501,141,105,43.75
107,24,2,6,2,2,1,N,10,0,2,7280,15,6,0,6,1,-4600.0,8,176,25-01300,133.0,6,1,118.0,30,2,5,2,2,2,N,1,9170,0,4,42000.0,5,285,158,168,31.25
108,68,2,7,2,2,2,N,5,0,1,4795,N,3,2,4,2,58700.0,N,463,25-00703,91.0,1,1,82.0,89,2,6,2,2,2,N,1,N,0,N,16800.0,3,138,213,213,37.5
109,55,2,6,2,2,2,N,5,0,1,9490,12,6,1,7,2,47000.0,3,137,25-02800,143.0,1,2,80.0,47,2,7,2,1,1,N,1,8290,1,2,18000.0,3,166,63,63,37.5
110,44,2,6,2,2,2,N,11,0,1,8191,9,6,0,2,1,5100.0,2,359,25-00703,148.0,1,2,117.0,53,2,6,2,2,2,N,1,6991,0,N,145000.0,9,501,57,57,50.0
111,18,2,6,2,2,2,3,9,0,1,7380,12,6,1,5,1,291000.0,6,281,25-01000,117.0,6,2,105.0,49,2,6,2,2,2,N,1,8270,0,4,43200.0,5,379,103,71,37.5
112,47,2,7,2,2,2,3,5,0,1,3970,18,6,2,2,1,64400.0,4,478,25-00703,121.0,1,2,74.0,18,2,6,2,2,1,N,1,9920,1,4,0.0,0,317,50,35,25.0
113,40,2,6,2,2,1,N,6,0,1,8191,N,1,0,5,2,176200.0,3,267,25-00703,72.0,1,2,51.0,34,2,6,2,2,2,N,1,N,2,4,0.0,0,263,79,79,37.5
114,18,2,6,2,2,1,N,10,0,1,9920,12,6,0,N,1,25800.0,6,302,25-01000,89.0,1,1,84.0,28,2,6,2,2,2,N,1,8180,0,N,65000.0,7,492,59,59,50.0
115,49,2,6,2,2,2,N,7,0,1,4795,14,6,1,N,2,27000.0,1,2,25-01300,99.0,1,1,140.0,23,2,5,2,2,2,N,1,8680,0,N,38100.0,5,289,75,62,43.75
116,4,2,7,2,2,2,6,7,0,1,8680,3,6,0,4,1,174600.0,9,385,25-00503,119.0,1,1,64.0,22,2,7,2,2,2,N,1,770,0,3,10000.0,2,501,85,74,43.75
117,6,2,6,2,2,2,N,12,0,1,7071,11,1,0,2,1,5600.0,3,283,25-00703,84.0,1,1,131.0,49,2,6,2,2,2,N,1,7860,2,4,107600.0,8,501,75,74,43.75
118,66,2,6,2,2,2,4,9,0,3,2980,13,1,0,N,1,152000.0,4,366,25-00703,72.0,1,1,211.0,55,2,6,2,2,2,N,1,8370,1,3,0.0,0,439,60,56,31.25
119,76,2,7,2,2,2,N,5,0,1,6480,10,1,0,4,1,120800.0,4,280,25-00503,91.0,1,1,143.0,73,2,7,2,2,2,N,1,7770,0,2,352200.0,9,501,86,86,50.0
120,75,2,7,2,2,2,5,9,0,3,7290,10,1,0,N,1,6700.0,7,385,25-02800,66.0,6,2,51.0,29,2,7,2,2,2,N,1,7380,2,7,60010.0,6,501,96,96,31.25
121,30,2,6,2,2,2,N,8,0,1,3380,13,1,0,N,1,35000.0,3,195,25-01300,73.0,1,2,38.0,64,2,5,2,2,2,N,1,8470,0,2,24000.0,4,202,88,74,43.75
122,66,2,6,2,2,2,N,5,0,1,8680,3,4,0,2,1,70830.0,2,355,25-01300,108.0,1,1,90.0,59,2,5,2,2,2,N,1,770,0,N,102000.0,8,501,430,429,43.75
123,1,2,6,2,2,2,N,9,0,1,1691,N,3,0,3,1,63800.0,3,190,25-02800,118.0,1,2,116.0,77,2,7,2,2,2,N,1,N,0,N,20500.0,3,169,113,113,50.0
124,22,2,6,2,2,2,N,9,0,1,6680,6,4,1,N,1,87400.0,1,293,25-02800,150.0,1,1,115.0,57,2,7,2,2,2,N,1,4971,0,N,80000.0,7,501,86,79,43.75
125,19,2,7,2,2,2,N,7,0,1,8191,7,1,0,N,2,55300.0,9,199,25-01000,106.0,2,1,67.0,34,2,6,2,2,2,N,1,6190,1,3,16000.0,3,226,564,538,37.5
126,0,1,6,2,N,2,3,9,0,1,7870,2,4,5,4,1,7200.0,1,445,25-00703,125.0,1,1,122.0,54,2,6,2,2,2,N,1,570,0,N,279500.0,9,501,95,95,25.0
127,73,2,7,2,2,2,N,10,0,1,1070,9,4,2,N,1,62800.0,5,459,25-00703,130.0,1,2,105.0,61,2,6,2,2,2,N,1,6970,0,N,34400.0,4,262,50,51,43.75
128,47,2,6,2,2,2,N,5,0,1,8090,10,1,0,4,2,90100.0,3,365,25-02800,151.0,1,2,113.0,48,2,7,2,2,2,N,1,7690,0,2,20000.0,3,501,122,123,50.0
129,4,2,7,2,2,2,N,9,4,1,5170,11,1,1,4,1,62800.0,5,464,25-00703,128.0,1,1,88.0,53,2,6,2,2,2,N,1,7860,1,4,34240.0,4,269,76,77,50.0
130,75,2,6,2,2,2,1,10,0,1,6590,15,1,2,2,2,33400.0,6,220,25-02800,89.0,1,2,69.0,65,2,7,2,2,2,N,1,9160,0,2,53000.0,6,501,86,95,43.75
131,69,1,7,2,2,N,N,5,0,1,7071,12,4,0,5,2,57000.0,3,294,25-00703,116.0,1,1,139.0,56,2,6,2,2,2,N,1,8270,0,5,55000.0,6,501,210,208,37.5
132,64,2,6,2,2,2,2,10,0,1,8660,11,1,0,2,2,55000.0,2,93,25-01300,112.0,1,1,90.0,25,2,5,2,2,2,N,1,7860,0,2,7000.0,2,394,133,134,50.0
133,45,2,6,2,2,2,N,5,0,1,7860,15,6,1,N,1,13000.0,3,156,25-02800,96.0,2,1,138.0,29,2,7,2,2,2,N,1,8891,2,6,43000.0,5,327,134,64,37.5
134,69,2,7,2,2,2,N,7,0,1,4870,12,3,2,2,1,122200.0,5,366,25-00703,194.0,1,1,63.0,69,2,6,2,2,2,N,1,8191,0,N,49300.0,6,408,70,70,43.75
135,71,2,6,2,2,1,N,4,0,1,8290,12,1,0,4,1,107200.0,6,341,25-01300,116.0,1,1,103.0,58,2,5,2,2,2,N,1,8191,0,3,30000.0,4,331,47,46,37.5
136,71,2,6,2,2,2,4,9,0,1,8970,6,1,1,2,2,20400.0,1,186,25-02800,132.0,1,2,83.0,37,2,7,2,2,2,N,1,4795,2,4,75000.0,7,429,172,149,31.25
137,15,2,6,2,2,2,N,4,0,1,N,10,4,0,4,1,633200.0,8,302,25-00703,130.0,1,1,99.0,64,2,6,2,2,2,N,1,7690,0,N,7000.0,2,53,111,94,50.0
138,19,2,7,2,2,1,2,9,0,1,7370,16,6,0,3,1,42000.0,4,184,25-01300,115.0,1,2,100.0,61,2,5,2,2,2,N,1,9480,0,N,124000.0,9,501,86,86,31.25
139,47,2,6,2,2,1,N,8,0,1,6290,6,6,0,2,2,181000.0,4,236,25-00703,90.0,1,1,110.0,33,2,6,2,2,2,N,1,5391,0,N,60000.0,6,454,237,237,43.75
140,54,2,7,2,2,2,N,10,0,1,3291,10,3,3,N,1,720.0,7,131,25-01000,135.0,1,2,86.0,73,2,6,2,2,2,N,1,7390,0,N,95900.0,8,501,64,64,43.75
141,66,2,6,2,2,N,N,5,0,1,4870,10,6,2,7,2,84900.0,3,12,25-00503,133.0,1,2,89.0,22,2,7,2,2,2,N,1,7480,0,N,0.0,0,0,123,98,31.25
142,60,2,6,2,2,2,N,5,0,2,5680,15,1,0,N,1,139500.0,N,57,25-00703,136.0,1,1,87.0,77,1,6,2,2,2,N,1,8870,0,2,42000.0,5,459,56,55,37.5
143,51,1,6,1,2,2,N,9,0,1,9680,4,4,1,2,1,45000.0,2,186,25-00503,60.0,1,2,143.0,56,2,7,2,2,2,N,1,3960,0,4,108000.0,8,501,57,62,25.0
144,45,2,6,2,2,2,5,10,0,1,7490,6,1,0,4,1,111900.0,4,331,25-02800,51.0,1,1,90.0,33,2,7,2,2,2,N,1,5593,0,2,270000.0,9,501,99,99,37.5
145,57,2,7,2,2,2,N,7,0,2,5580,15,4,0,N,1,18200.0,3,372,25-01000,146.0,1,2,139.0,56,2,6,2,2,2,N,1,8990,0,2,7000.0,2,53,87,68,37.5
146,67,2,6,2,2,1,N,9,0,1,7380,13,1,0,N,2,8400.0,6,81,25-00703,157.0,1,1,150.0,29,2,6,2,2,2,N,1,8380,0,4,40000.0,5,501,109,103,43.75
147,79,2,6,2,2,2,5,10,0,3,4290,10,6,0,N,2,70500.0,8,467,25-00503,149.0,1,2,61.0,34,2,7,2,2,2,N,1,7460,0,N,90000.0,8,501,51,50,43.75
148,43,2,6,2,2,2,N,9,0,1,7290,6,5,1,N,1,38000.0,6,407,25-01000,64.0,1,2,116.0,46,2,6,2,2,2,N,1,5180,1,3,100000.0,8,501,42,42,50.0
149,54,2,6,2,2,2,N,1,0,1,N,12,1,1,3,1,29700.0,1,326,25-02800,148.0,1,2,68.0,46,2,7,2,2,2,N,1,7970,1,3,43000.0,5,501,59,67,50.0
150,70,2,6,2,2,2,N,8,0,1,7870,14,6,3,2,1,10000.0,3,419,25-01300,96.0,1,1,56.0,27,2,5,2,2,2,N,1,8680,0,3,25000.0,4,501,145,100,37.5
151,70,2,7,2,2,2,N,9,0,1,8770,11,6,2,3,2,110050.0,1,18,25-01000,129.0,1,1,99.0,71,2,6,2,2,2,N,1,7870,0,N,80000.0,7,501,59,58,37.5
152,66,2,7,2,2,1,N,10,0,1,8192,9,6,4,7,1,28200.0,6,317,25-00503,88.0,1,1,44.0,62,2,7,2,2,2,N,1,6870,0,N,98500.0,8,501,45,45,37.5
153,54,2,6,2,2,2,N,12,0,1,7380,15,1,0,2,1,7300.0,5,371,25-00503,138.0,1,2,101.0,65,2,7,2,2,2,N,1,9170,0,2,29400.0,4,501,56,56,50.0
154,49,2,6,2,2,2,N,1,0,1,6470,6,1,1,3,1,115000.0,1,90,25-02800,74.0,1,2,190.0,65,2,7,2,1,2,N,1,5381,0,2,2200.0,1,25,97,97,37.5
155,24,2,6,2,2,2,N,10,0,1,9080,10,6,1,7,2,14000.0,6,118,25-00703,86.0,1,1,103.0,26,2,6,2,2,2,N,1,7470,0,N,50000.0,6,381,46,46,50.0
156,91,2,6,2,2,2,N,9,0,1,1070,4,1,3,N,2,55000.0,4,225,25-00503,104.0,1,1,142.0,43,2,7,2,2,2,N,1,2690,0,2,110000.0,8,501,49,49,37.5
157,35,2,6,2,2,2,N,9,0,1,8070,12,4,1,2,1,50500.0,5,33,25-01300,152.0,1,2,95.0,45,2,5,2,2,2,N,1,8191,0,N,105000.0,8,501,65,65,37.5
158,37,2,6,2,2,2,N,7,0,1,8270,12,4,0,5,1,95800.0,6,492,25-01300,141.0,1,2,182.0,51,2,5,2,2,2,N,1,8191,0,4,36800.0,5,501,213,164,43.75
159,56,2,6,2,2,2,1,8,0,1,N,5,4,0,2,1,45000.0,1,0,25-01300,99.0,1,1,115.0,57,2,5,2,2,2,N,1,4195,1,2,120000.0,8,501,124,115,43.75
160,43,2,6,2,2,2,3,7,0,1,7870,9,6,0,N,2,33300.0,7,92,25-00503,73.0,1,2,95.0,41,2,7,2,2,2,N,1,6870,0,2,80000.0,7,471,114,76,43.75
161,39,2,6,2,2,2,N,7,4,1,4380,12,1,5,N,2,23900.0,5,279,25-01300,89.0,1,2,153.0,36,2,5,2,2,2,N,1,8170,2,5,10000.0,2,369,339,339,37.5
162,37,2,6,2,2,1,N,5,0,1,7390,15,1,0,2,1,1900.0,4,251,25-01000,100.0,1,1,93.0,65,2,6,2,2,2,N,1,8770,0,2,4600.0,1,276,79,92,50.0
163,1,2,7,2,2,2,N,5,0,1,9080,6,4,0,N,1,23000.0,3,406,25-01300,114.0,1,1,83.0,43,2,5,2,2,2,N,1,5295,0,2,50000.0,6,456,101,81,43.75
164,20,2,6,2,2,2,N,10,0,1,7390,12,4,2,4,1,1700.0,5,158,25-02800,112.0,1,2,66.0,70,2,7,2,2,2,N,1,8090,0,N,343300.0,9,501,94,94,37.5
165,39,2,6,2,2,2,N,8,0,1,4971,12,6,0,7,2,59000.0,5,347,25-00703,96.0,1,2,132.0,59,2,6,2,2,2,N,1,8090,0,N,56000.0,6,422,129,128,50.0
166,37,2,6,2,2,2,5,5,0,1,7280,16,1,2,N,1,167800.0,8,471,25-00503,104.0,1,1,93.0,54,2,7,2,2,2,N,1,9490,2,5,64000.0,7,425,259,272,37.5
167,78,2,6,2,2,2,N,9,0,3,6690,11,3,4,N,1,15300.0,2,443,25-00703,101.0,1,2,105.0,68,2,6,2,2,2,N,1,7860,0,2,25200.0,4,263,61,61,37.5
168,33,2,6,2,2,2,N,12,0,1,8290,15,6,0,2,1,62780.0,2,223,25-00503,121.0,1,1,197.0,55,2,7,2,2,2,N,1,9160,2,3,80000.0,7,396,62,61,37.5
169,49,2,6,2,2,2,N,5,0,1,8990,N,4,0,2,1,433000.0,4,418,25-00503,86.0,1,1,109.0,82,2,7,2,1,2,N,1,N,0,3,43000.0,5,501,153,111,37.5
170,45,2,6,2,2,2,N,10,0,1,670,4,4,2,2,1,120.0,3,373,25-00503,122.0,1,2,79.0,66,2,7,2,2,2,N,1,3990,1,4,1400.0,1,501,133,101,37.5
171,68,2,6,2,2,2,2,10,0,1,3970,11,6,0,2,2,4500.0,2,49,25-02800,90.0,1,2,129.0,28,2,7,2,2,2,N,1,7870,0,N,70000.0,7,501,60,60,37.5
172,38,2,6,2,2,2,5,7,0,1,8680,14,4,1,N,2,168300.0,5,240,25-00703,82.0,1,1,109.0,76,2,6,2,2,2,N,1,8590,0,N,19400.0,3,160,100,99,43.75
173,61,2,7,2,2,2,N,7,0,1,8562,15,4,1,N,1,133010.0,3,440,25-01000,109.0,1,1,84.0,46,2,6,2,2,2,N,1,8980,0,6,43700.0,5,501,71,54,37.5
174,8,2,6,2,2,1,N,5,0,1,7970,4,1,4,6,1,99000.0,4,292,25-01300,89.0,1,2,87.0,68,2,5,2,2,2,N,1,3095,0,2,28500.0,4,377,75,74,37.5
175,71,2,6,2,2,N,N,4,0,1,7290,14,6,2,3,1,38200.0,6,302,25-01000,99.0,8,1,100.0,17,2,6,2,2,2,N,1,8590,2,4,800.0,1,276,48,50,43.75
176,64,2,6,2,2,2,N,9,0,1,3390,10,4,N,3,1,6700.0,3,451,25-01000,62.0,1,1,94.0,63,2,6,2,2,2,N,1,7280,0,N,17700.0,3,133,78,78,50.0
177,67,2,6,1,N,2,N,8,0,1,8380,14,6,0,6,1,56000.0,7,113,25-01000,113.0,1,2,79.0,39,2,6,2,2,2,N,1,8660,0,N,38000.0,5,290,232,192,37.5
178,55,2,6,2,2,2,N,8,0,1,8563,16,6,2,3,2,107000.0,3,190,25-00703,100.0,1,1,76.0,26,2,6,2,2,2,5,1,9470,0,N,76800.0,7,501,57,56,37.5
179,36,2,6,2,2,2,4,5,0,1,8780,15,1,1,4,1,48000.0,5,103,25-00703,104.0,1,2,90.0,53,2,6,2,2,2,N,1,8980,0,2,24000.0,4,434,114,103,37.5
180,24,1,6,2,2,2,N,8,0,1,7190,N,6,1,N,1,41900.0,2,291,25-00503,101.0,1,2,143.0,32,2,7,2,2,2,N,1,N,0,3,20000.0,3,501,135,109,31.25
181,23,2,7,2,2,2,N,9,0,1,2870,15,3,1,N,1,83040.0,5,353,25-00503,63.0,1,2,123.0,83,2,7,2,1,2,N,1,9170,0,N,86000.0,8,501,50,51,43.75
182,49,2,7,2,2,N,N,8,0,1,8370,7,1,1,3,1,469000.0,8,193,25-02800,142.0,1,1,121.0,59,2,7,2,2,2,N,1,6090,3,5,83000.0,7,469,51,58,37.5
183,49,2,7,2,2,2,N,7,0,1,N,6,4,0,3,1,57500.0,4,459,25-01300,120.0,1,2,83.0,50,2,5,2,2,2,N,1,5391,0,N,420.0,1,3,396,429,43.75
184,56,2,6,2,2,2,N,5,0,1,7270,14,3,0,N,1,16600.0,2,4,25-00703,71.0,1,2,143.0,86,2,6,2,2,2,N,1,8660,0,N,26200.0,4,215,51,51,56.25
185,24,2,7,2,2,2,N,7,0,1,2490,N,2,0,N,1,36400.0,3,331,25-01000,166.0,1,2,143.0,74,1,6,2,1,2,N,1,N,0,2,9160.0,2,52,149,149,31.25
186,68,2,6,2,2,2,6,4,0,1,6695,6,6,2,4,2,226200.0,1,444,25-00703,96.0,1,1,65.0,17,2,6,2,2,2,N,1,4971,1,2,6800.0,1,341,94,108,43.75
187,26,2,7,2,2,2,N,8,0,1,6880,5,1,0,2,1,310.0,4,208,25-01300,152.0,1,2,105.0,66,2,5,2,2,2,N,1,4585,0,2,11000.0,2,230,59,59,50.0
188,20,2,6,2,2,2,N,10,0,1,7970,14,1,0,4,2,79400.0,6,219,25-00503,70.0,1,1,169.0,59,2,7,2,2,2,N,1,8680,0,2,40000.0,5,237,93,69,43.75
189,83,2,6,2,2,2,N,8,0,1,4380,3,6,1,2,1,26200.0,7,470,25-01300,108.0,1,1,105.0,35,2,5,2,2,2,N,1,770,0,4,0.0,0,501,183,128,37.5
190,29,2,6,2,2,2,N,4,0,1,7460,7,1,2,5,1,108000.0,8,269,25-00703,146.0,1,1,67.0,21,2,6,2,2,2,N,1,6290,0,5,16000.0,3,174,148,101,50.0
191,43,2,6,2,2,2,N,4,0,1,7680,N,4,0,N,2,1400.0,1,297,25-00703,84.0,1,1,207.0,72,2,6,2,2,2,N,1,N,0,3,19700.0,3,252,23,24,50.0
192,37,2,6,2,2,2,3,8,0,1,7280,14,6,0,2,1,23800.0,8,382,25-00703,74.0,1,1,135.0,26,2,6,2,2,2,N,1,8590,0,4,21000.0,3,501,148,133,43.75
193,69,2,6,2,2,2,N,5,0,1,8570,7,1,N,6,2,3400.0,7,37,25-01300,127.0,1,1,129.0,46,2,5,2,2,2,N,1,6170,0,2,87000.0,8,501,212,212,37.5
194,33,2,6,2,2,2,4,7,0,1,8090,11,1,3,4,1,60020.0,7,239,25-00703,120.0,1,1,71.0,63,2,6,2,2,2,N,1,7860,0,2,52000.0,6,424,66,67,37.5
195,72,1,6,2,2,2,N,5,0,1,8370,N,1,0,4,1,11800.0,1,244,25-01000,79.0,6,2,106.0,78,2,6,2,2,2,N,1,N,0,2,16800.0,3,501,58,45,43.75
196,38,2,6,2,2,2,N,7,0,1,9370,14,3,1,N,1,100.0,3,319,25-01300,95.0,1,1,107.0,78,2,5,2,2,2,N,1,8570,0,N,82000.0,7,501,60,59,43.75
197,52,2,6,2,2,2,N,11,0,1,7890,12,1,0,2,1,46800.0,1,396,25-02800,93.0,1,2,100.0,36,2,7,2,2,2,N,1,8090,0,2,75300.0,7,501,100,100,56.25
198,21,2,6,2,2,1,N,10,0,1,2490,N,1,0,5,2,49020.0,5,164,25-01000,91.0,1,2,100.0,79,2,6,2,1,2,N,1,N,0,2,15000.0,3,501,131,135,37.5
199,40,2,6,2,2,2,3,5,0,1,7860,16,3,0,N,1,52100.0,7,94,25-00703,86.0,1,2,104.0,73,2,6,2,2,2,N,1,9370,0,N,49250.0,6,406,67,67,50.0
200,30,2,7,2,2,2,N,7,0,1,3370,N,6,2,3,1,29000.0,2,220,25-02800,92.0,1,2,101.0,60,2,7,2,2,1,N,1,N,0,N,19200.0,3,145,177,168,37.5
201,70,2,6,2,2,2,N,7,0,1,3095,9,6,1,5,1,16200.0,7,326,25-01300,119.0,1,2,98.0,30,2,5,2,2,2,N,1,6991,0,3,42000.0,5,501,80,66,37.5
202,66,2,7,1,2,2,N,3,0,1,2670,N,1,0,2,1,58000.0,5,266,25-00703,59.0,6,1,114.0,75,1,6,2,1,2,N,1,N,2,7,2400.0,1,501,84,158,18.75
203,64,2,6,2,2,2,N,5,0,1,8590,15,4,0,N,1,92000.0,6,138,25-01300,105.0,1,2,93.0,68,2,5,2,2,2,N,1,9160,0,N,20400.0,3,168,60,60,50.0
204,26,2,6,2,2,2,N,7,0,1,8680,7,1,0,N,1,74350.0,4,37,25-00503,133.0,1,1,105.0,55,2,7,2,2,2,N,1,6070,0,2,78500.0,7,501,57,57,43.75
205,44,2,6,2,2,2,N,9,0,1,N,4,4,0,2,1,51500.0,6,82,25-02800,80.0,1,2,96.0,58,2,7,2,2,2,N,1,2190,0,N,320000.0,9,501,99,99,43.75
206,35,2,6,2,2,2,N,8,0,2,2190,8,1,0,3,1,24260.0,7,380,25-02800,154.0,1,2,161.0,48,2,7,2,2,2,N,1,6690,0,3,78000.0,7,501,99,98,50.0
207,40,2,6,2,2,2,N,4,0,1,9170,4,1,0,N,1,248200.0,7,369,25-00703,74.0,1,1,73.0,34,2,6,2,2,2,N,1,3580,0,2,85000.0,8,501,132,132,50.0
208,53,2,6,2,2,1,N,5,0,1,6280,3,1,0,N,1,177500.0,6,202,25-00703,125.0,1,2,90.0,58,2,6,2,2,2,N,1,770,0,2,31400.0,4,501,107,106,43.75
209,40,2,6,2,2,2,N,7,0,1,7770,16,1,4,4,2,69900.0,3,501,25-00503,73.0,1,1,113.0,32,2,7,2,2,2,N,1,9470,0,2,51000.0,6,501,99,87,43.75
210,54,2,7,2,2,2,5,9,0,1,3291,16,1,0,5,1,52600.0,6,387,25-00503,120.0,1,2,132.0,33,2,7,2,2,2,N,1,9470,2,4,30000.0,4,501,94,101,37.5
211,43,2,6,2,2,N,N,4,0,1,9470,4,1,0,2,1,8600.0,8,139,25-01000,89.0,1,2,126.0,53,2,6,2,2,2,N,1,1691,0,5,24000.0,4,394,60,66,43.75
212,45,2,6,2,2,2,N,9,0,1,1070,6,6,0,N,1,87400.0,7,489,25-00503,61.0,1,2,79.0,69,2,7,2,2,2,N,1,5593,0,N,43000.0,5,355,91,91,50.0
213,35,2,7,1,2,1,N,5,0,1,7270,12,4,0,3,1,7300.0,4,501,25-02800,111.0,1,2,68.0,66,2,7,2,2,2,N,1,8191,0,N,88800.0,8,501,55,56,43.75
214,43,2,6,2,2,2,N,7,0,1,290,15,1,0,N,1,4600.0,2,246,25-02800,82.0,1,1,168.0,75,2,7,2,2,2,N,1,8891,0,2,5500.0,1,172,90,90,43.75
215,52,2,6,2,2,2,N,9,0,1,1490,12,1,1,3,1,105300.0,9,85,25-01000,98.0,6,2,45.0,52,2,6,2,2,2,N,1,8191,0,4,53000.0,6,379,70,71,50.0
216,31,2,6,2,2,2,N,5,0,1,2690,12,4,2,3,2,22400.0,2,495,25-01000,115.0,1,2,91.0,61,2,6,2,2,2,N,1,8290,0,2,30000.0,4,215,55,55,43.75
217,75,2,6,2,2,2,N,8,0,1,5790,10,6,0,4,1,151400.0,2,369,25-01300,104.0,1,2,82.0,58,2,5,2,2,2,N,1,7270,0,2,86000.0,8,501,55,56,43.75
218,61,2,6,2,2,2,N,8,0,1,3970,10,1,1,2,2,627430.0,9,32,25-00703,83.0,1,1,121.0,37,2,6,2,2,2,N,1,7380,2,4,55000.0,6,298,60,60,43.75
219,26,2,6,2,1,2,N,4,0,1,8090,4,6,2,2,1,90000.0,3,477,25-00703,97.0,1,1,105.0,16,2,6,2,2,2,N,1,1190,1,2,2500.0,1,271,49,58,43.75
220,2,2,6,2,2,2,4,7,0,1,6870,6,6,0,6,1,160.0,1,443,25-01000,100.0,1,1,164.0,26,2,6,2,2,2,N,1,4980,0,4,15000.0,3,501,108,90,43.75
221,89,1,7,1,2,2,N,9,0,1,9920,9,6,0,N,1,470200.0,5,243,25-00503,121.0,1,2,111.0,30,2,7,2,2,2,N,1,6991,0,4,50000.0,6,501,117,94,37.5
222,62,2,6,2,2,2,N,9,0,1,6870,12,6,1,N,2,30800.0,3,71,25-00503,145.0,1,1,94.0,29,2,7,2,2,2,N,1,8191,0,2,128000.0,9,501,97,96,37.5
223,1,2,6,2,2,2,N,5,0,1,8470,10,4,0,5,1,188500.0,2,157,25-00503,84.0,1,2,101.0,67,2,7,2,2,2,N,1,7460,0,N,12000.0,2,99,92,102,50.0
224,23,1,6,2,1,2,N,8,0,1,7770,13,4,2,2,1,89800.0,7,23,25-00503,106.0,1,2,163.0,70,2,7,2,2,2,N,1,8390,0,N,78800.0,7,501,57,58,31.25
225,53,2,6,2,N,2,N,5,0,1,7980,7,6,0,N,1,340000.0,7,0,25-00703,127.0,1,2,61.0,25,2,6,2,2,2,N,1,6290,0,2,4900.0,1,164,240,185,43.75
226,67,2,7,2,2,2,N,7,0,1,8680,10,4,2,3,2,160000.0,1,368,25-01300,125.0,1,1,80.0,65,2,5,2,1,1,N,1,7290,0,N,64500.0,7,501,65,65,25.0
227,49,2,7,2,2,2,N,5,0,1,6672,14,1,0,2,2,41890.0,7,494,25-02800,127.0,1,2,84.0,55,2,7,2,2,2,N,1,8590,0,3,20000.0,3,501,73,73,50.0
228,43,2,6,2,2,2,N,5,0,1,9380,14,1,2,3,1,167500.0,2,485,25-02800,71.0,1,2,137.0,31,2,7,2,2,2,N,1,8680,1,4,12000.0,2,501,67,74,43.75
229,58,2,6,2,2,N,N,9,0,1,8990,3,1,2,6,1,420.0,4,218,25-01000,53.0,1,2,74.0,49,2,6,2,2,2,N,1,770,2,4,72000.0,7,501,95,94,43.75
230,70,2,6,2,2,1,N,5,0,1,4971,4,1,0,3,2,11000.0,6,275,25-00503,64.0,1,1,120.0,55,2,7,2,2,2,N,1,2880,0,3,48000.0,6,443,116,116,50.0
231,79,2,6,2,2,2,N,7,0,1,8770,11,4,0,N,2,39910.0,6,25,25-01300,66.0,1,2,81.0,60,2,5,2,2,2,N,1,7860,0,2,0.0,0,0,109,109,43.75
232,56,2,6,2,2,2,N,4,0,1,8180,12,6,2,2,2,16500.0,6,477,25-00703,99.0,6,1,99.0,16,2,6,2,2,2,N,1,8070,4,5,2000.0,1,8,81,72,43.75
233,49,2,6,2,2,2,N,7,0,1,7380,11,3,0,N,1,105490.0,4,373,25-01000,156.0,1,2,136.0,62,2,6,2,2,2,N,1,7870,0,N,81300.0,7,501,96,95,56.25
234,43,2,6,2,1,2,N,9,0,1,7480,14,4,0,N,1,3000.0,1,327,25-02800,90.0,1,1,100.0,55,2,7,2,2,2,N,1,8561,1,2,-4600.0,0,0,67,67,31.25
235,76,1,6,2,2,2,N,5,0,1,8090,4,6,1,N,1,89500.0,6,138,25-01300,80.0,1,1,39.0,51,2,5,2,2,2,N,1,2980,0,2,35000.0,5,501,204,142,31.25
236,55,2,6,2,N,2,N,5,0,1,5275,10,4,0,4,1,142500.0,5,150,25-00503,137.0,1,1,66.0,53,2,7,2,2,2,N,1,7380,1,3,80000.0,7,501,127,123,31.25
237,57,2,6,2,2,2,N,10,0,1,4770,9,6,2,6,1,96300.0,4,36,25-01000,50.0,1,1,201.0,45,2,6,2,2,2,N,1,6992,0,N,84000.0,7,501,106,106,43.75
238,65,2,7,2,2,2,6,8,0,2,6380,7,1,0,3,1,37600.0,3,342,25-01000,137.0,1,1,166.0,61,2,6,2,2,2,N,1,6070,0,3,95000.0,8,501,58,50,37.5
239,34,2,6,2,2,2,N,9,0,1,2570,4,1,0,3,2,158000.0,3,159,25-02800,125.0,1,1,62.0,25,2,7,2,2,2,N,1,3580,0,2,85020.0,8,501,91,91,43.75
240,41,2,6,1,2,2,N,9,0,1,2290,4,4,0,3,1,58220.0,9,479,25-01000,56.0,1,1,82.0,59,2,6,2,2,2,N,1,3960,0,N,160000.0,9,501,101,100,50.0
241,57,2,7,2,N,2,N,10,0,1,7280,10,4,0,N,1,60360.0,5,441,25-01000,95.0,1,2,69.0,63,2,6,2,2,2,N,1,7280,0,N,70830.0,7,501,96,95,50.0
242,64,2,6,1,2,2,N,5,0,1,9590,13,1,1,6,2,98000.0,7,164,25-00703,110.0,1,2,87.0,40,2,6,2,2,2,N,1,8470,1,4,2400.0,1,137,451,421,43.75
243,75,2,6,2,2,2,N,5,0,1,8370,8,1,1,N,1,15180.0,4,237,25-00503,166.0,1,1,105.0,58,2,7,2,2,2,N,1,6680,0,2,150000.0,9,501,59,43,37.5
244,38,2,6,2,2,2,N,7,0,1,7980,15,3,2,2,1,30900.0,7,463,25-02800,81.0,1,2,103.0,75,2,7,2,2,2,N,1,9290,1,6,37200.0,5,501,80,74,37.5
245,55,2,6,2,2,2,N,7,0,1,5295,10,1,2,N,1,890.0,3,434,25-01000,117.0,2,1,89.0,37,2,6,2,2,2,N,1,7380,2,5,150000.0,9,501,284,193,50.0
246,60,2,6,2,2,2,N,9,0,1,7270,12,4,0,2,2,1000.0,6,418,25-01300,112.0,1,2,111.0,60,2,5,2,2,2,N,1,8191,0,N,95000.0,8,501,110,110,50.0
247,50,2,6,2,2,2,N,8,0,1,8290,12,1,2,N,2,64500.0,6,41,25-02800,87.0,1,2,52.0,44,2,7,2,2,2,N,1,7970,1,3,24000.0,4,501,107,106,37.5
248,89,2,7,2,2,2,N,7,0,1,6970,8,1,0,2,2,67000.0,7,417,25-00703,142.0,1,1,116.0,39,2,6,2,2,2,N,1,6672,1,3,44000.0,5,277,84,84,37.5
249,33,2,6,2,2,1,N,5,0,1,7870,6,4,3,4,1,67000.0,7,423,25-01300,125.0,1,2,131.0,62,2,5,2,2,1,N,1,4870,0,2,18100.0,3,273,81,58,37.5
250,71,2,7,2,2,2,N,10,0,1,8580,10,6,0,2,2,50200.0,2,348,25-02800,96.0,1,1,114.0,39,2,7,2,2,2,N,1,7490,0,N,-4600.0,0,0,129,129,50.0
251,62,2,7,2,N,2,N,5,0,1,9570,14,6,1,4,1,296000.0,5,300,25-01300,92.0,1,2,87.0,20,2,5,2,2,2,N,1,8680,0,3,0.0,0,501,94,67,31.25
252,68,2,7,2,2,2,5,5,0,1,5070,9,4,0,3,1,50900.0,4,501,25-00703,149.0,1,1,73.0,56,2,6,2,2,2,N,1,7071,0,N,50900.0,6,386,151,151,43.75
253,24,2,6,2,2,2,N,6,0,1,8290,N,3,0,3,1,950.0,5,430,25-02800,127.0,1,2,67.0,58,2,7,1,1,1,N,1,N,0,2,13600.0,2,285,202,141,25.0
254,71,2,7,1,2,2,N,5,0,1,6290,14,1,0,2,1,65000.0,5,275,25-00703,85.0,1,2,105.0,60,2,6,2,2,2,N,1,8680,0,2,20000.0,3,501,499,498,43.75
255,70,2,6,2,2,1,N,5,0,1,6991,11,1,0,N,1,71000.0,8,66,25-01000,76.0,1,1,103.0,51,2,6,2,2,2,N,1,7860,0,2,57000.0,6,501,117,117,43.75
256,43,2,6,2,2,2,N,10,0,1,8180,10,6,0,2,1,2500.0,3,394,25-00503,54.0,6,2,98.0,30,2,7,2,2,2,N,1,7460,0,N,130000.0,9,501,114,114,43.75
257,68,2,6,2,2,2,1,10,0,1,9370,6,1,0,4,1,17800.0,5,343,25-01000,136.0,1,1,76.0,49,2,6,2,2,2,N,1,5080,3,5,627000.0,9,501,51,51,37.5
258,47,2,7,2,2,2,N,5,0,1,7770,9,6,0,N,1,85110.0,3,164,25-02800,144.0,1,1,64.0,26,2,7,2,2,2,N,1,7071,0,6,53000.0,6,501,128,114,50.0
259,74,2,7,2,2,2,N,9,0,1,7460,N,6,0,2,2,60150.0,5,259,25-00503,122.0,6,2,55.0,23,2,7,2,2,2,N,1,N,0,N,0.0,0,0,62,50,50.0
260,65,2,7,2,2,2,N,8,0,1,7860,16,1,0,N,1,1050000.0,6,223,25-02800,118.0,1,2,95.0,37,2,7,2,2,2,N,1,9370,2,5,41900.0,5,397,147,148,43.75
261,72,2,6,2,2,N,N,9,0,1,4980,4,4,1,N,1,89200.0,1,72,25-00703,60.0,1,1,94.0,61,2,6,2,2,2,N,1,2370,0,N,206100.0,9,501,127,127,43.75
262,50,2,7,2,2,2,N,9,0,1,N,4,4,0,2,2,456000.0,2,317,25-02800,116.0,1,1,99.0,42,2,7,2,2,2,N,1,3390,2,3,158000.0,9,501,75,75,43.75
263,54,2,7,2,2,2,N,7,0,1,5275,8,6,2,4,1,52000.0,3,260,25-00703,98.0,1,2,81.0,18,2,6,2,2,2,N,1,6670,1,4,1000.0,1,452,217,162,43.75
264,51,2,6,2,2,2,N,9,0,1,8680,7,6,0,2,1,31000.0,1,276,25-00503,73.0,1,2,84.0,29,2,7,2,2,2,N,1,6290,0,N,4000.0,1,30,64,68,50.0
265,16,2,6,2,2,2,N,5,0,1,5790,6,6,0,5,0,33000.0,8,137,25-00503,110.0,1,2,165.0,20,2,7,2,2,2,N,3,5391,N,N,4000.0,1,N,15,0,31.25
266,67,2,7,2,2,2,N,9,0,1,8370,6,6,0,N,1,107200.0,5,37,25-02800,76.0,1,2,103.0,29,2,7,2,2,2,N,1,4770,0,N,60000.0,6,452,67,67,56.25
267,14,2,6,2,2,2,N,9,0,1,4870,10,1,3,9,2,15000.0,4,78,25-02800,87.0,1,1,143.0,68,2,7,2,2,2,N,1,7290,0,2,87000.0,8,501,94,95,37.5
268,26,2,6,2,2,2,N,9,0,1,6991,N,3,0,N,1,100900.0,3,452,25-01300,79.0,6,2,121.0,81,1,5,2,2,2,N,1,N,0,3,8000.0,2,501,67,46,37.5
269,40,2,6,2,2,N,3,10,0,1,9170,14,1,2,N,1,9200.0,3,380,25-01300,94.0,1,2,116.0,41,2,5,2,2,2,N,1,8590,2,4,140000.0,9,501,51,52,31.25
270,48,2,6,2,1,2,N,5,0,2,8290,15,1,0,2,1,9600.0,5,275,25-00503,74.0,1,1,167.0,67,1,7,1,1,2,N,1,8770,0,3,34200.0,4,497,91,93,25.0
271,30,2,6,2,2,2,4,7,0,1,9480,7,1,0,3,1,36100.0,4,369,25-01000,97.0,1,2,72.0,49,2,6,2,2,2,N,1,6380,1,4,85000.0,8,501,70,70,37.5
272,66,2,7,2,1,2,N,5,0,1,6991,0,1,0,N,2,130000.0,2,91,25-00703,100.0,1,1,101.0,38,2,6,2,2,2,N,1,170,1,3,17800.0,3,382,145,145,31.25
273,66,2,6,2,2,N,1,9,0,1,8290,16,3,0,3,1,71900.0,1,456,25-00703,98.0,1,2,136.0,68,2,6,2,2,2,N,1,9370,0,2,113850.0,8,501,58,58,37.5
274,70,2,6,2,2,2,N,5,0,1,6991,16,6,N,N,1,30000.0,6,478,25-02800,95.0,1,1,107.0,69,2,7,2,2,2,N,1,9590,0,2,58800.0,6,501,60,60,43.75
275,65,2,6,2,2,2,2,8,0,1,7870,9,1,0,4,2,13000.0,2,377,25-00703,111.0,1,2,168.0,27,2,6,2,2,2,N,1,6880,3,5,40000.0,5,462,133,151,37.5
276,52,1,7,2,N,2,N,7,0,1,2270,3,1,1,2,1,50900.0,3,334,25-02800,99.0,1,2,89.0,32,2,7,2,2,2,N,1,770,2,5,25000.0,4,324,129,130,31.25
277,68,2,6,2,2,2,1,7,0,1,6380,8,1,0,2,1,64000.0,5,84,25-00703,172.0,1,2,98.0,53,2,6,2,2,2,N,1,6690,0,2,90000.0,8,501,37,32,50.0
278,20,2,6,2,2,2,N,7,0,2,7071,N,3,2,4,2,150000.0,0,501,25-01000,75.0,1,2,156.0,69,2,6,2,2,2,N,1,N,0,N,26200.0,4,214,86,86,37.5
279,43,2,7,2,2,2,N,4,0,1,8563,12,6,4,2,1,87900.0,3,104,25-01000,156.0,1,2,114.0,16,2,6,2,2,2,N,1,8191,2,3,1690.0,1,232,47,60,37.5
280,55,2,6,2,2,2,N,4,0,1,9490,N,6,0,5,1,10500.0,2,323,25-00703,127.0,6,1,75.0,16,2,6,2,2,2,N,1,N,1,3,-1600.0,0,501,90,99,43.75
281,47,2,6,2,2,2,N,4,0,1,6390,14,1,1,3,1,27100.0,1,22,25-01000,112.0,1,2,166.0,60,2,6,2,2,2,N,1,8561,0,5,58000.0,6,501,59,60,43.75
282,24,2,6,2,2,1,N,4,4,1,1370,14,1,1,3,1,2200.0,5,348,25-02800,69.0,1,2,116.0,23,2,7,2,2,2,N,1,8680,0,2,26000.0,4,450,354,354,31.25
283,52,2,7,2,2,2,N,11,0,1,4690,10,6,0,2,1,17000.0,3,130,25-00703,110.0,1,2,132.0,42,2,6,2,2,2,N,1,7280,0,N,251200.0,9,501,68,67,43.75
284,43,2,6,2,2,1,N,7,0,1,4560,15,1,2,N,2,19220.0,7,125,25-00703,124.0,1,2,110.0,56,2,6,2,2,2,N,1,9170,0,3,18700.0,3,213,36,29,37.5
285,34,2,7,2,2,2,3,5,0,1,6870,13,6,0,3,1,29800.0,4,152,25-01300,107.0,1,2,105.0,18,2,5,2,2,2,N,1,8470,1,4,5400.0,1,483,247,155,31.25
286,26,2,6,1,2,2,3,7,0,1,5190,4,6,0,N,1,0.0,5,465,25-00503,160.0,6,1,123.0,42,2,7,2,2,2,N,1,3960,0,5,70000.0,7,454,170,124,31.25
287,67,2,6,2,2,2,N,9,0,3,8270,4,6,0,6,2,50000.0,5,276,25-01000,75.0,1,2,96.0,27,2,6,2,2,2,N,1,2880,0,2,41000.0,5,501,75,65,56.25
288,52,2,6,2,1,1,N,8,0,1,2870,6,3,2,4,1,80800.0,8,294,25-02800,113.0,1,2,74.0,78,2,7,2,2,2,N,1,5593,0,N,53500.0,6,437,113,113,31.25
289,26,2,6,2,2,2,N,9,0,1,6970,14,3,0,N,1,67800.0,6,487,25-00703,70.0,1,2,113.0,66,2,6,2,2,2,N,1,8680,0,3,423000.0,9,501,91,91,50.0
290,15,2,6,2,2,1,N,10,0,1,5391,N,6,3,2,2,79000.0,0,314,25-00703,76.0,1,2,99.0,73,1,6,2,1,1,N,1,N,0,2,36200.0,5,501,53,53,37.5
291,31,2,6,2,2,2,N,9,0,1,2590,10,4,0,3,1,100.0,4,499,25-00503,173.0,1,2,118.0,66,2,7,2,2,2,N,1,7490,0,3,31800.0,4,337,59,59,56.25
292,41,2,6,2,2,2,N,5,0,1,6970,14,1,0,5,1,215000.0,7,457,25-00503,102.0,1,2,79.0,72,2,7,2,2,2,N,1,8680,0,2,35600.0,5,321,39,39,43.75
293,43,2,6,2,2,2,N,9,0,1,6090,4,4,5,N,2,310.0,7,58,25-00503,107.0,1,1,117.0,45,2,7,2,2,2,N,1,3365,0,N,275000.0,9,501,117,117,50.0
294,52,2,6,2,2,2,N,9,0,1,5170,N,1,0,5,1,42000.0,6,172,25-02800,97.0,6,2,101.0,49,2,7,2,2,2,N,1,N,1,3,12000.0,2,501,87,94,37.5
295,4,2,6,2,2,2,N,10,0,3,770,12,6,2,5,2,4900.0,9,478,25-00503,106.0,1,2,132.0,34,2,7,2,2,2,N,1,8191,0,N,50200.0,6,378,122,122,31.25
296,58,2,7,2,2,2,N,5,0,1,680,15,6,4,6,2,7500.0,6,11,25-00703,133.0,1,1,76.0,52,2,6,2,2,2,N,1,9290,1,3,58000.0,6,438,96,99,43.75
297,74,2,7,2,2,2,N,10,0,1,6190,9,2,3,5,1,107200.0,4,252,25-00503,141.0,6,2,41.0,64,2,7,2,2,2,N,1,6970,0,N,83000.0,7,501,98,97,43.75
298,41,2,7,2,2,1,N,5,0,1,8590,4,1,0,9,1,58000.0,6,459,25-00503,76.0,6,1,138.0,69,1,7,2,2,2,N,1,3380,0,2,81600.0,7,501,52,51,37.5
299,52,2,6,1,2,2,N,7,0,2,1070,15,1,0,4,2,22900.0,3,113,25-00503,88.0,1,1,88.0,75,2,7,2,1,2,4,1,9170,0,2,50000.0,6,501,151,151,18.75
300,75,2,7,2,2,2,4,10,0,1,8561,15,4,1,3,2,18900.0,5,354,25-01000,125.0,1,2,93.0,62,2,6,2,2,2,N,1,9070,0,2,50300.0,6,501,64,65,31.25
301,68,2,6,2,2,2,N,1,0,1,7670,9,1,0,2,1,2300.0,7,501,25-00703,104.0,1,1,89.0,50,2,6,2,2,2,N,1,7190,2,4,42000.0,5,471,129,129,43.75
302,27,2,6,2,2,2,N,8,0,1,4560,13,1,1,2,1,419500.0,1,312,25-02800,58.0,1,2,126.0,54,2,7,2,2,1,N,1,8470,2,5,28000.0,4,501,65,72,31.25
303,27,2,7,2,2,2,N,8,0,1,7580,10,6,1,2,1,16000.0,2,463,25-01000,117.0,1,1,82.0,36,2,6,2,2,2,N,1,7490,0,N,85000.0,8,501,136,136,37.5
304,26,2,6,2,2,2,1,5,0,1,4870,13,3,0,3,2,110500.0,5,187,25-01000,81.0,1,2,102.0,69,2,6,2,2,2,N,1,8470,0,N,34000.0,4,279,111,112,43.75
305,38,2,6,2,2,2,N,8,0,1,6190,12,4,1,4,2,63010.0,1,166,25-00703,129.0,1,1,103.0,55,2,6,2,1,2,N,1,8191,0,N,26400.0,4,202,88,88,37.5
306,68,2,7,2,2,2,N,9,0,1,6670,16,6,0,2,1,32200.0,3,449,25-02800,76.0,1,1,121.0,73,2,7,2,2,2,N,1,9570,0,N,77000.0,7,501,62,62,50.0
307,26,2,7,2,2,2,N,4,0,1,7390,4,6,0,N,1,82800.0,8,408,25-00503,109.0,1,2,80.0,23,2,7,2,2,2,N,1,1270,0,3,70000.0,7,501,53,47,50.0
308,6,2,7,2,2,2,N,10,0,1,6590,11,5,2,4,1,40600.0,0,305,25-01000,90.0,1,2,97.0,68,2,6,2,2,2,N,1,7860,0,N,100800.0,8,501,132,132,37.5
309,64,1,6,1,2,2,N,8,0,1,6672,4,1,0,4,2,0.0,4,268,25-00703,120.0,1,1,143.0,58,2,6,2,2,2,N,1,1190,0,2,32000.0,4,501,125,128,43.75
310,19,2,7,2,2,2,N,8,0,1,7690,7,6,0,4,1,104000.0,9,186,25-01300,95.0,1,1,126.0,47,2,5,2,2,2,N,1,6370,0,3,56000.0,6,501,238,105,43.75
311,80,2,7,2,2,2,N,9,0,3,4870,15,4,0,4,2,94300.0,2,427,25-00503,130.0,1,2,77.0,56,2,7,2,2,2,N,1,9170,0,N,22000.0,3,166,82,82,43.75
312,76,2,6,2,2,2,N,4,0,1,9380,12,1,N,2,1,180000.0,4,501,25-01000,65.0,1,2,92.0,54,2,6,2,2,2,N,1,8170,0,2,10000.0,2,501,68,68,56.25
313,44,2,6,2,2,2,N,10,0,1,8470,4,6,0,2,1,75050.0,3,64,25-01300,114.0,1,2,55.0,53,2,5,2,2,2,N,1,2190,0,N,204000.0,9,501,85,85,43.75
314,3,2,6,2,2,2,N,5,0,1,2570,15,6,4,2,1,86000.0,3,481,25-00503,148.0,1,2,142.0,21,2,7,2,2,2,N,1,9290,4,6,2800.0,1,21,81,67,43.75
315,31,2,6,2,2,2,N,10,0,1,7980,14,1,0,3,1,9400.0,1,501,25-02800,61.0,1,2,125.0,56,2,7,2,2,2,N,1,8680,0,2,76000.0,7,501,173,173,50.0
316,38,1,6,1,2,1,N,7,0,1,7970,12,6,1,3,2,62800.0,5,439,25-00703,92.0,1,2,120.0,19,2,6,2,2,2,N,1,8191,1,3,7600.0,2,501,87,65,37.5
317,35,2,6,2,2,2,N,9,0,2,6970,13,6,2,5,1,330000.0,3,454,25-01300,80.0,1,1,140.0,25,2,5,2,2,2,N,1,8370,0,3,50600.0,6,501,96,66,31.25
318,45,2,6,2,2,2,N,8,0,1,1180,15,6,0,3,1,13400.0,3,339,25-00703,85.0,1,1,77.0,62,2,6,2,2,2,N,1,9090,0,2,69000.0,7,477,38,39,50.0
319,65,1,6,2,2,2,N,9,0,1,4990,5,1,2,3,2,58220.0,3,449,25-00503,93.0,1,2,102.0,34,2,7,2,2,2,N,1,4390,1,3,88000.0,8,501,91,91,37.5
320,43,2,6,2,2,N,N,7,0,1,7870,13,1,0,6,1,12000.0,8,229,25-00503,50.0,1,2,80.0,50,2,7,2,2,2,N,1,8370,2,5,65000.0,7,425,273,272,31.25
321,78,2,6,2,2,2,1,7,0,1,7970,9,6,0,3,1,190000.0,4,135,25-02800,103.0,1,1,80.0,19,2,7,2,2,2,N,1,6870,0,3,15000.0,3,501,80,66,43.75
322,17,2,7,2,2,2,N,7,4,1,7280,N,1,2,2,1,11080.0,6,52,25-01000,138.0,1,2,146.0,78,2,6,2,2,2,N,1,N,1,6,9600.0,2,501,128,116,37.5
323,37,2,7,1,2,1,N,4,0,1,N,6,1,2,2,2,2900.0,9,174,25-00503,100.0,1,2,147.0,60,2,7,2,1,2,N,1,4971,0,2,30000.0,4,294,240,249,31.25
324,57,2,7,2,2,2,6,5,4,1,4270,N,1,1,N,1,633200.0,6,15,25-00703,90.0,1,2,78.0,59,2,6,2,2,2,N,1,N,0,2,0.0,0,501,232,118,31.25
325,44,2,7,2,2,2,N,7,0,1,7690,11,2,2,5,1,38200.0,N,234,25-01000,91.0,1,1,90.0,31,2,6,2,2,2,N,1,7860,0,5,36000.0,5,501,83,58,43.75
326,11,2,7,2,2,2,N,7,0,1,2180,7,4,N,N,1,181000.0,3,313,25-01300,159.0,1,2,75.0,56,2,5,2,2,2,N,1,6190,0,N,61400.0,6,463,115,116,43.75
327,57,2,6,2,N,2,N,11,0,3,8980,12,1,1,2,2,77600.0,9,452,25-01300,81.0,6,2,130.0,46,2,5,2,2,2,N,1,7970,2,4,242000.0,9,501,31,30,31.25
328,75,2,7,2,2,2,N,7,0,1,6570,N,6,3,2,1,5300.0,1,423,25-00703,76.0,1,1,50.0,69,2,6,2,2,2,N,1,N,0,N,54600.0,6,448,50,50,43.75
329,43,2,6,2,2,2,N,8,0,3,4971,14,6,0,N,2,106000.0,1,371,25-00703,119.0,1,1,172.0,29,2,6,2,2,2,N,1,8680,0,N,12000.0,2,91,215,215,50.0
330,8,2,6,2,N,2,N,9,0,3,8660,14,6,1,2,1,23400.0,2,478,25-00703,105.0,2,1,98.0,27,2,6,2,2,2,N,1,8680,0,4,2600.0,1,478,359,151,37.5
331,40,2,6,2,2,2,N,7,0,1,770,4,6,0,2,1,14000.0,7,469,25-02800,95.0,1,1,87.0,32,2,7,2,2,2,N,1,2980,0,5,37000.0,5,501,117,69,43.75
332,15,2,6,2,2,2,N,9,0,1,7770,11,6,0,4,1,145200.0,6,501,25-01000,55.0,1,1,95.0,35,2,6,2,2,2,N,1,7880,0,N,43000.0,5,324,154,154,50.0
333,71,1,6,2,2,2,5,4,0,1,4770,15,6,0,5,1,84140.0,5,314,25-01300,124.0,1,2,129.0,17,2,5,2,2,2,N,1,9290,1,3,10000.0,2,501,43,45,25.0
334,71,2,6,2,1,2,N,9,0,1,5391,14,1,2,N,1,321000.0,4,215,25-01000,134.0,1,2,124.0,62,2,6,2,2,2,N,1,8680,0,2,26700.0,4,501,100,79,43.75
335,54,2,7,2,1,2,N,5,0,3,8191,5,1,0,4,2,101000.0,1,407,25-00703,111.0,1,2,109.0,55,2,6,2,2,2,N,1,4580,0,2,600.0,1,83,82,80,37.5
336,23,2,6,2,2,2,1,9,0,1,7270,10,2,1,4,2,69000.0,3,152,25-02800,116.0,1,1,108.0,58,2,7,2,2,2,N,1,7290,0,N,100000.0,8,501,83,83,31.25
337,34,2,7,1,N,2,N,5,0,1,1870,3,6,1,N,1,67900.0,4,374,25-00703,87.0,6,1,120.0,24,2,6,2,2,2,N,1,770,2,7,25000.0,4,501,130,158,31.25
338,31,2,6,2,2,2,N,9,0,1,4971,12,1,0,5,2,59100.0,1,36,25-02800,88.0,1,1,87.0,36,2,7,2,2,2,N,1,8191,0,2,68000.0,7,501,117,150,43.75
339,70,2,7,2,2,1,N,10,0,2,2290,4,1,1,2,1,275000.0,8,382,25-02800,111.0,1,2,165.0,59,2,7,2,2,2,N,1,2190,0,2,108000.0,8,501,68,68,43.75
340,71,2,6,2,2,2,N,7,0,1,6880,10,4,2,2,1,23700.0,5,N,25-01300,84.0,1,2,57.0,60,2,5,2,2,2,N,1,7290,0,N,55000.0,6,419,208,208,37.5
341,51,2,7,2,2,2,N,5,0,1,8990,15,4,0,6,1,46000.0,4,289,25-00703,138.0,1,2,102.0,54,2,6,2,2,2,N,1,9070,0,N,56000.0,6,427,51,50,43.75
342,57,2,7,1,2,1,N,7,0,1,170,12,6,2,4,2,135000.0,2,439,25-02800,121.0,1,2,127.0,37,2,7,2,2,2,N,1,7980,1,2,43000.0,5,247,70,69,31.25
343,64,2,6,2,2,2,N,9,0,1,7290,N,2,0,2,1,69700.0,4,417,25-00703,68.0,1,1,92.0,94,2,6,2,2,1,N,1,N,0,2,271000.0,9,501,71,63,50.0
344,18,2,7,2,2,2,N,7,0,1,7290,7,6,3,N,2,95000.0,1,118,25-02800,172.0,1,1,57.0,26,2,7,2,2,2,N,1,6290,0,N,70000.0,7,501,212,212,50.0
