{
    "data_description": {
        "target": {
            "filename": "ma2019",
            "records": 7634,
            "features": 24
        },
        "deid": {
            "filename": "mostlyai_sd_platform_PaulTiwald_1",
            "records": 7634,
            "features": 22,
            "labels": {
                "team": "MOSTLY AI",
                "submission timestamp": "3/10/2023 8:29:44",
                "target dataset": "ma2019",
                "algorithm name": "MostlyAI SD",
                "feature set": "all-features",
                "variant label": "ma2019_synthetic_s1",
                "submission number": 1,
                "privacy": "Synthetic Data (Non-differentially Private)",
                "library": "MostlyAI SD"
            },
            "validations": {
                "values_out_of_bound": {
                    "PINCP": [
                        "_RARE_"
                    ],
                    "INDP": [
                        "_RARE_"
                    ]
                }
            }
        },
        "features": [
            {
                "Feature Name": "PUMA",
                "Feature Description": "Public use microdata area code",
                "Feature Type": "object of type string",
                "Feature Has 'N' (N/A) values?": false
            },
            {
                "Feature Name": "AGEP",
                "Feature Description": "Person's age",
                "Feature Type": "int64",
                "Feature Has 'N' (N/A) values?": false
            },
            {
                "Feature Name": "SEX",
                "Feature Description": "Person's gender",
                "Feature Type": "int64",
                "Feature Has 'N' (N/A) values?": false
            },
            {
                "Feature Name": "MSP",
                "Feature Description": "Marital Status",
                "Feature Type": "object of type string",
                "Feature Has 'N' (N/A) values?": true
            },
            {
                "Feature Name": "HISP",
                "Feature Description": "Hispanic origin",
                "Feature Type": "int64",
                "Feature Has 'N' (N/A) values?": false
            },
            {
                "Feature Name": "RAC1P",
                "Feature Description": "Person's Race",
                "Feature Type": "int64",
                "Feature Has 'N' (N/A) values?": false
            },
            {
                "Feature Name": "NOC",
                "Feature Description": "Number of own children in household (unweighted)",
                "Feature Type": "object of type string",
                "Feature Has 'N' (N/A) values?": true
            },
            {
                "Feature Name": "NPF",
                "Feature Description": "Number of persons in family (unweighted)",
                "Feature Type": "object of type string",
                "Feature Has 'N' (N/A) values?": true
            },
            {
                "Feature Name": "HOUSING_TYPE",
                "Feature Description": "Housing unit or group quarters",
                "Feature Type": "int64",
                "Feature Has 'N' (N/A) values?": false
            },
            {
                "Feature Name": "OWN_RENT",
                "Feature Description": "Housing unit rented or owned",
                "Feature Type": "int64",
                "Feature Has 'N' (N/A) values?": false
            },
            {
                "Feature Name": "DENSITY",
                "Feature Description": "Population density among residents of each PUMA",
                "Feature Type": "float64",
                "Feature Has 'N' (N/A) values?": false
            },
            {
                "Feature Name": "INDP_CAT",
                "Feature Description": "Industry categories",
                "Feature Type": "object of type string",
                "Feature Has 'N' (N/A) values?": true
            },
            {
                "Feature Name": "EDU",
                "Feature Description": "Educational attainment",
                "Feature Type": "object of type string",
                "Feature Has 'N' (N/A) values?": true
            },
            {
                "Feature Name": "PINCP_DECILE",
                "Feature Description": "Person's total income rank (with respect to their state) discretized into 10% bins.",
                "Feature Type": "object of type string",
                "Feature Has 'N' (N/A) values?": true
            },
            {
                "Feature Name": "POVPIP",
                "Feature Description": "Income-to-poverty ratio (ex: 250 = 2.5 x poverty line)",
                "Feature Type": "object of type string",
                "Feature Has 'N' (N/A) values?": true
            },
            {
                "Feature Name": "DVET",
                "Feature Description": "Veteran service connected disability rating (percentage)",
                "Feature Type": "object of type string",
                "Feature Has 'N' (N/A) values?": true
            },
            {
                "Feature Name": "DREM",
                "Feature Description": "Cognitive difficulty",
                "Feature Type": "object of type string",
                "Feature Has 'N' (N/A) values?": true
            },
            {
                "Feature Name": "DPHY",
                "Feature Description": "Ambulatory (walking) difficulty",
                "Feature Type": "object of type string",
                "Feature Has 'N' (N/A) values?": true
            },
            {
                "Feature Name": "DEYE",
                "Feature Description": "Vision difficulty",
                "Feature Type": "int32",
                "Feature Has 'N' (N/A) values?": false
            },
            {
                "Feature Name": "DEAR",
                "Feature Description": "Hearing difficulty",
                "Feature Type": "int32",
                "Feature Has 'N' (N/A) values?": false
            },
            {
                "Feature Name": "WGTP",
                "Feature Description": "Housing unit sampling weight",
                "Feature Type": "int64",
                "Feature Has 'N' (N/A) values?": false
            },
            {
                "Feature Name": "PWGTP",
                "Feature Description": "Person's sampling weight",
                "Feature Type": "int64",
                "Feature Has 'N' (N/A) values?": false
            }
        ]
    },
    "Univariate": {
        "divergence": "univariate/divergence.csv",
        "counts": {
            "WGTP": {
                "counts": "univariate/WGTP_counts.csv",
                "plot": "univariate/WGTP.jpg"
            },
            "PWGTP": {
                "counts": "univariate/PWGTP_counts.csv",
                "plot": "univariate/PWGTP.jpg"
            },
            "AGEP": {
                "counts": "univariate/AGEP_counts.csv",
                "plot": "univariate/AGEP.jpg"
            },
            "PINCP_DECILE": {
                "counts": "univariate/PINCP_DECILE_counts.csv",
                "plot": "univariate/PINCP_DECILE.jpg"
            },
            "EDU": {
                "counts": "univariate/EDU_counts.csv",
                "plot": "univariate/EDU.jpg"
            },
            "NPF": {
                "counts": "univariate/NPF_counts.csv",
                "plot": "univariate/NPF.jpg"
            },
            "INDP_CAT": {
                "counts": "univariate/INDP_CAT_counts.csv",
                "plot": "univariate/INDP_CAT.jpg"
            },
            "MSP": {
                "counts": "univariate/MSP_counts.csv",
                "plot": "univariate/MSP.jpg"
            },
            "POVPIP": {
                "counts": "univariate/POVPIP_counts.csv",
                "plot": "univariate/POVPIP.jpg"
            },
            "NOC": {
                "counts": "univariate/NOC_counts.csv",
                "plot": "univariate/NOC.jpg"
            },
            "RAC1P": {
                "counts": "univariate/RAC1P_counts.csv",
                "plot": "univariate/RAC1P.jpg"
            },
            "DPHY": {
                "counts": "univariate/DPHY_counts.csv",
                "plot": "univariate/DPHY.jpg"
            },
            "DREM": {
                "counts": "univariate/DREM_counts.csv",
                "plot": "univariate/DREM.jpg"
            },
            "OWN_RENT": {
                "counts": "univariate/OWN_RENT_counts.csv",
                "plot": "univariate/OWN_RENT.jpg"
            },
            "HOUSING_TYPE": {
                "counts": "univariate/HOUSING_TYPE_counts.csv",
                "plot": "univariate/HOUSING_TYPE.jpg"
            },
            "DEAR": {
                "counts": "univariate/DEAR_counts.csv",
                "plot": "univariate/DEAR.jpg"
            },
            "HISP": {
                "counts": "univariate/HISP_counts.csv",
                "plot": "univariate/HISP.jpg"
            },
            "DEYE": {
                "counts": "univariate/DEYE_counts.csv",
                "plot": "univariate/DEYE.jpg"
            },
            "DVET": {
                "counts": "univariate/DVET_counts.csv",
                "plot": "univariate/DVET.jpg"
            },
            "DENSITY": {
                "counts": "univariate/DENSITY_counts.csv",
                "plot": "univariate/DENSITY.jpg"
            },
            "SEX": {
                "counts": "univariate/SEX_counts.csv",
                "plot": "univariate/SEX.jpg"
            },
            "PUMA": {
                "counts": "univariate/PUMA_counts.csv",
                "plot": "univariate/PUMA.jpg"
            }
        }
    },
    "Correlations": {
        "kendall correlation difference": {
            "correlation_difference": "correlation_difference/correlation_difference.csv",
            "plot": "correlation_difference/corr_diff.jpg"
        },
        "pearson correlation difference": {
            "correlation_difference": "pearson_correlation/correlation_difference.csv",
            "plot": "pearson_correlation/pearson_corr_diff.jpg"
        }
    },
    "k_marginal": {
        "k_marginal_synopsys": {
            "subsample_error_comparison": "k_marginal_synopsys/subsample_error_comparison.csv",
            "k_marginal_score": 926,
            "score_in_each_puma": "k_marginal_synopsys/score_in_each_puma.csv"
        },
        "k_marginal_breakdown": {
            "worst_2_puma_univariate": {
                "divergence": "k_marginal_breakdown/univariate/divergence.csv",
                "counts": {
                    "PWGTP": {
                        "counts": "k_marginal_breakdown/univariate/PWGTP_counts.csv",
                        "plot": "k_marginal_breakdown/univariate/PWGTP.jpg"
                    },
                    "WGTP": {
                        "counts": "k_marginal_breakdown/univariate/WGTP_counts.csv",
                        "plot": "k_marginal_breakdown/univariate/WGTP.jpg"
                    },
                    "AGEP": {
                        "counts": "k_marginal_breakdown/univariate/AGEP_counts.csv",
                        "plot": "k_marginal_breakdown/univariate/AGEP.jpg"
                    },
                    "EDU": {
                        "counts": "k_marginal_breakdown/univariate/EDU_counts.csv",
                        "plot": "k_marginal_breakdown/univariate/EDU.jpg"
                    },
                    "PINCP_DECILE": {
                        "counts": "k_marginal_breakdown/univariate/PINCP_DECILE_counts.csv",
                        "plot": "k_marginal_breakdown/univariate/PINCP_DECILE.jpg"
                    },
                    "NPF": {
                        "counts": "k_marginal_breakdown/univariate/NPF_counts.csv",
                        "plot": "k_marginal_breakdown/univariate/NPF.jpg"
                    },
                    "INDP_CAT": {
                        "counts": "k_marginal_breakdown/univariate/INDP_CAT_counts.csv",
                        "plot": "k_marginal_breakdown/univariate/INDP_CAT.jpg"
                    },
                    "MSP": {
                        "counts": "k_marginal_breakdown/univariate/MSP_counts.csv",
                        "plot": "k_marginal_breakdown/univariate/MSP.jpg"
                    },
                    "POVPIP": {
                        "counts": "k_marginal_breakdown/univariate/POVPIP_counts.csv",
                        "plot": "k_marginal_breakdown/univariate/POVPIP.jpg"
                    },
                    "NOC": {
                        "counts": "k_marginal_breakdown/univariate/NOC_counts.csv",
                        "plot": "k_marginal_breakdown/univariate/NOC.jpg"
                    },
                    "RAC1P": {
                        "counts": "k_marginal_breakdown/univariate/RAC1P_counts.csv",
                        "plot": "k_marginal_breakdown/univariate/RAC1P.jpg"
                    },
                    "DPHY": {
                        "counts": "k_marginal_breakdown/univariate/DPHY_counts.csv",
                        "plot": "k_marginal_breakdown/univariate/DPHY.jpg"
                    },
                    "DREM": {
                        "counts": "k_marginal_breakdown/univariate/DREM_counts.csv",
                        "plot": "k_marginal_breakdown/univariate/DREM.jpg"
                    },
                    "HOUSING_TYPE": {
                        "counts": "k_marginal_breakdown/univariate/HOUSING_TYPE_counts.csv",
                        "plot": "k_marginal_breakdown/univariate/HOUSING_TYPE.jpg"
                    },
                    "HISP": {
                        "counts": "k_marginal_breakdown/univariate/HISP_counts.csv",
                        "plot": "k_marginal_breakdown/univariate/HISP.jpg"
                    },
                    "DEYE": {
                        "counts": "k_marginal_breakdown/univariate/DEYE_counts.csv",
                        "plot": "k_marginal_breakdown/univariate/DEYE.jpg"
                    },
                    "DVET": {
                        "counts": "k_marginal_breakdown/univariate/DVET_counts.csv",
                        "plot": "k_marginal_breakdown/univariate/DVET.jpg"
                    },
                    "OWN_RENT": {
                        "counts": "k_marginal_breakdown/univariate/OWN_RENT_counts.csv",
                        "plot": "k_marginal_breakdown/univariate/OWN_RENT.jpg"
                    },
                    "DENSITY": {
                        "counts": "k_marginal_breakdown/univariate/DENSITY_counts.csv",
                        "plot": "k_marginal_breakdown/univariate/DENSITY.jpg"
                    },
                    "DEAR": {
                        "counts": "k_marginal_breakdown/univariate/DEAR_counts.csv",
                        "plot": "k_marginal_breakdown/univariate/DEAR.jpg"
                    },
                    "SEX": {
                        "counts": "k_marginal_breakdown/univariate/SEX_counts.csv",
                        "plot": "k_marginal_breakdown/univariate/SEX.jpg"
                    },
                    "PUMA": {
                        "counts": "k_marginal_breakdown/univariate/PUMA_counts.csv",
                        "plot": "k_marginal_breakdown/univariate/PUMA.jpg"
                    }
                }
            },
            "worst_2_puma_k_marginal_scores": "k_marginal_breakdown/worst_2_puma_k_marginal_scores.csv",
            "correlation_difference": {
                "pearson_correlation_difference": {
                    "correlation_difference": "k_marginal_breakdown/pearson_correlation/correlation_difference.csv",
                    "plot": "k_marginal_breakdown/pearson_correlation/pearson_corr_diff.jpg"
                }
            }
        }
    },
    "propensity mean square error": {
        "pmse_score": 0.0057583890252589365,
        "propensity_distribution": "propensity/propensity_distribution.csv"
    },
    "linear_regression": {
        "total_population": {
            "target_counts": "linear_regression/total_population/target_counts.csv",
            "target_deidentified_counts_difference": "linear_regression/total_population/target_deidentified_counts_difference.csv",
            "target_deidentified_difference_plot": "linear_regression/total_population/density_plot.svg",
            "target_regression_slope_and_intercept": [
                0.62,
                0.12
            ],
            "deidentified_regression_slope_and_intercept": [
                0.59,
                0.51
            ]
        },
        "white_men": {
            "target_counts": "linear_regression/white_men/target_counts.csv",
            "target_deidentified_counts_difference": "linear_regression/white_men/target_deidentified_counts_difference.csv",
            "target_deidentified_difference_plot": "linear_regression/white_men/density_plot.svg",
            "target_regression_slope_and_intercept": [
                0.63,
                0.8
            ],
            "deidentified_regression_slope_and_intercept": [
                0.62,
                0.82
            ]
        },
        "white_women": {
            "target_counts": "linear_regression/white_women/target_counts.csv",
            "target_deidentified_counts_difference": "linear_regression/white_women/target_deidentified_counts_difference.csv",
            "target_deidentified_difference_plot": "linear_regression/white_women/density_plot.svg",
            "target_regression_slope_and_intercept": [
                0.59,
                -0.18
            ],
            "deidentified_regression_slope_and_intercept": [
                0.54,
                0.45
            ]
        },
        "black_men": {
            "target_counts": "linear_regression/black_men/target_counts.csv",
            "target_deidentified_counts_difference": "linear_regression/black_men/target_deidentified_counts_difference.csv",
            "target_deidentified_difference_plot": "linear_regression/black_men/density_plot.svg",
            "target_regression_slope_and_intercept": [
                0.72,
                -1.31
            ],
            "deidentified_regression_slope_and_intercept": [
                0.31,
                1.77
            ]
        },
        "black_women": {
            "target_counts": "linear_regression/black_women/target_counts.csv",
            "target_deidentified_counts_difference": "linear_regression/black_women/target_deidentified_counts_difference.csv",
            "target_deidentified_difference_plot": "linear_regression/black_women/density_plot.svg",
            "target_regression_slope_and_intercept": [
                0.7,
                -1.07
            ],
            "deidentified_regression_slope_and_intercept": [
                0.76,
                -2.16
            ]
        },
        "asian_men": {
            "target_counts": "linear_regression/asian_men/target_counts.csv",
            "target_deidentified_counts_difference": "linear_regression/asian_men/target_deidentified_counts_difference.csv",
            "target_deidentified_difference_plot": "linear_regression/asian_men/density_plot.svg",
            "target_regression_slope_and_intercept": [
                0.83,
                -1.31
            ],
            "deidentified_regression_slope_and_intercept": [
                0.72,
                -0.4
            ]
        },
        "asian_women": {
            "target_counts": "linear_regression/asian_women/target_counts.csv",
            "target_deidentified_counts_difference": "linear_regression/asian_women/target_deidentified_counts_difference.csv",
            "target_deidentified_difference_plot": "linear_regression/asian_women/density_plot.svg",
            "target_regression_slope_and_intercept": [
                0.64,
                -1.43
            ],
            "deidentified_regression_slope_and_intercept": [
                0.58,
                -0.57
            ]
        },
        "aiannh_men": {
            "target_counts": "linear_regression/aiannh_men/target_counts.csv",
            "target_deidentified_counts_difference": "linear_regression/aiannh_men/target_deidentified_counts_difference.csv",
            "target_deidentified_difference_plot": "linear_regression/aiannh_men/density_plot.svg",
            "target_regression_slope_and_intercept": [
                -0.83,
                7.33
            ],
            "deidentified_regression_slope_and_intercept": [
                -1.5,
                11.5
            ]
        },
        "aiannh_women": {
            "target_counts": "linear_regression/aiannh_women/target_counts.csv",
            "target_deidentified_counts_difference": "linear_regression/aiannh_women/target_deidentified_counts_difference.csv",
            "target_deidentified_difference_plot": "linear_regression/aiannh_women/density_plot.svg",
            "target_regression_slope_and_intercept": [
                -0.5,
                5.17
            ],
            "deidentified_regression_slope_and_intercept": [
                1.0,
                -4.0
            ]
        }
    },
    "pca": {
        "components_eigenvector": "pca/components_eigenvector.csv",
        "target_all_components_plot": "pca/target.png",
        "deidentified_all_components_plot": "pca/deidentified.png",
        "highlighted_plots": {
            "MSP-MSP_N-Children (AGEP < 15)": [
                "pca/target_highlighted_MSP/MSP_N.png",
                "pca/deidentified_highlighted_MSP/MSP_N.png"
            ]
        }
    },
    "inconsistencies": {
        "age": {
            "title": "Age-Based Inconsistencies",
            "description": "These inconsistencies deal with the AGE feature; records with age-based inconsistencies might have children who are married, or infants with high school diplomas",
            "inconsistencies": [
                {
                    "inconsistency_name": "child_MSP",
                    "inconsistency_description": "Children (< 15) can't be married",
                    "inconsistency_features": [
                        "AGEP",
                        "MSP"
                    ],
                    "inconsistency_violations": 2,
                    "inconsistent_data_indexes": [
                        261,
                        1651
                    ],
                    "inconsistent_record_example": "inconsistencies/age/child_MSP_example.csv"
                },
                {
                    "inconsistency_name": "child_PINCP_DECILE",
                    "inconsistency_description": "Children (< 15) don't have personal incomes",
                    "inconsistency_features": [
                        "AGEP",
                        "PINCP_DECILE"
                    ],
                    "inconsistency_violations": 1,
                    "inconsistent_data_indexes": [
                        261
                    ],
                    "inconsistent_record_example": "inconsistencies/age/child_PINCP_DECILE_example.csv"
                },
                {
                    "inconsistency_name": "child_INDP_CAT",
                    "inconsistency_description": "Children (< 15) don't have work industries",
                    "inconsistency_features": [
                        "AGEP",
                        "INDP_CAT"
                    ],
                    "inconsistency_violations": 1,
                    "inconsistent_data_indexes": [
                        2378
                    ],
                    "inconsistent_record_example": "inconsistencies/age/child_INDP_CAT_example.csv"
                },
                {
                    "inconsistency_name": "adult_N",
                    "inconsistency_description": "Adults ( > 14) must specify values (other than N) for all adult features",
                    "inconsistency_features": [
                        "AGEP",
                        "MSP",
                        "PINCP",
                        "PINCP_DECILE",
                        "EDU",
                        "DPHY",
                        "DREM"
                    ],
                    "inconsistency_violations": 3,
                    "inconsistent_data_indexes": [
                        309,
                        2783,
                        6292
                    ],
                    "inconsistent_record_example": "inconsistencies/age/adult_N_example.csv"
                },
                {
                    "inconsistency_name": "toddler_DPHY",
                    "inconsistency_description": "Toddlers (< 5) naturally toddle, it's not a physical disability",
                    "inconsistency_features": [
                        "AGEP",
                        "DPHY"
                    ],
                    "inconsistency_violations": 5,
                    "inconsistent_data_indexes": [
                        331,
                        2840,
                        3821,
                        4446,
                        7455
                    ],
                    "inconsistent_record_example": "inconsistencies/age/toddler_DPHY_example.csv"
                },
                {
                    "inconsistency_name": "toddler_DREM",
                    "inconsistency_description": "Toddlers (< 5) are naturally forgetful, it's not a cognitive disability",
                    "inconsistency_features": [
                        "AGEP",
                        "DREM"
                    ],
                    "inconsistency_violations": 5,
                    "inconsistent_data_indexes": [
                        331,
                        2840,
                        3821,
                        4446,
                        7455
                    ],
                    "inconsistent_record_example": "inconsistencies/age/toddler_DREM_example.csv"
                },
                {
                    "inconsistency_name": "too_many_children",
                    "inconsistency_description": "Adults needed: Family size must be at least one greater than number of children",
                    "inconsistency_features": [
                        "NOC",
                        "NPF"
                    ],
                    "inconsistency_violations": 5,
                    "inconsistent_data_indexes": [
                        4858,
                        4914,
                        5438,
                        5715,
                        6979
                    ],
                    "inconsistent_record_example": "inconsistencies/work/too_many_children_example.csv"
                },
                {
                    "inconsistency_name": "house_OWN_RENT",
                    "inconsistency_description": "Individuals who live in houses must specify if they rent or own",
                    "inconsistency_features": [
                        "HOUSING_TYPE",
                        "OWN_RENT"
                    ],
                    "inconsistency_violations": 1,
                    "inconsistent_data_indexes": [
                        332
                    ],
                    "inconsistent_record_example": "inconsistencies/work/house_OWN_RENT_example.csv"
                }
            ]
        },
        "work": {
            "title": "Work-Based Inconsistencies",
            "description": "These inconsistencies deal with the work and finance features; records with work-based inconsistencies might have high incomes while being in poverty, or have conflicts between their industry code and industry category.",
            "inconsistencies": []
        },
        "housing": {
            "title": "Housing-Based Inconsistencies",
            "description": "These inconsistencies deal with housing and family features; records with household-based inconsistencies might have more children in the house than the total household size, or be residents of group quarters (such as prison inmates) who are listed as owning their residences.",
            "inconsistencies": []
        },
        "summary": [
            {
                "Inconsistency Group": "Age",
                "Number of Records Inconsistent": 11,
                "Percent Records Inconsistent": 0.1
            },
            {
                "Inconsistency Group": "Work",
                "Number of Records Inconsistent": 0,
                "Percent Records Inconsistent": 0.0
            },
            {
                "Inconsistency Group": "Housing",
                "Number of Records Inconsistent": 6,
                "Percent Records Inconsistent": 0.1
            }
        ]
    },
    "unique_exact_matches": {
        "records matched in target data": 1,
        "percent records matched in target data": 0.01,
        "unique target records": 7626,
        "percent unique target records": 99.9
    },
    "apparent_match_distribution": {
        "unique_matched_percents": "apparent_match_distribution/unique_matched_percents.csv",
        "plot": "apparent_match_distribution/apparent_match_distribution.jpg"
    },
    "created_on": "May 19, 2023 18:11:42"
}