SEX,MSP,RAC1P,OWN_RENT,PINCP_DECILE,EDU,AGEP,HOUSING_TYPE,DVET,DEYE
1,6,1,1,5,10,44,1,N,2
2,1,1,2,6,9,24,1,N,2
1,1,1,1,9,10,62,1,N,2
1,N,1,1,N,3,13,1,N,2
1,1,1,1,7,10,72,1,N,2
2,1,1,1,8,9,52,1,N,2
2,6,6,1,0,9,20,1,N,2
2,3,1,1,3,5,91,1,N,2
1,1,1,1,8,10,60,1,N,2
2,1,1,1,0,9,42,1,N,2
2,N,1,1,N,3,7,1,N,2
1,6,1,2,8,9,24,1,N,2
2,3,1,0,0,5,94,2,N,1
1,1,1,1,8,12,50,1,N,2
2,6,1,1,2,7,20,1,N,2
1,1,8,2,7,5,62,1,N,2
2,1,1,1,8,10,37,1,N,2
1,1,1,1,3,8,53,1,N,2
1,2,1,2,2,4,30,1,N,2
2,6,1,2,0,4,17,1,N,2
2,4,1,1,3,7,72,1,N,2
2,1,6,1,1,5,59,1,N,2
2,1,1,1,0,9,50,1,N,2
1,6,1,1,5,5,35,1,N,2
1,6,1,1,4,9,65,1,N,2
2,1,1,1,8,9,55,1,N,2
2,2,1,0,0,5,21,3,N,2
2,1,1,1,4,8,64,1,N,2
1,1,1,2,7,4,46,1,N,2
2,6,1,1,0,4,16,1,N,2
1,1,1,2,4,4,53,1,N,2
2,6,2,1,1,4,16,1,N,2
2,6,1,1,6,5,63,1,N,2
1,1,1,1,9,9,60,1,N,2
1,6,1,1,9,10,33,1,N,2
1,6,1,2,5,5,58,1,N,2
1,1,1,1,9,10,59,1,N,2
1,6,1,2,2,5,41,1,N,2
2,1,1,1,0,7,60,1,N,2
1,1,1,1,9,10,52,1,N,2
2,N,1,1,N,2,7,1,N,2
2,6,6,1,4,9,24,1,N,2
2,N,6,2,N,3,9,1,N,2
1,4,1,2,7,8,57,1,N,2
2,4,1,1,4,5,62,1,N,2
1,N,6,2,N,3,11,1,N,2
1,1,1,1,4,10,94,1,N,2
1,6,1,1,4,5,26,1,N,2
2,3,6,1,2,1,84,1,N,2
2,1,1,1,6,9,35,1,N,2
1,6,1,0,3,9,54,3,N,2
1,1,1,1,7,9,57,1,N,2
1,N,1,1,N,2,5,1,N,2
2,6,1,2,0,6,54,1,N,2
2,6,1,1,1,7,19,1,N,2
2,6,1,0,2,5,50,3,N,2
1,N,1,1,N,2,3,1,N,2
2,1,1,1,3,8,55,1,N,2
2,6,1,1,6,9,28,1,N,2
1,1,1,1,9,10,62,1,N,2
1,1,1,1,1,5,65,1,N,2
2,1,1,1,4,5,61,1,N,2
2,N,1,1,N,N,2,1,N,2
2,6,6,2,0,5,20,1,N,2
2,1,6,1,5,10,47,1,N,2
1,1,1,2,7,5,66,1,N,2
2,3,1,1,4,5,94,1,N,2
2,6,1,2,1,5,21,1,N,2
1,6,1,1,8,9,30,1,N,2
1,1,1,1,9,9,61,1,N,2
1,6,1,2,1,4,15,1,N,2
2,6,2,2,7,8,23,1,N,2
2,1,1,1,1,10,45,1,N,2
2,4,1,2,9,10,58,1,N,2
2,6,1,1,2,7,20,1,N,2
1,1,1,1,5,8,74,1,N,2
2,1,1,1,8,9,51,1,N,2
1,1,1,1,6,5,64,1,N,2
2,N,2,2,N,3,14,1,N,2
2,N,1,1,N,3,9,1,N,2
1,N,1,1,N,1,4,1,N,2
1,N,1,1,N,3,12,1,N,2
2,1,1,1,3,3,75,1,N,2
2,4,1,1,2,7,67,1,N,2
2,3,1,2,3,4,63,1,N,2
2,N,1,1,N,3,9,1,N,2
1,1,1,1,7,9,52,1,N,2
1,1,1,1,6,9,67,1,N,2
2,1,1,1,5,9,75,1,N,2
2,1,1,1,2,5,60,1,N,2
1,3,1,2,7,9,86,1,N,2
2,N,1,1,N,2,7,1,N,2
2,1,6,1,7,12,40,1,N,2
2,N,1,1,N,3,13,1,N,2
2,N,1,1,N,3,7,1,N,2
2,1,1,1,1,9,41,1,N,2
1,1,1,1,7,7,49,1,N,2
1,6,1,1,1,4,16,1,N,2
2,1,1,1,4,5,76,1,N,2
1,6,1,1,0,4,15,1,N,2
2,4,1,1,7,10,38,1,N,2
1,N,1,1,N,2,6,1,N,2
2,6,1,2,0,4,15,1,N,2
1,1,1,1,7,12,65,1,N,2
2,6,1,2,8,9,28,1,N,2
2,1,1,1,8,9,32,1,N,2
1,6,1,1,4,4,68,1,N,2
1,6,1,1,0,4,15,1,N,2
2,N,1,1,N,2,4,1,N,2
2,1,6,1,7,9,37,1,N,2
1,N,1,1,N,3,13,1,N,2
1,N,1,1,N,3,14,1,N,2
2,1,6,2,4,8,52,1,N,2
1,1,1,1,9,8,58,1,N,2
2,6,1,0,1,7,19,3,N,2
2,3,1,1,1,5,90,1,N,2
2,1,1,1,8,9,58,1,N,2
2,1,1,1,6,10,48,1,N,2
2,N,1,1,N,3,10,1,N,2
2,1,1,1,3,9,41,1,N,2
1,4,1,2,5,9,66,1,N,2
2,6,1,0,2,7,20,3,N,2
1,1,1,1,4,5,78,1,N,2
1,1,1,1,7,9,58,1,N,2
1,4,1,2,0,9,42,1,N,2
1,1,1,1,4,7,41,1,N,2
1,6,9,1,4,7,23,1,N,2
1,1,6,1,2,3,78,1,N,2
1,1,1,1,9,10,47,1,N,2
2,6,1,1,1,7,25,1,N,2
2,1,1,1,7,10,62,1,N,2
2,1,1,1,6,5,57,1,N,2
1,4,1,2,7,5,77,1,N,2
1,1,1,1,7,5,48,1,N,2
2,6,1,1,4,9,29,1,N,2
2,1,1,1,8,10,31,1,N,2
2,1,1,1,7,9,49,1,N,2
2,1,1,1,3,9,67,1,N,2
2,6,1,0,1,5,19,3,N,2
2,1,1,1,5,5,72,1,N,2
1,1,1,1,9,5,58,1,N,2
2,4,1,2,4,7,63,1,N,2
1,6,1,1,7,9,50,1,N,2
2,4,1,1,7,5,57,1,N,2
2,1,1,2,0,9,34,1,N,2
2,3,1,2,2,7,91,1,N,2
2,1,1,1,5,7,69,1,N,2
1,1,1,1,8,10,48,1,N,2
2,N,1,1,N,3,12,1,N,2
2,N,9,1,N,3,6,1,N,2
2,1,6,1,8,12,42,1,N,2
1,6,1,1,5,5,24,1,N,2
1,N,1,1,N,3,10,1,N,2
2,6,1,1,2,7,33,1,N,2
1,N,9,1,N,3,9,1,N,2
2,N,1,1,N,3,14,1,N,2
1,1,6,1,9,12,65,1,N,2
2,6,1,1,0,4,16,1,N,2
2,3,1,0,1,5,94,2,N,2
1,4,6,1,8,10,43,1,N,2
2,6,1,1,2,5,19,1,N,2
1,6,1,2,4,7,46,1,N,2
1,1,6,1,6,12,51,1,N,2
1,N,1,1,N,2,7,1,N,2
2,6,1,1,8,10,29,1,N,2
2,3,1,1,7,10,75,1,N,2
1,3,3,2,1,7,47,1,N,2
2,4,1,2,8,9,60,1,N,2
1,1,1,1,8,8,62,1,N,2
2,1,1,1,0,5,60,1,N,2
1,6,1,1,4,8,29,1,N,2
1,1,6,1,9,12,43,1,N,2
2,1,1,1,4,5,75,1,N,2
1,1,1,1,7,7,68,1,5,2
2,1,1,1,2,8,69,1,N,2
2,6,8,0,0,4,18,2,N,2
1,N,1,1,N,3,12,1,N,2
2,1,1,1,1,7,50,1,N,2
1,N,1,1,N,3,12,1,N,2
2,6,1,1,8,9,29,1,N,2
1,N,1,1,N,3,8,1,N,2
1,1,1,1,7,7,38,1,N,2
2,N,1,1,N,3,12,1,N,2
1,6,1,1,4,5,20,1,N,2
2,6,6,0,1,5,20,3,N,2
2,1,1,1,5,5,50,1,N,2
2,4,1,0,2,5,88,2,N,2
2,4,1,1,1,5,19,1,N,2
2,1,1,1,8,9,42,1,N,2
2,6,1,0,3,7,19,3,N,2
2,1,1,1,4,5,52,1,N,2
2,6,1,2,6,9,25,1,N,2
2,N,1,1,N,N,1,1,N,2
1,1,1,1,6,9,42,1,N,2
2,1,1,1,3,7,81,1,N,2
2,6,1,1,0,4,18,1,N,2
1,1,1,1,2,5,48,1,N,2
1,1,1,1,7,7,62,1,N,2
2,1,1,1,2,7,65,1,N,2
2,6,1,1,0,7,19,1,N,2
1,6,8,1,7,5,29,1,N,2
2,6,1,1,1,5,18,1,N,2
1,1,1,2,5,5,37,1,N,2
1,1,2,1,7,9,43,1,N,2
2,1,1,1,4,5,56,1,N,1
2,1,1,1,6,8,56,1,N,1
1,1,1,1,9,10,42,1,N,2
1,4,1,1,8,11,80,1,N,2
2,1,1,2,5,7,28,1,N,2
1,N,1,1,N,2,5,1,N,2
2,1,1,1,4,9,77,1,N,2
1,1,1,1,6,7,56,1,N,2
1,6,1,1,1,7,21,1,N,2
1,N,1,1,N,2,4,1,N,2
1,6,1,1,7,9,59,1,N,2
1,1,1,1,5,9,33,1,N,2
1,1,1,1,4,9,53,1,N,2
1,6,1,0,1,5,18,3,N,2
1,4,1,2,0,5,83,1,N,2
1,6,1,2,6,9,25,1,N,2
2,1,1,1,1,9,46,1,N,2
2,1,1,1,5,8,66,1,N,2
2,4,1,2,6,7,75,1,N,2
2,1,1,2,0,9,41,1,N,2
2,1,1,1,8,10,58,1,N,2
2,1,1,1,6,9,64,1,N,2
1,1,1,1,9,5,60,1,N,2
2,N,8,1,N,N,1,1,N,2
2,4,1,2,3,5,79,1,N,2
1,6,1,2,8,7,29,1,N,2
2,1,6,1,1,8,68,1,N,2
1,6,1,0,1,7,20,3,N,2
1,4,1,0,1,7,61,2,N,1
2,N,1,1,N,3,10,1,N,2
2,6,1,2,2,9,29,1,N,2
1,6,1,2,0,10,36,1,N,2
2,3,1,1,3,5,77,1,N,2
2,3,9,1,8,9,71,1,N,2
1,1,8,1,6,10,54,1,N,2
1,2,6,0,4,9,44,3,N,2
2,1,1,1,9,9,49,1,N,2
2,1,1,2,2,7,35,1,N,2
2,1,1,1,6,10,71,1,N,2
1,1,1,1,9,9,35,1,N,2
2,6,1,2,8,9,29,1,N,2
2,1,1,1,6,9,50,1,N,2
2,6,1,1,0,8,55,1,N,2
1,N,1,2,N,N,0,1,N,2
1,1,1,1,9,10,66,1,N,2
1,1,1,1,9,5,58,1,N,2
1,1,1,1,9,9,60,1,N,2
1,1,1,1,6,6,62,1,N,2
1,2,1,2,3,7,64,1,N,2
2,1,1,1,7,7,72,1,N,2
2,6,1,1,7,10,70,1,N,2
1,1,1,1,7,9,52,1,N,2
2,1,1,2,5,5,55,1,N,2
2,1,6,2,9,10,35,1,N,2
2,1,1,1,7,9,58,1,N,2
2,1,1,1,6,9,55,1,N,2
2,N,1,1,N,2,4,1,N,2
2,6,1,1,0,4,15,1,N,2
2,1,1,1,6,9,38,1,N,2
1,1,1,1,8,5,58,1,N,2
2,3,1,1,9,10,68,1,N,2
2,6,1,1,6,10,70,1,N,2
2,1,1,2,0,5,42,1,N,2
1,6,1,1,5,9,29,1,N,2
1,1,1,1,6,8,70,1,2,2
1,1,1,1,9,7,72,1,N,2
2,1,1,1,8,10,36,1,N,2
1,1,8,1,7,9,37,1,N,2
1,6,1,1,6,9,36,1,N,2
2,N,1,1,N,N,1,1,N,2
2,6,1,0,0,10,76,3,N,2
1,1,1,1,9,12,58,1,N,2
2,1,1,1,8,10,53,1,N,2
1,1,1,1,7,7,62,1,N,2
2,4,1,1,5,5,41,1,N,2
1,1,2,1,5,8,60,1,N,2
1,1,1,1,6,3,36,1,N,2
2,6,1,1,1,4,15,1,N,2
1,1,1,1,8,12,63,1,N,2
2,6,1,1,5,10,56,1,N,2
1,1,1,1,8,10,71,1,N,2
2,1,1,1,9,11,49,1,N,2
1,2,1,2,4,5,27,1,N,2
2,N,1,1,N,3,7,1,N,2
1,6,1,1,5,5,18,1,N,2
2,1,1,1,6,7,72,1,N,2
2,1,1,1,9,12,50,1,N,2
1,6,1,0,1,7,21,3,N,2
1,N,6,1,N,1,5,1,N,2
1,1,1,1,9,9,59,1,N,2
1,6,6,0,2,7,21,3,N,2
2,4,1,1,3,9,70,1,N,2
1,1,1,1,9,9,64,1,N,2
2,N,1,2,N,N,1,1,N,2
2,1,1,1,2,5,87,1,N,2
1,1,1,1,9,10,50,1,N,2
2,1,1,1,9,10,44,1,N,2
1,1,1,1,7,5,45,1,N,2
1,N,1,1,N,3,7,1,N,2
2,1,1,1,6,9,37,1,N,2
1,1,1,1,6,10,33,1,N,2
2,1,1,2,3,5,56,1,N,2
1,1,1,1,9,9,59,1,N,2
1,N,1,2,N,1,3,1,N,2
2,3,1,0,1,6,83,2,N,2
1,N,9,2,N,3,13,1,N,2
1,1,1,2,8,11,80,1,N,2
2,3,1,1,6,7,73,1,N,2
1,1,1,1,5,9,91,1,N,1
1,1,1,2,8,9,59,1,N,2
1,4,1,1,8,5,55,1,N,2
2,1,1,1,1,1,65,1,N,2
2,1,1,1,4,5,72,1,N,2
1,1,1,2,0,10,36,1,N,2
1,1,1,1,9,9,79,1,N,2
1,2,1,2,9,7,60,1,N,2
2,1,1,1,5,10,71,1,N,2
1,6,1,1,3,6,52,1,N,2
2,6,1,2,7,10,28,1,N,2
2,1,1,1,4,10,79,1,N,2
2,3,1,1,4,5,94,1,N,2
1,1,1,1,8,10,33,1,N,2
1,6,1,1,0,4,16,1,N,2
2,1,1,2,3,8,71,1,N,2
1,N,1,2,N,2,4,1,N,2
1,4,1,1,8,10,70,1,N,2
1,N,1,1,N,3,11,1,N,2
2,1,1,1,6,10,39,1,N,2
1,6,1,2,9,11,37,1,N,2
2,1,1,1,3,10,71,1,N,2
1,1,1,1,8,10,63,1,N,2
1,6,1,2,7,4,37,1,N,2
2,6,1,1,1,5,19,1,N,2
1,N,1,1,N,1,3,1,N,2
2,N,1,1,N,3,11,1,N,2
2,6,1,2,5,9,52,1,N,2
2,6,1,1,4,9,26,1,N,2
2,6,1,2,4,8,26,1,N,2
2,4,1,1,7,9,72,1,N,2
2,3,1,2,3,5,71,1,N,2
1,1,1,2,7,7,33,1,N,2
2,3,1,2,4,5,84,1,N,2
2,4,1,2,5,5,52,1,N,2
1,1,1,1,5,5,37,1,N,2
2,3,1,1,4,5,79,1,N,2
2,6,1,0,0,9,94,3,N,2
1,1,6,1,9,12,35,1,N,2
2,1,1,1,9,11,43,1,N,2
2,1,1,1,9,11,37,1,N,2
1,1,1,1,7,7,63,1,2,2
1,6,1,2,0,4,16,1,N,2
1,1,1,2,5,4,30,1,N,2
2,6,1,1,1,9,23,1,N,2
2,1,6,1,0,5,36,1,N,2
1,1,1,1,9,10,59,1,N,2
2,N,1,1,N,1,3,1,N,2
2,1,1,1,4,5,73,1,N,2
2,N,1,1,N,3,12,1,N,2
1,1,1,1,5,9,60,1,N,2
2,1,6,2,4,9,40,1,N,2
1,6,9,1,1,4,18,1,N,2
2,N,1,2,N,3,9,1,N,2
2,1,1,1,3,9,74,1,N,2
1,2,1,0,0,9,27,3,N,2
1,6,1,1,6,5,65,1,N,2
2,4,1,1,7,9,51,1,N,2
2,1,1,1,9,9,55,1,N,2
1,6,1,1,1,4,18,1,N,2
1,4,1,2,4,7,68,1,N,2
2,1,1,1,0,9,30,1,N,2
1,6,1,1,0,4,17,1,N,2
1,N,1,2,N,2,4,1,N,2
2,6,1,1,7,9,48,1,N,2
2,N,1,1,N,3,12,1,N,2
1,1,6,1,9,10,49,1,N,2
1,6,1,1,0,4,16,1,N,2
2,6,1,1,5,7,30,1,N,2
1,N,1,1,N,2,7,1,N,2
2,N,1,1,N,N,2,1,N,2
1,1,1,2,9,9,47,1,N,2
1,N,2,1,N,3,6,1,N,2
2,1,1,1,0,9,38,1,N,2
2,6,1,0,1,7,19,3,N,2
1,N,1,1,N,2,5,1,N,2
1,N,1,2,N,3,11,1,N,2
2,6,1,1,0,4,15,1,N,2
2,1,1,1,4,8,71,1,N,2
1,3,1,2,6,7,67,1,N,2
2,6,1,1,8,10,76,1,N,2
1,4,2,1,2,5,79,1,N,2
2,1,1,1,3,9,40,1,N,2
1,N,1,1,N,N,0,1,N,2
1,6,1,0,1,7,19,3,N,2
1,1,1,1,8,9,35,1,N,2
2,1,1,1,1,11,54,1,N,2
1,6,1,1,0,4,17,1,N,2
2,1,1,1,2,4,54,1,N,2
2,6,1,0,2,9,52,3,N,2
1,4,1,1,3,6,83,1,2,2
2,N,1,1,N,3,11,1,N,2
2,6,1,2,8,9,25,1,N,2
2,1,1,1,3,9,65,1,N,2
1,1,1,1,6,8,57,1,N,2
2,6,1,0,1,7,91,3,N,2
2,1,1,1,6,9,54,1,N,2
2,1,1,1,3,9,69,1,N,2
1,6,1,1,4,5,23,1,N,2
1,1,1,1,9,9,59,1,N,2
2,1,1,1,7,5,46,1,N,2
2,1,1,1,7,5,57,1,N,2
1,1,1,1,9,9,55,1,N,2
1,6,1,0,1,7,19,3,N,2
2,N,1,1,N,3,13,1,N,2
2,1,1,1,8,10,33,1,N,2
2,1,1,1,1,10,35,1,N,2
1,4,1,1,9,9,49,1,N,2
2,4,1,1,4,7,61,1,N,2
2,1,1,1,9,10,43,1,N,2
2,6,1,2,6,9,25,1,N,2
1,1,1,1,9,9,67,1,N,2
2,1,1,2,4,9,43,1,N,2
1,6,1,1,2,4,17,1,N,2
1,N,1,1,N,1,4,1,N,2
1,1,1,1,8,9,72,1,N,2
1,1,1,1,8,10,60,1,N,2
1,N,1,1,N,3,9,1,N,2
2,1,1,1,2,10,53,1,N,2
2,6,1,2,2,9,54,1,N,2
2,3,1,1,4,7,89,1,N,2
1,1,1,1,9,7,48,1,N,2
2,6,1,0,1,7,20,3,N,2
1,6,1,2,4,5,43,1,N,2
1,1,1,1,9,10,46,1,N,2
2,3,1,1,5,5,79,1,N,2
1,1,1,1,8,7,47,1,N,2
1,4,1,1,4,7,58,1,N,2
1,6,1,0,2,7,18,3,N,2
1,N,1,1,N,3,13,1,N,2
2,1,1,1,5,7,36,1,N,2
2,6,1,2,5,9,41,1,N,2
1,6,1,0,2,7,55,2,N,2
1,1,1,1,8,11,54,1,N,2
2,6,1,1,6,7,35,1,N,2
1,1,6,1,5,9,64,1,N,2
1,6,1,1,1,9,22,1,N,2
2,3,1,2,3,5,85,1,N,2
1,1,1,1,7,8,68,1,N,2
1,6,1,2,0,9,22,1,N,2
1,N,1,1,N,3,7,1,N,2
1,1,1,1,3,9,73,1,N,2
1,1,1,1,4,9,72,1,N,2
2,1,1,1,8,9,56,1,N,2
1,6,1,2,6,5,53,1,N,2
1,2,1,2,7,9,50,1,N,2
2,N,1,1,N,2,6,1,N,2
1,1,1,2,6,10,27,1,N,2
2,1,1,1,9,9,70,1,N,2
2,3,1,1,5,7,58,1,N,2
2,1,1,1,2,5,72,1,N,2
1,1,1,2,9,10,41,1,N,2
2,1,1,1,3,9,72,1,N,2
1,1,1,1,9,9,63,1,N,2
2,6,1,1,8,8,58,1,N,2
2,1,6,1,2,10,37,1,N,2
1,N,1,1,N,2,4,1,N,2
2,1,1,1,0,5,47,1,N,2
2,1,1,1,2,7,55,1,N,2
1,N,1,2,N,N,2,1,N,2
2,6,1,1,2,9,23,1,N,2
2,1,1,1,8,10,61,1,N,2
2,1,1,1,7,9,34,1,N,2
1,1,6,2,8,12,32,1,N,2
2,3,1,2,3,7,54,1,N,2
1,1,1,1,5,9,64,1,N,2
2,3,1,1,4,5,81,1,N,2
2,4,1,1,4,7,78,1,N,2
2,1,1,1,2,10,75,1,N,2
2,1,1,1,3,9,57,1,N,2
1,1,1,1,9,10,38,1,N,2
1,1,1,1,7,7,62,1,N,2
2,4,1,1,8,9,74,1,N,2
2,4,1,2,7,8,55,1,N,2
1,1,1,1,9,5,65,1,N,2
2,3,1,1,7,7,50,1,N,2
1,N,1,1,N,N,1,1,N,2
2,N,1,1,N,N,1,1,N,2
1,N,1,2,N,1,3,1,N,2
1,6,1,0,2,5,21,3,N,2
2,1,1,1,9,9,52,1,N,2
2,6,2,1,2,7,21,1,N,2
1,1,1,2,6,5,43,1,N,2
2,6,1,1,1,5,19,1,N,2
1,6,1,1,5,9,53,1,N,2
1,N,1,1,N,3,12,1,N,2
2,N,1,1,N,3,11,1,N,2
2,4,1,1,7,8,66,1,N,2
2,4,1,1,6,10,74,1,N,2
2,4,1,2,4,7,73,1,N,2
2,4,1,2,5,7,61,1,N,2
1,1,1,1,6,7,58,1,N,2
2,3,1,1,1,8,28,1,N,2
1,1,6,1,0,10,50,1,N,2
1,6,6,1,3,9,22,1,N,2
2,6,1,0,1,7,20,3,N,2
1,1,1,1,6,9,49,1,N,2
1,6,1,0,0,7,24,3,N,2
2,1,1,1,3,12,48,1,N,2
2,1,1,1,5,10,42,1,N,2
1,4,1,1,8,10,75,1,N,2
2,6,6,0,2,4,27,3,N,2
2,N,1,1,N,3,8,1,N,2
1,6,1,0,1,7,20,3,N,2
1,1,1,1,9,9,54,1,N,2
2,N,1,1,N,N,2,1,N,2
1,1,1,1,5,7,40,1,N,2
2,1,1,1,2,5,63,1,N,2
2,2,1,1,4,5,87,1,N,2
2,4,1,1,1,5,79,1,N,1
1,1,1,1,3,1,84,1,N,2
1,1,1,1,8,8,61,1,N,2
1,1,1,1,9,12,81,1,N,2
1,N,1,2,N,2,4,1,N,2
1,6,1,0,0,7,18,3,N,2
1,1,6,1,9,12,52,1,N,2
2,N,1,1,N,2,3,1,N,2
1,N,1,1,N,3,14,1,N,2
1,6,1,1,4,7,35,1,N,2
1,N,6,1,N,3,8,1,N,2
1,1,1,1,3,5,73,1,N,2
1,2,1,0,3,7,79,2,N,2
1,1,9,1,1,12,64,1,N,2
2,N,1,1,N,3,11,1,N,2
1,6,1,1,0,4,16,1,N,2
2,6,1,1,0,9,41,1,N,1
1,1,1,1,8,10,37,1,N,2
2,6,1,1,5,8,21,1,N,2
2,1,2,1,6,9,46,1,N,2
1,6,6,1,2,7,20,1,N,2
2,1,6,1,0,4,61,1,N,2
2,1,1,1,0,9,65,1,N,2
1,1,1,1,6,9,59,1,N,2
1,1,1,1,3,4,66,1,N,2
2,4,1,1,7,9,63,1,N,2
1,N,1,1,N,3,11,1,N,2
1,N,1,2,N,3,14,1,N,2
2,6,6,2,4,3,63,1,N,2
2,1,1,1,0,9,54,1,N,2
2,N,1,1,N,N,2,1,N,2
2,1,2,1,6,5,55,1,N,2
2,1,1,1,8,9,57,1,N,2
1,1,1,1,9,9,48,1,N,2
1,6,6,2,0,5,20,1,N,2
2,4,1,1,8,10,40,1,N,2
1,6,1,1,0,4,15,1,N,2
2,N,1,1,N,3,9,1,N,2
2,1,1,1,0,8,36,1,N,2
2,6,1,2,3,7,31,1,N,2
2,1,1,1,2,7,71,1,N,2
1,6,9,1,1,4,16,1,N,2
1,1,1,1,5,10,73,1,N,2
2,6,1,1,1,9,81,1,N,2
1,6,1,0,1,7,20,3,N,2
2,1,1,1,5,9,60,1,N,2
1,1,1,1,8,10,76,1,N,2
1,N,1,1,N,N,2,1,N,2
2,1,1,1,6,10,78,1,N,2
2,6,1,0,0,10,69,3,N,2
2,N,1,1,N,3,12,1,N,2
2,4,1,1,5,7,67,1,N,2
2,6,1,1,2,5,20,1,N,2
1,1,1,1,1,7,67,1,N,2
1,1,1,1,8,9,60,1,N,1
1,6,1,1,3,5,19,1,N,2
1,6,1,0,1,5,20,3,N,2
2,6,9,1,0,4,16,1,N,2
2,N,9,1,N,N,2,1,N,2
2,N,1,1,N,N,0,1,N,2
2,6,1,2,6,10,40,1,N,2
1,6,1,1,0,4,15,1,N,2
1,6,6,1,0,4,17,1,N,2
2,1,8,2,4,3,35,1,N,2
1,6,1,1,6,9,29,1,N,2
1,6,1,1,8,5,26,1,N,2
2,6,6,1,3,1,77,1,N,2
1,6,1,1,1,9,27,1,N,2
2,N,1,1,N,2,4,1,N,2
1,1,1,1,9,10,41,1,N,2
2,1,1,1,1,8,72,1,N,2
2,2,2,1,3,9,35,1,N,2
2,1,1,1,7,12,35,1,N,2
1,N,2,2,N,N,2,1,N,2
2,3,1,1,1,5,87,1,N,2
2,6,1,0,0,7,19,3,N,2
1,N,1,2,N,3,14,1,N,2
2,1,1,1,9,11,50,1,N,2
1,N,1,1,N,1,3,1,N,2
1,1,1,1,6,5,50,1,N,2
2,1,1,1,6,10,50,1,N,2
2,3,1,1,6,5,63,1,N,2
2,N,6,2,N,3,8,1,N,2
1,1,1,1,6,7,71,1,5,2
2,6,1,1,1,5,18,1,N,2
1,6,1,1,7,10,73,1,N,2
2,3,1,1,5,8,75,1,N,2
2,1,1,1,8,12,58,1,N,2
1,6,1,1,8,8,36,1,N,2
2,4,6,1,5,5,37,1,N,2
2,6,1,2,0,3,15,1,N,2
2,N,1,1,N,3,14,1,N,2
1,1,1,1,6,9,56,1,N,2
2,1,1,1,9,12,42,1,N,2
1,6,1,1,8,6,41,1,N,2
1,3,1,1,8,8,69,1,N,2
1,6,1,1,8,7,36,1,N,2
2,4,1,1,9,11,50,1,N,2
2,N,1,1,N,N,0,1,N,2
2,1,1,1,3,9,38,1,N,2
2,1,1,1,8,10,38,1,N,2
1,6,1,1,8,7,29,1,N,2
1,6,1,0,7,9,25,3,N,2
1,1,1,1,3,9,62,1,N,2
2,1,1,1,6,8,74,1,N,2
2,1,1,1,8,7,39,1,N,2
1,1,1,1,4,9,74,1,N,2
2,N,1,1,N,1,3,1,N,2
2,6,1,2,9,9,50,1,N,2
1,1,1,1,7,12,45,1,N,2
2,6,1,2,7,10,28,1,N,2
2,1,1,1,5,1,46,1,N,2
1,6,1,1,2,5,76,1,N,2
1,N,9,1,N,3,8,1,N,2
2,N,1,1,N,N,1,1,N,2
2,1,1,1,6,9,30,1,N,2
1,6,2,1,1,9,27,1,N,2
2,6,1,1,4,9,61,1,N,1
1,N,1,1,N,2,5,1,N,2
1,N,1,1,N,3,9,1,N,2
1,2,1,2,8,9,39,1,N,2
1,1,1,1,9,11,38,1,N,2
1,1,1,1,5,7,71,1,N,2
2,1,1,1,4,8,75,1,N,2
1,N,1,1,N,N,0,1,N,2
2,1,1,1,9,11,48,1,N,2
1,N,9,1,N,3,11,1,N,2
2,N,1,2,N,3,9,1,N,2
1,1,1,1,5,7,44,1,N,2
2,4,1,1,3,7,73,1,N,2
1,1,1,2,6,10,28,1,N,2
2,1,1,1,6,10,72,1,N,2
1,1,1,1,8,9,46,1,N,2
2,N,1,1,N,3,12,1,N,2
2,3,1,0,3,5,94,2,N,2
2,6,1,2,6,10,25,1,N,2
2,3,1,0,2,5,91,2,N,2
2,1,1,1,5,8,58,1,N,2
1,6,1,1,0,9,23,1,N,2
1,6,1,2,2,9,68,1,N,2
1,N,1,1,N,3,8,1,N,2
1,1,1,1,7,8,43,1,N,2
2,N,1,1,N,1,13,1,N,2
1,1,1,2,1,4,77,1,N,2
1,6,1,1,0,9,61,1,N,2
1,1,1,1,9,11,76,1,N,2
2,1,1,1,9,9,41,1,N,2
1,3,1,1,3,3,83,1,N,2
1,3,1,1,3,5,78,1,N,1
1,6,1,2,0,4,17,1,N,2
1,N,1,1,N,3,10,1,N,2
1,1,1,1,5,7,51,1,N,2
1,N,2,2,N,2,5,1,N,2
2,4,1,1,6,9,49,1,N,2
2,1,1,1,6,6,71,1,N,2
1,N,1,1,N,1,4,1,N,2
1,6,1,2,5,5,27,1,N,2
1,N,1,1,N,3,8,1,N,2
2,3,1,1,3,5,94,1,N,2
1,1,1,1,9,9,49,1,N,2
1,4,1,2,8,7,66,1,N,2
1,1,1,1,8,9,47,1,N,2
1,1,1,1,5,7,85,1,N,2
2,N,1,1,N,2,6,1,N,2
2,6,1,1,3,9,26,1,N,2
2,N,1,2,N,3,14,1,N,2
1,4,1,1,8,9,42,1,N,2
2,4,1,2,3,10,66,1,N,2
2,1,1,1,8,12,61,1,N,2
2,N,1,1,N,2,5,1,N,2
1,5,1,1,6,5,41,1,N,2
1,1,1,1,7,5,68,1,N,2
1,1,1,1,6,5,51,1,N,2
2,1,1,1,7,10,30,1,N,2
1,1,6,1,9,9,37,1,N,2
1,1,1,1,9,9,56,1,N,2
2,1,1,1,3,9,49,1,N,2
1,1,6,1,9,9,51,1,N,2
2,6,6,0,2,9,45,3,N,2
2,N,1,1,N,N,2,1,N,2
2,1,1,1,1,5,58,1,N,2
1,3,1,1,4,9,94,1,N,2
1,N,1,2,N,N,0,1,N,2
1,1,1,1,4,9,85,1,N,2
2,1,1,1,0,9,60,1,N,2
2,1,1,2,3,5,84,1,N,2
2,1,1,1,4,5,58,1,N,2
2,1,1,1,0,9,60,1,N,2
1,N,1,1,N,1,4,1,N,2
2,4,1,1,4,7,82,1,N,2
1,3,1,2,4,12,91,1,N,2
2,1,1,1,4,7,59,1,N,2
1,1,1,1,8,7,84,1,N,2
1,1,1,2,9,9,44,1,N,2
2,1,1,1,6,9,44,1,N,2
1,N,1,1,N,1,3,1,N,2
2,1,1,2,0,7,62,1,N,2
2,6,1,1,1,10,54,1,N,2
2,N,1,1,N,3,10,1,N,2
1,4,1,1,2,5,65,1,N,2
2,1,6,1,6,9,54,1,N,2
2,3,1,1,6,8,76,1,N,2
1,N,1,1,N,3,14,1,N,2
1,4,1,1,9,5,57,1,N,2
2,1,1,1,1,5,38,1,N,2
2,4,1,1,4,10,61,1,N,2
2,6,1,2,2,4,17,1,N,2
1,N,1,1,N,N,0,1,N,2
2,6,6,1,2,9,23,1,N,2
1,1,1,1,6,12,79,1,N,2
2,4,1,1,2,7,56,1,N,2
1,2,1,0,3,10,78,2,N,2
1,1,1,1,6,5,53,1,N,2
2,1,1,1,8,9,39,1,N,2
1,1,1,1,7,7,46,1,N,2
2,3,1,1,5,4,75,1,N,2
2,N,1,1,N,3,11,1,N,2
2,1,1,1,4,9,30,1,N,2
1,1,1,1,9,10,61,1,N,2
1,N,1,1,N,3,10,1,N,2
2,1,1,1,7,9,29,1,N,2
2,1,1,2,0,9,38,1,N,2
1,6,1,0,0,7,19,3,N,2
2,1,1,2,2,4,32,1,N,2
2,6,1,1,2,7,23,1,N,2
1,2,1,1,9,6,70,1,N,2
1,1,1,1,4,10,70,1,N,2
1,1,1,1,6,8,52,1,N,2
2,4,1,1,9,7,53,1,N,2
2,1,1,1,8,10,41,1,N,2
1,6,2,1,8,10,41,1,N,2
1,1,1,2,8,10,26,1,N,2
2,6,6,1,0,4,16,1,N,2
2,6,1,1,0,7,26,1,N,2
1,6,1,2,5,8,57,1,N,2
2,4,1,2,5,5,48,1,N,2
2,3,1,2,2,5,34,1,N,2
2,1,1,1,1,4,67,1,N,2
1,1,1,1,5,7,68,1,N,2
2,4,1,1,4,9,46,1,N,2
1,N,1,1,N,N,2,1,N,2
1,6,8,0,0,7,38,2,N,2
1,1,1,1,4,7,68,1,N,2
1,1,1,1,4,9,49,1,N,2
1,1,1,1,4,10,76,1,N,2
1,1,1,1,9,11,43,1,N,2
2,1,1,1,8,9,45,1,N,2
1,6,1,1,5,5,32,1,N,2
1,1,6,2,9,10,37,1,N,2
2,1,1,1,0,5,57,1,N,2
1,1,1,2,9,11,40,1,N,2
2,N,1,1,N,3,9,1,N,2
2,1,1,1,2,7,72,1,N,2
1,1,1,1,5,6,81,1,2,2
2,1,1,1,3,9,34,1,N,2
2,6,1,1,5,9,52,1,N,2
2,1,1,1,4,11,72,1,N,2
1,N,1,1,N,1,4,1,N,2
2,6,1,1,5,10,28,1,N,2
1,6,1,1,5,5,80,1,N,2
1,1,1,1,9,9,39,1,N,2
1,4,1,0,3,4,84,2,N,2
1,1,1,2,6,5,44,1,N,2
1,3,1,1,3,5,91,1,6,2
2,1,1,1,8,10,31,1,N,2
2,1,1,1,3,5,79,1,N,2
2,1,1,1,7,7,29,1,N,2
1,6,9,2,1,4,17,1,N,2
1,2,1,1,5,10,46,1,N,2
1,6,6,0,0,9,66,2,N,2
1,6,1,2,5,9,24,1,N,2
2,N,1,1,N,3,14,1,N,2
2,N,1,1,N,3,13,1,N,2
1,1,1,1,8,9,44,1,N,2
1,N,1,1,N,2,4,1,N,2
2,3,1,1,4,10,77,1,N,2
1,1,2,1,9,7,37,1,N,2
2,6,8,2,1,12,79,1,N,2
1,4,1,1,4,9,75,1,N,2
1,1,6,1,4,10,70,1,N,2
2,N,1,1,N,N,0,1,N,2
1,1,1,1,8,8,83,1,N,2
2,1,1,2,5,8,57,1,N,2
2,1,1,1,9,9,54,1,N,2
2,6,2,0,2,7,19,3,N,2
1,6,1,2,3,7,26,1,N,2
1,2,1,1,7,3,57,1,N,2
2,6,1,1,6,10,52,1,N,2
1,1,1,1,6,5,31,1,N,2
1,1,1,1,9,9,43,1,N,2
1,N,9,1,N,3,9,1,N,2
2,3,1,2,3,8,57,1,N,2
1,1,1,1,9,11,69,1,N,2
2,6,7,0,1,7,20,3,N,2
2,6,1,1,1,8,25,1,N,2
2,1,1,1,9,9,33,1,N,2
2,3,1,1,2,7,66,1,N,2
2,1,1,1,2,5,86,1,N,1
2,4,1,2,9,9,54,1,N,2
2,1,1,1,6,7,60,1,N,2
1,4,1,1,9,9,66,1,N,2
2,1,6,1,4,12,66,1,N,2
2,6,1,0,1,7,19,3,N,2
1,3,1,0,3,4,82,2,2,1
1,6,1,2,4,9,42,1,N,2
1,1,1,1,4,5,86,1,N,2
2,6,1,1,3,8,32,1,N,2
2,N,9,2,N,N,1,1,N,2
2,1,1,1,6,4,52,1,N,2
2,3,1,1,2,7,61,1,N,2
1,1,1,2,9,9,63,1,N,2
1,6,1,0,1,4,34,3,N,2
1,1,1,1,7,9,38,1,N,2
2,1,1,1,0,9,40,1,N,2
2,2,1,2,4,5,94,1,N,1
1,6,1,1,3,5,62,1,N,2
2,6,1,1,0,4,15,1,N,2
2,6,1,1,6,5,34,1,N,2
1,1,1,1,6,5,66,1,N,2
2,1,1,1,0,9,47,1,N,2
2,6,1,1,5,7,37,1,N,2
2,1,6,1,6,9,53,1,N,2
2,2,6,0,0,7,19,3,N,2
1,6,1,1,2,1,41,1,N,2
2,5,1,2,5,7,46,1,N,2
2,1,1,1,6,10,78,1,N,2
1,1,1,1,5,8,72,1,N,2
1,6,1,1,0,7,62,1,N,1
1,5,1,1,6,5,71,1,N,2
1,1,1,1,2,8,64,1,N,2
2,1,1,1,4,5,50,1,N,2
2,6,1,2,5,9,27,1,N,2
1,3,1,2,1,3,67,1,N,1
2,4,1,1,6,9,42,1,N,2
2,6,1,1,1,5,20,1,N,2
1,6,1,1,9,9,31,1,N,2
2,3,1,2,1,5,94,1,N,1
1,1,1,1,7,4,66,1,N,2
2,1,1,1,4,5,76,1,N,2
1,1,1,1,8,9,41,1,N,2
2,1,6,1,3,10,48,1,N,2
1,1,1,1,4,6,87,1,N,2
2,N,1,1,N,3,10,1,N,2
2,1,1,1,2,5,75,1,N,2
2,6,1,2,6,9,28,1,N,2
1,6,1,1,7,10,72,1,N,2
2,6,1,1,0,5,20,1,N,2
1,2,1,1,0,7,54,1,N,2
1,1,1,1,7,8,46,1,N,2
1,6,1,0,1,6,20,3,N,2
1,6,1,0,0,9,91,2,N,2
2,1,1,1,0,4,64,1,N,2
1,6,1,2,1,7,19,1,N,2
2,1,1,2,3,9,38,1,N,2
1,N,6,1,N,2,7,1,N,2
1,1,1,2,8,9,38,1,N,2
1,4,1,2,5,5,79,1,4,2
1,N,9,2,N,3,14,1,N,2
2,N,1,2,N,3,14,1,N,2
1,3,1,1,8,5,89,1,N,2
2,6,1,2,1,7,22,1,N,2
2,3,1,2,4,9,94,1,N,1
2,6,1,2,4,4,24,1,N,2
1,6,1,1,0,4,17,1,N,2
1,6,1,1,8,9,24,1,N,2
1,1,1,1,8,8,52,1,N,2
2,6,1,1,6,10,26,1,N,2
2,1,1,1,2,5,69,1,N,2
1,1,1,1,3,9,45,1,N,2
2,1,1,1,7,9,28,1,N,2
2,1,1,2,8,12,52,1,N,2
2,N,1,1,N,3,11,1,N,2
1,1,1,1,8,4,34,1,N,2
1,6,1,1,8,8,48,1,N,2
1,N,1,1,N,3,11,1,N,2
1,1,1,1,6,11,45,1,N,2
1,1,6,1,9,9,56,1,N,2
1,N,1,1,N,3,9,1,N,2
2,6,1,2,5,9,25,1,N,2
2,1,1,1,4,8,66,1,N,2
1,6,6,1,6,9,24,1,N,2
2,1,1,1,8,10,46,1,N,2
2,1,1,2,4,10,36,1,N,2
1,6,1,1,4,8,27,1,N,2
2,6,1,2,2,4,56,1,N,2
2,3,1,1,6,9,78,1,N,2
2,6,1,1,7,9,72,1,N,2
2,1,6,1,1,9,46,1,N,2
2,1,1,1,3,8,67,1,N,2
1,1,1,1,8,9,83,1,N,2
2,N,1,2,N,3,13,1,N,2
1,1,1,1,1,9,66,1,N,2
2,6,1,1,2,7,21,1,N,2
2,1,1,1,0,5,59,1,N,2
1,N,8,2,N,N,1,1,N,2
1,6,1,1,0,4,53,1,N,2
1,1,1,1,9,9,51,1,N,2
1,1,1,1,8,9,57,1,N,2
1,6,8,0,3,5,48,2,N,2
2,3,1,1,7,7,75,1,N,2
2,N,1,2,N,3,9,1,N,2
2,1,1,1,8,9,30,1,N,2
1,1,1,1,9,4,79,1,N,2
2,6,1,1,1,4,17,1,N,2
1,6,1,2,0,7,19,1,N,2
2,N,1,1,N,2,6,1,N,2
2,1,6,1,9,11,44,1,N,2
1,6,1,1,8,5,40,1,N,2
2,6,1,1,3,8,22,1,N,2
2,1,1,1,7,8,52,1,N,2
1,6,2,0,1,7,24,3,N,2
1,1,1,1,9,9,33,1,N,2
2,1,1,1,8,10,34,1,N,2
1,N,9,1,N,2,5,1,N,2
1,1,1,1,8,9,51,1,N,2
1,6,1,1,5,5,26,1,N,2
1,1,6,1,9,12,62,1,N,2
2,2,1,0,1,10,82,2,N,2
1,1,1,1,9,9,55,1,N,2
2,1,1,1,0,5,39,1,N,2
2,1,1,1,3,7,69,1,N,2
2,1,1,1,5,8,64,1,N,2
1,1,1,1,9,9,43,1,N,2
2,N,1,1,N,N,2,1,N,2
2,N,1,1,N,N,0,1,N,2
1,N,1,1,N,2,4,1,N,2
1,4,1,1,5,5,57,1,N,2
2,6,1,1,7,9,68,1,N,2
1,6,1,2,5,7,27,1,N,2
2,1,1,1,6,9,41,1,N,2
1,1,1,2,4,5,46,1,N,2
1,1,1,1,5,10,78,1,N,2
1,6,1,0,1,7,22,3,N,2
2,1,1,1,8,9,65,1,N,2
1,1,1,1,5,8,71,1,N,2
2,1,1,1,7,10,59,1,N,2
1,6,1,2,2,7,43,1,N,2
2,6,1,1,1,4,17,1,N,2
1,1,1,1,8,8,51,1,N,2
2,1,1,1,3,7,28,1,N,2
2,3,1,1,6,5,78,1,N,2
2,N,1,1,N,2,6,1,N,2
1,6,1,1,7,7,50,1,N,2
2,1,1,1,5,9,42,1,N,2
2,1,1,1,4,5,68,1,N,2
2,1,1,1,4,5,86,1,N,2
1,4,1,1,9,12,62,1,N,2
1,6,1,1,1,4,52,1,N,2
2,1,1,1,6,10,70,1,N,2
1,N,1,1,N,2,5,1,N,2
2,4,1,0,0,5,91,2,N,2
2,1,1,2,5,10,41,1,N,2
1,1,1,1,8,6,56,1,N,2
1,1,9,1,8,11,39,1,N,2
2,1,1,1,4,7,61,1,N,2
1,2,6,1,8,10,48,1,N,2
1,2,1,0,2,9,94,2,N,2
1,N,1,1,N,N,0,1,N,2
2,2,1,1,2,7,74,1,N,2
2,1,6,1,7,10,56,1,N,2
1,6,1,1,2,4,42,1,N,2
1,N,1,2,N,N,2,1,N,2
2,1,8,1,8,10,38,1,N,2
1,4,1,1,8,9,63,1,N,2
2,1,1,1,7,7,45,1,N,2
2,3,1,1,2,5,89,1,N,2
2,N,1,1,N,3,12,1,N,2
1,1,1,1,5,6,73,1,N,2
1,1,1,1,9,7,67,1,N,2
1,1,1,1,9,11,44,1,N,2
2,4,1,0,2,4,63,3,N,1
1,6,1,1,5,8,35,1,N,2
1,1,1,1,9,11,55,1,N,2
1,4,1,1,4,6,73,1,N,2
1,6,1,1,8,9,44,1,N,2
2,1,1,1,4,10,53,1,N,2
1,6,1,2,6,9,59,1,N,2
2,N,1,1,N,3,12,1,N,2
1,6,1,1,1,4,15,1,N,2
1,1,1,1,9,9,65,1,N,2
2,N,1,1,N,3,14,1,N,2
2,4,1,2,5,5,42,1,N,2
2,1,1,1,5,10,77,1,N,2
2,6,1,1,6,7,50,1,N,2
1,6,1,2,2,8,29,1,N,2
1,6,1,1,4,9,31,1,N,2
2,4,1,1,6,9,50,1,N,2
1,1,1,1,2,9,64,1,N,2
1,N,1,1,N,2,5,1,N,2
2,6,1,0,0,9,72,3,N,2
1,1,1,1,9,9,52,1,N,2
2,1,1,1,1,10,44,1,N,2
1,1,6,1,9,10,51,1,N,2
2,6,1,2,1,7,24,1,N,2
2,4,1,1,4,8,62,1,N,2
2,1,1,1,5,7,32,1,N,2
1,4,1,1,6,5,43,1,N,2
2,1,1,2,2,7,32,1,N,2
2,4,6,1,9,11,53,1,N,2
2,4,1,1,4,8,43,1,N,2
2,6,1,1,8,10,58,1,N,2
2,1,1,1,0,5,58,1,N,2
2,1,1,1,4,7,80,1,N,1
2,6,1,2,0,5,22,1,N,2
1,1,1,1,6,9,62,1,N,2
2,1,1,1,9,9,53,1,N,2
2,6,1,1,6,9,29,1,N,2
2,6,1,1,0,4,15,1,N,2
2,3,1,1,6,5,61,1,N,2
2,3,1,1,9,11,74,1,N,2
2,4,1,2,6,7,55,1,N,2
2,6,1,0,2,9,77,2,N,1
1,1,1,1,9,9,57,1,N,2
1,1,1,1,9,11,56,1,N,2
2,2,1,0,0,5,85,2,N,2
2,1,1,1,1,5,64,1,N,2
2,1,1,1,8,9,48,1,N,2
2,1,1,1,3,9,41,1,N,2
2,6,1,0,0,4,19,2,N,2
2,1,1,1,5,7,36,1,N,2
1,1,1,1,2,9,52,1,N,2
1,6,1,1,0,4,17,1,N,2
1,1,1,2,6,7,75,1,4,2
1,6,2,0,0,4,43,2,N,2
2,4,1,2,6,7,78,1,N,2
1,N,1,1,N,N,2,1,N,2
2,3,1,2,4,7,69,1,N,2
1,1,1,1,9,9,36,1,N,2
2,6,1,0,0,8,89,2,N,1
2,6,1,1,4,5,27,1,N,2
1,1,1,1,7,10,31,1,N,2
2,1,1,1,4,8,61,1,N,2
2,1,1,1,4,11,48,1,N,2
1,1,1,1,9,7,61,1,N,2
1,1,1,1,7,9,57,1,N,2
2,1,6,1,2,10,47,1,N,2
2,1,1,1,0,9,32,1,N,2
2,1,1,1,8,9,59,1,N,2
1,1,1,1,3,7,78,1,N,2
2,1,1,1,3,8,63,1,N,2
2,4,1,0,2,7,57,3,N,2
1,2,1,1,0,9,67,1,N,2
1,1,1,1,9,9,42,1,N,2
2,1,1,2,4,10,39,1,N,2
1,6,1,1,0,7,33,1,N,2
2,6,2,0,2,7,63,3,N,2
1,6,1,2,2,5,33,1,N,2
2,N,2,2,N,1,3,1,N,2
1,1,1,1,7,8,66,1,N,2
2,N,1,1,N,2,6,1,N,2
2,1,1,2,8,5,56,1,N,2
2,6,1,1,1,4,15,1,N,2
1,3,1,1,6,9,86,1,1,2
1,1,1,1,7,9,62,1,N,2
1,6,1,1,3,5,35,1,N,2
2,2,1,0,2,9,52,3,N,2
1,3,1,1,4,5,94,1,N,1
2,1,1,1,6,10,50,1,N,2
1,4,1,0,2,5,62,2,N,2
1,6,1,1,1,4,15,1,N,2
1,N,1,1,N,3,12,1,N,2
1,4,1,2,7,9,46,1,N,2
1,6,9,0,2,7,52,3,N,2
1,1,1,1,8,9,51,1,N,2
2,1,1,1,4,8,78,1,N,2
2,N,1,1,N,3,9,1,N,2
2,2,1,2,3,9,47,1,N,2
2,5,1,2,7,11,59,1,N,2
2,6,1,0,1,7,20,3,N,2
2,1,1,1,6,9,91,1,N,2
2,1,1,1,6,9,76,1,N,2
1,6,1,2,2,7,20,1,N,2
2,6,1,2,4,9,94,1,N,2
1,1,1,1,9,9,60,1,N,2
1,6,1,0,0,7,28,3,N,2
2,1,1,1,3,7,52,1,N,2
1,1,1,1,6,5,48,1,N,2
2,1,1,1,6,10,66,1,N,2
2,1,9,2,5,5,54,1,N,2
2,1,1,1,6,7,69,1,N,2
1,1,1,1,9,9,57,1,N,2
2,3,1,2,4,5,91,1,N,1
1,1,1,1,8,10,53,1,N,2
1,1,1,2,8,9,37,1,N,2
2,6,1,1,4,9,28,1,N,2
2,4,1,1,5,8,61,1,N,2
2,3,1,1,7,7,62,1,N,2
2,N,1,1,N,N,0,1,N,2
2,6,1,1,4,9,53,1,N,2
1,1,6,2,6,12,40,1,N,2
1,6,2,1,1,7,29,1,N,2
2,4,1,1,2,7,52,1,N,2
2,3,1,1,7,10,71,1,N,2
1,6,1,2,4,7,23,1,N,2
1,6,1,1,4,9,36,1,N,2
1,1,1,1,9,10,52,1,N,2
2,6,1,1,1,4,16,1,N,2
1,N,1,1,N,3,8,1,N,2
2,N,1,1,N,N,2,1,N,2
1,1,1,1,8,9,38,1,N,2
2,3,2,0,0,5,84,2,N,2
2,N,1,1,N,1,3,1,N,2
2,4,1,1,9,9,76,1,N,2
2,1,1,1,2,5,31,1,N,2
2,1,1,1,7,10,55,1,N,2
1,6,1,0,1,7,22,3,N,2
2,N,2,1,N,3,14,1,N,2
2,6,6,1,2,9,22,1,N,2
1,N,1,1,N,N,2,1,N,2
2,6,1,1,2,7,21,1,N,2
1,4,1,2,9,10,52,1,N,2
2,N,1,2,N,3,9,1,N,2
2,1,1,1,8,9,54,1,N,2
2,6,6,1,0,4,17,1,N,2
2,1,6,1,1,10,49,1,N,2
2,4,1,2,4,5,61,1,N,2
2,N,1,1,N,3,7,1,N,2
2,3,1,1,5,8,35,1,N,2
1,6,1,1,0,4,15,1,N,2
2,N,1,1,N,2,5,1,N,2
2,1,1,1,8,9,47,1,N,2
1,6,1,1,2,5,34,1,N,2
2,6,1,1,5,9,26,1,N,2
1,2,1,0,3,7,63,2,N,2
1,1,1,1,9,9,46,1,N,2
2,1,1,1,7,10,63,1,N,2
2,6,1,2,3,9,31,1,N,2
1,6,1,2,4,5,19,1,N,2
1,6,1,2,8,9,44,1,N,2
2,N,1,1,N,3,14,1,N,2
2,4,1,2,5,9,38,1,N,2
2,6,1,0,2,6,63,2,N,2
1,3,1,2,2,5,81,1,N,2
2,1,6,1,3,5,78,1,N,2
2,4,1,0,1,7,78,2,N,2
1,6,6,1,8,12,25,1,N,2
2,3,1,1,5,7,75,1,N,2
2,4,6,2,6,10,59,1,N,2
2,1,6,1,6,4,61,1,N,2
2,1,1,1,4,7,63,1,N,2
2,N,6,1,N,3,12,1,N,2
2,1,1,1,4,7,32,1,N,2
1,1,1,1,9,9,49,1,N,2
2,1,1,1,3,10,49,1,N,2
1,N,1,1,N,3,10,1,N,2
2,6,1,0,1,5,19,3,N,2
1,1,1,1,9,9,74,1,N,2
2,1,1,2,8,9,32,1,N,2
2,N,1,1,N,4,14,1,N,2
2,1,1,2,6,7,34,1,N,2
1,1,1,1,7,9,52,1,N,2
1,1,1,1,7,7,60,1,N,2
2,1,1,1,4,5,55,1,N,2
2,1,1,1,0,5,32,1,N,2
2,4,1,2,3,9,56,1,N,2
1,1,1,1,7,10,38,1,N,2
1,1,1,1,6,5,80,1,N,2
2,6,1,0,1,7,21,3,N,2
1,1,6,1,6,4,65,1,N,2
1,1,1,2,2,7,67,1,N,2
1,6,1,2,7,9,28,1,N,2
1,1,1,1,9,9,73,1,N,2
2,6,6,0,0,5,19,3,N,2
2,6,2,0,1,7,19,3,N,2
1,6,1,1,1,5,21,1,N,2
2,2,1,1,5,5,56,1,N,2
2,1,1,1,8,9,35,1,N,2
2,6,1,2,4,7,25,1,4,2
2,4,1,1,1,9,24,1,N,2
1,1,6,2,4,10,32,1,N,2
1,6,1,2,2,4,56,1,N,2
2,6,1,1,4,9,27,1,N,2
1,1,1,1,8,9,52,1,N,2
2,4,1,0,1,8,62,3,N,2
1,N,1,1,N,3,10,1,N,2
2,3,1,1,7,8,69,1,N,2
2,N,1,1,N,N,1,1,N,2
2,4,1,1,3,8,47,1,N,2
1,N,1,2,N,N,2,1,N,2
1,1,1,1,9,9,48,1,N,2
2,4,1,1,8,11,55,1,N,2
2,1,1,1,4,8,63,1,N,2
2,3,1,0,0,9,94,2,N,2
1,6,1,1,7,9,29,1,N,2
2,N,6,1,N,1,3,1,N,2
1,1,1,1,9,9,38,1,N,2
2,6,1,2,4,5,46,1,N,2
2,6,1,2,0,12,44,1,N,2
1,N,1,1,N,3,13,1,N,2
2,3,6,0,0,9,94,2,N,2
1,1,1,1,7,10,77,1,N,2
1,N,1,1,N,4,14,1,N,2
1,N,1,1,N,N,0,1,N,2
1,1,1,1,5,10,79,1,N,2
1,N,1,1,N,3,11,1,N,2
1,1,1,1,9,7,34,1,N,2
2,1,1,1,5,9,52,1,N,2
1,1,1,1,6,8,33,1,N,2
1,1,1,1,7,5,48,1,N,2
1,1,1,1,8,10,43,1,N,2
1,4,1,1,5,9,57,1,N,2
1,2,1,1,6,3,53,1,N,2
1,N,1,1,N,N,1,1,N,2
2,4,1,2,3,7,39,1,N,2
1,1,1,1,4,7,87,1,2,2
1,4,1,2,8,7,68,1,N,2
1,2,6,2,9,12,54,1,N,2
2,1,1,1,7,9,53,1,N,2
2,1,1,1,3,5,62,1,N,2
1,2,1,2,4,10,60,1,2,2
1,1,6,1,4,12,67,1,N,2
1,4,1,1,4,4,64,1,N,2
2,1,1,1,6,10,69,1,N,2
1,6,1,1,3,9,24,1,N,2
1,1,1,1,8,9,53,1,N,2
2,1,1,1,7,9,32,1,N,2
2,6,1,1,1,4,17,1,N,2
2,6,1,1,8,9,59,1,N,2
1,1,1,1,8,5,40,1,N,2
1,1,1,1,7,9,67,1,N,2
2,1,1,1,9,11,47,1,N,2
2,1,2,1,7,9,49,1,N,2
1,6,1,1,6,9,25,1,N,2
2,6,1,0,0,7,21,3,N,2
1,6,1,2,8,10,31,1,N,2
1,1,1,1,8,9,43,1,N,2
1,N,1,1,N,N,1,1,N,2
1,1,1,2,8,9,33,1,N,2
2,1,1,1,3,5,77,1,N,2
2,1,1,1,4,9,68,1,N,2
2,1,1,1,3,5,79,1,N,2
2,3,1,2,4,3,65,1,N,2
2,1,1,1,5,9,67,1,N,2
2,6,1,0,1,1,53,3,N,2
1,1,1,1,7,5,58,1,N,2
1,6,9,0,1,7,21,3,N,2
1,1,9,2,9,9,39,1,N,2
1,2,1,1,7,11,39,1,N,2
1,N,1,2,N,1,4,1,N,2
2,1,1,1,4,5,69,1,N,2
2,4,1,0,1,8,62,3,N,2
1,6,1,1,3,5,38,1,N,2
1,6,1,1,6,9,23,1,N,2
1,1,1,1,7,7,85,1,N,2
1,1,1,1,3,7,76,1,N,2
2,1,1,1,5,9,66,1,N,2
1,1,1,1,9,9,47,1,N,2
1,6,1,1,0,4,16,1,N,2
2,N,6,1,N,2,5,1,N,2
2,N,1,2,N,3,13,1,N,2
2,1,1,1,5,7,56,1,N,2
2,6,6,0,2,4,27,3,N,2
1,1,1,1,9,10,66,1,N,2
2,1,9,2,2,7,20,1,N,2
2,4,1,2,2,4,73,1,N,2
2,4,1,1,1,4,32,1,N,2
1,1,1,1,8,7,35,1,N,2
2,6,1,1,1,5,22,1,N,2
2,6,1,1,7,8,59,1,N,2
2,4,1,1,8,9,36,1,N,2
2,3,1,0,1,5,78,2,N,2
2,1,1,1,3,10,75,1,N,2
2,1,1,1,8,10,59,1,N,2
1,1,1,1,6,7,54,1,N,2
2,1,1,1,8,9,46,1,N,2
2,6,1,1,7,9,28,1,N,2
1,6,1,1,3,9,23,1,N,2
2,4,1,1,4,10,83,1,N,2
1,6,1,2,5,9,23,1,N,2
2,1,1,1,5,7,74,1,N,2
2,1,6,1,3,5,73,1,N,2
2,1,1,1,3,12,66,1,N,2
2,1,1,2,4,9,43,1,N,2
1,N,1,1,N,3,10,1,N,2
2,4,1,2,4,8,40,1,N,2
1,N,1,2,N,3,11,1,N,2
1,1,6,1,3,9,25,1,N,2
2,1,1,1,2,9,72,1,N,2
2,1,6,1,9,12,44,1,N,2
2,N,6,1,N,3,13,1,N,2
2,2,1,1,2,8,48,1,N,2
2,N,1,1,N,N,1,1,N,2
2,N,1,1,N,2,6,1,N,2
2,4,1,2,6,9,68,1,N,2
2,1,1,1,3,10,57,1,N,2
1,6,1,1,4,7,22,1,N,2
1,1,1,1,7,5,59,1,N,2
2,3,3,2,3,3,75,1,N,2
2,3,1,1,3,5,94,1,N,2
1,1,1,1,7,7,42,1,N,2
1,3,1,1,2,8,62,1,N,2
1,1,1,1,8,10,39,1,N,2
2,1,1,1,9,5,74,1,N,2
1,1,1,2,3,5,38,1,N,2
2,1,1,1,5,9,70,1,N,2
1,N,1,1,N,1,4,1,N,2
2,N,1,2,N,1,3,1,N,2
1,1,1,1,9,9,65,1,N,2
2,1,1,1,6,9,36,1,N,2
2,1,1,1,1,7,43,1,N,2
1,1,1,1,9,9,50,1,N,2
2,6,1,0,1,5,83,3,N,2
2,4,1,2,0,6,54,1,N,1
2,4,1,1,9,12,56,1,N,2
1,N,1,1,N,3,7,1,N,2
1,4,1,1,7,5,57,1,N,2
1,6,1,1,6,5,40,1,N,2
2,4,1,2,5,8,55,1,N,2
2,6,1,1,1,9,25,1,N,2
1,1,1,1,9,9,45,1,N,2
2,4,1,1,5,7,74,1,N,2
2,6,1,0,1,7,19,3,N,2
2,1,1,1,5,9,37,1,N,2
2,1,1,1,8,9,56,1,N,2
1,1,1,1,9,10,50,1,N,2
2,N,1,2,N,3,7,1,N,2
1,N,6,2,N,3,12,1,N,2
2,6,1,1,7,5,49,1,N,2
1,4,1,1,2,9,68,1,N,2
2,6,1,2,1,9,23,1,N,2
2,N,1,1,N,3,10,1,N,2
2,N,1,1,N,3,14,1,N,2
1,1,8,1,7,1,40,1,N,2
1,6,1,2,3,7,29,1,N,2
2,1,1,1,6,10,64,1,N,2
2,1,1,1,2,7,68,1,N,2
1,1,6,1,9,12,43,1,N,2
1,1,1,1,6,9,29,1,N,2
1,1,1,1,8,10,47,1,N,2
2,6,1,1,6,10,31,1,N,2
2,6,1,1,0,3,15,1,N,2
2,1,1,1,3,5,70,1,N,2
2,6,2,2,6,7,27,1,N,2
2,N,1,2,N,3,14,1,N,2
2,1,1,1,9,10,46,1,N,2
1,6,1,1,4,9,70,1,N,2
2,N,1,1,N,N,0,1,N,2
1,N,9,1,N,3,8,1,N,2
2,1,1,1,6,7,44,1,N,2
2,2,1,1,5,9,22,1,N,2
1,4,6,2,7,1,91,1,N,2
2,4,1,1,7,10,63,1,N,2
1,1,1,1,6,5,78,1,N,2
2,1,1,1,5,10,40,1,N,2
1,1,1,1,9,9,62,1,N,2
1,4,1,1,9,5,59,1,N,2
1,1,1,1,3,9,52,1,N,2
1,6,1,1,0,4,16,1,N,2
2,1,1,1,6,8,77,1,N,2
2,6,2,0,3,5,20,3,N,2
2,1,1,1,4,8,59,1,N,2
2,N,1,1,N,2,7,1,N,2
2,4,1,1,4,7,65,1,N,2
1,1,1,1,9,10,56,1,N,2
1,4,1,1,8,10,59,1,N,2
1,6,1,0,2,5,22,3,N,2
2,6,6,1,0,4,16,1,N,2
2,1,1,1,5,9,56,1,N,2
1,1,1,1,2,7,59,1,N,2
1,1,1,1,4,9,65,1,N,2
1,1,1,1,8,7,50,1,N,2
2,1,1,1,6,5,80,1,N,2
1,1,1,1,5,7,74,1,N,2
2,1,6,1,0,6,55,1,N,2
1,1,1,1,9,11,65,1,N,2
2,6,1,2,5,9,28,1,N,2
2,3,1,1,5,4,76,1,N,2
2,3,1,1,8,10,73,1,N,2
1,6,1,1,1,7,21,1,N,2
1,6,1,2,5,6,31,1,N,2
1,1,1,1,9,10,62,1,N,2
2,3,1,2,4,5,89,1,N,2
1,1,1,2,5,9,29,1,N,2
2,1,1,1,6,5,60,1,N,2
2,N,1,1,N,3,11,1,N,2
1,4,1,1,3,9,63,1,N,2
1,1,1,1,6,9,28,1,N,2
2,1,1,1,4,7,54,1,N,2
2,6,2,0,1,7,20,3,N,2
2,6,1,2,4,10,27,1,N,2
1,4,1,1,4,9,65,1,N,2
2,6,1,1,0,4,16,1,N,2
1,N,6,1,N,3,6,1,N,2
1,6,1,1,7,5,29,1,N,2
2,1,6,1,9,10,44,1,N,2
1,1,1,1,3,8,35,1,N,2
1,6,9,0,2,7,19,3,N,2
1,1,1,1,9,10,49,1,N,2
2,3,1,1,4,9,68,1,N,2
2,1,1,1,2,7,76,1,N,2
1,N,1,1,N,N,1,1,N,2
2,1,1,1,6,7,67,1,N,2
1,1,6,1,9,12,48,1,N,2
1,1,1,1,7,9,33,1,4,2
1,6,1,1,5,9,22,1,N,2
2,6,1,1,7,5,51,1,N,2
1,6,1,1,1,4,18,1,N,2
1,2,1,1,7,9,62,1,N,2
1,6,6,0,1,7,19,3,N,2
1,1,1,1,6,10,79,1,N,2
1,4,1,2,9,10,45,1,N,2
1,1,1,1,9,7,52,1,N,2
2,6,1,1,2,7,21,1,N,2
2,6,1,0,1,7,21,3,N,2
1,1,1,1,7,11,36,1,N,2
1,1,1,1,6,5,60,1,N,2
1,6,1,1,4,9,23,1,N,2
2,3,1,1,7,10,70,1,N,2
1,1,1,1,8,7,31,1,N,2
1,1,1,1,9,10,56,1,N,2
2,3,1,1,3,5,67,1,N,2
2,1,1,1,5,7,52,1,N,2
1,N,1,1,N,2,5,1,N,2
1,1,1,1,7,5,51,1,N,2
2,1,1,1,4,10,40,1,N,2
2,6,1,2,5,9,22,1,N,2
2,1,1,1,3,9,47,1,N,2
2,4,1,1,8,5,66,1,N,2
1,N,1,1,N,N,1,1,N,2
2,6,1,2,4,4,72,1,N,2
2,1,9,1,3,7,60,1,N,2
1,N,1,2,N,2,5,1,N,2
2,N,1,2,N,3,13,1,N,2
1,6,1,0,1,7,21,3,N,2
1,1,1,2,0,11,66,1,N,2
2,1,1,1,0,9,62,1,N,2
1,4,1,1,5,7,57,1,N,2
2,N,1,1,N,3,13,1,N,2
1,1,1,1,5,8,67,1,N,2
2,N,2,2,N,2,6,1,N,2
2,N,9,1,N,3,12,1,N,2
1,1,1,1,4,4,72,1,N,1
1,1,1,1,9,10,37,1,N,2
1,6,1,1,5,5,51,1,N,2
2,1,1,1,6,7,57,1,N,2
1,N,6,1,N,3,8,1,N,2
2,4,1,2,6,9,47,1,N,2
2,4,1,2,2,5,94,1,N,2
1,1,1,1,7,9,51,1,N,2
1,N,8,1,N,2,5,1,N,2
2,N,1,1,N,2,6,1,N,2
1,1,1,2,6,7,28,1,N,2
1,6,2,2,3,5,19,1,N,2
1,1,1,1,4,5,62,1,N,2
1,6,1,1,1,5,19,1,N,2
1,1,6,1,9,12,44,1,N,2
2,6,1,0,2,7,32,3,N,2
1,1,6,1,9,12,78,1,N,2
1,2,1,2,7,9,83,1,3,2
2,N,1,2,N,N,2,1,N,2
1,N,1,1,N,2,5,1,N,2
2,1,1,1,7,9,40,1,N,2
2,4,1,1,8,5,59,1,N,2
2,4,1,0,3,9,77,2,N,2
2,6,1,1,8,10,62,1,N,2
1,6,8,2,6,7,27,1,N,2
2,1,1,1,6,7,38,1,N,2
2,1,1,1,0,9,26,1,N,2
1,6,1,1,1,7,20,1,N,1
1,1,1,1,8,9,54,1,N,2
2,6,1,1,8,10,64,1,N,2
1,1,9,1,6,10,32,1,N,2
2,1,1,2,5,7,83,1,N,2
2,6,1,2,1,9,23,1,N,2
2,1,1,1,9,9,47,1,N,2
2,4,1,2,2,7,47,1,N,2
2,1,1,1,9,9,62,1,N,2
1,1,1,1,8,5,83,1,N,1
2,N,1,1,N,3,12,1,N,2
2,N,9,1,N,1,5,1,N,2
2,6,1,2,8,9,36,1,N,2
1,N,1,1,N,2,3,1,N,2
2,N,1,1,N,3,7,1,N,2
2,4,1,1,9,9,64,1,N,2
1,1,1,2,6,10,30,1,N,2
2,1,1,1,4,10,72,1,N,2
2,2,1,0,4,9,54,3,N,2
1,1,1,1,2,9,70,1,N,2
2,3,1,1,6,7,69,1,N,2
1,6,1,1,0,3,15,1,N,2
1,2,1,0,2,7,85,2,N,2
1,N,1,2,N,3,11,1,N,2
1,3,1,1,9,10,84,1,N,2
1,6,1,1,5,7,61,1,N,2
2,1,1,1,4,5,43,1,N,2
1,1,1,1,7,9,69,1,N,2
1,6,1,2,7,9,35,1,N,2
1,1,1,1,9,10,43,1,N,2
1,1,1,1,9,7,35,1,N,2
1,6,8,1,4,8,24,1,N,2
2,N,1,1,N,3,14,1,N,2
1,1,1,1,4,5,76,1,N,2
1,4,1,1,9,5,55,1,N,2
1,N,1,1,N,3,10,1,N,2
1,1,1,1,5,9,94,1,2,2
1,N,1,1,N,3,11,1,N,2
2,4,1,1,2,5,67,1,N,2
1,6,1,1,1,4,17,1,N,2
1,1,1,1,3,8,84,1,N,2
1,1,1,1,6,9,34,1,N,2
1,1,1,1,1,9,43,1,N,2
2,N,1,1,N,3,14,1,N,2
2,6,1,0,1,5,21,3,N,2
1,1,1,1,9,9,44,1,N,2
1,1,2,1,8,9,40,1,N,2
1,4,1,1,4,5,70,1,N,1
2,6,1,1,0,3,15,1,N,2
1,3,1,1,2,5,86,1,N,2
1,6,1,2,0,4,16,1,N,2
2,1,1,2,3,5,82,1,N,2
2,1,1,2,0,4,65,1,N,2
2,6,2,2,4,8,33,1,N,2
1,1,1,1,7,8,61,1,N,2
2,1,1,1,2,5,74,1,N,2
2,1,1,2,0,5,39,1,N,2
2,1,1,1,8,9,45,1,N,2
2,1,1,1,2,8,51,1,N,2
1,1,6,1,9,10,42,1,N,2
1,1,1,1,8,7,41,1,N,2
1,6,1,1,0,5,19,1,N,2
2,1,1,1,8,11,45,1,N,2
1,1,1,2,4,7,32,1,N,2
2,N,1,1,N,1,3,1,N,2
1,1,1,1,8,1,58,1,N,2
2,6,2,0,0,5,24,3,N,2
1,1,1,1,9,9,38,1,N,2
1,6,1,2,3,7,25,1,N,2
2,6,1,0,2,7,32,3,N,2
2,1,1,1,0,9,26,1,N,2
2,6,1,2,6,9,34,1,N,2
1,1,1,1,9,7,71,1,N,2
2,3,1,1,4,5,87,1,N,2
1,4,1,1,4,5,89,1,N,2
1,N,1,1,N,3,14,1,N,2
2,6,6,1,0,4,16,1,N,2
1,1,1,2,3,9,36,1,N,2
1,6,1,1,5,9,51,1,N,2
1,N,9,1,N,N,0,1,N,2
2,3,1,2,5,7,75,1,N,2
2,4,1,1,6,7,83,1,N,2
2,1,1,2,3,7,56,1,N,2
1,1,1,1,7,5,65,1,N,2
1,1,6,1,8,12,39,1,N,2
1,1,1,1,9,9,63,1,N,2
1,1,1,1,9,9,59,1,N,2
2,1,1,1,9,10,47,1,N,2
2,N,1,1,N,3,9,1,N,2
1,6,1,2,6,9,32,1,N,2
2,1,1,1,8,12,55,1,N,2
2,N,1,1,N,3,8,1,N,2
2,6,1,1,6,7,65,1,N,2
1,1,1,1,9,11,65,1,N,2
1,2,1,1,6,8,60,1,N,2
2,N,1,1,N,3,12,1,N,2
1,6,1,1,3,10,65,1,N,2
2,1,1,2,4,8,44,1,N,2
1,1,1,1,8,8,52,1,N,2
1,1,1,1,4,9,36,1,N,2
1,1,1,1,7,7,72,1,N,2
1,1,1,1,6,7,49,1,N,2
2,6,1,1,1,4,16,1,N,2
1,6,1,1,2,5,29,1,N,2
1,6,1,2,7,12,31,1,N,2
1,4,1,2,9,9,57,1,N,2
2,1,1,1,7,10,47,1,N,2
2,1,6,2,2,2,65,1,N,2
1,6,1,1,0,4,17,1,N,2
1,6,1,0,4,5,55,3,N,2
1,1,1,1,7,9,79,1,N,2
1,6,1,1,9,9,50,1,N,2
1,1,1,1,5,9,31,1,N,2
1,1,1,1,8,9,72,1,N,2
2,N,1,1,N,N,1,1,N,2
2,3,1,1,4,9,49,1,N,2
2,4,1,1,6,10,84,1,N,1
1,1,9,1,3,6,66,1,N,2
2,6,1,1,9,11,42,1,N,2
1,1,1,2,7,5,39,1,N,2
1,3,1,1,6,9,78,1,N,2
1,1,1,1,3,7,75,1,N,2
1,N,6,1,N,3,10,1,N,2
2,6,1,1,7,8,46,1,N,2
1,4,1,1,1,5,70,1,N,2
1,N,1,1,N,2,7,1,N,2
2,6,2,0,9,7,20,3,N,2
2,1,1,2,4,5,69,1,N,2
1,4,1,2,3,5,67,1,N,2
2,6,1,2,4,5,66,1,N,2
1,6,1,2,0,5,20,1,N,2
2,1,1,1,4,5,69,1,N,2
1,N,1,1,N,3,9,1,N,2
2,4,1,1,9,10,78,1,N,2
1,N,1,1,N,2,6,1,N,2
1,N,1,1,N,3,8,1,N,2
1,1,1,1,8,10,42,1,N,2
1,1,1,1,4,9,41,1,N,2
2,3,1,1,4,5,86,1,N,2
2,6,1,1,6,9,27,1,N,2
2,N,1,1,N,3,11,1,N,2
1,4,1,1,9,9,50,1,N,2
2,5,1,2,2,8,69,1,N,2
1,4,1,2,8,8,66,1,N,2
2,1,1,1,7,8,48,1,N,2
2,5,1,2,8,9,54,1,N,2
1,1,1,1,9,9,65,1,N,2
1,6,1,2,5,9,28,1,N,2
1,N,1,1,N,N,0,1,N,2
1,1,1,1,7,8,46,1,N,2
2,1,1,2,6,10,65,1,N,2
2,1,1,1,1,9,32,1,N,2
1,1,1,1,9,10,58,1,N,2
1,1,1,1,8,5,47,1,N,2
2,N,1,2,N,3,11,1,N,2
2,1,6,1,6,9,29,1,N,2
2,6,1,1,5,10,27,1,N,2
1,6,1,0,2,1,56,3,N,1
2,6,1,1,6,7,54,1,N,2
2,6,1,2,8,9,55,1,N,2
2,1,1,1,1,10,64,1,N,2
2,1,1,1,3,9,49,1,N,2
2,3,1,1,2,9,63,1,N,2
2,2,1,0,0,5,21,3,N,2
2,1,6,1,1,12,63,1,N,2
1,1,1,1,7,8,41,1,N,2
2,6,1,1,7,9,26,1,N,2
2,6,1,1,6,9,24,1,N,2
1,1,1,1,8,7,64,1,N,2
2,6,1,1,1,4,17,1,N,2
1,6,1,0,2,7,22,3,N,2
1,1,1,2,9,9,60,1,N,2
2,6,1,1,7,11,31,1,N,2
2,6,1,0,1,8,21,3,N,2
2,1,1,1,3,9,46,1,N,2
2,6,1,1,3,8,84,1,N,2
1,6,1,2,5,5,56,1,N,2
1,1,1,1,9,7,43,1,N,2
1,6,8,1,6,5,49,1,N,2
2,4,1,1,7,7,57,1,N,2
1,1,1,1,9,9,34,1,N,2
2,4,1,1,8,10,60,1,N,2
2,6,1,1,7,9,65,1,N,2
2,6,1,1,0,4,16,1,N,2
2,1,1,2,7,10,36,1,N,2
2,4,1,1,7,9,47,1,N,2
2,3,1,1,3,7,76,1,N,1
1,6,1,1,1,5,19,1,N,2
1,N,1,1,N,1,3,1,N,2
1,1,1,1,8,9,44,1,N,2
2,1,1,1,7,10,37,1,N,2
2,2,1,2,4,8,51,1,N,2
2,6,1,1,4,9,31,1,N,2
2,1,1,1,0,9,65,1,N,2
2,6,1,1,1,4,17,1,N,2
2,6,2,0,1,7,19,3,N,2
2,6,1,2,3,7,22,1,N,2
2,6,1,1,9,10,32,1,N,2
2,N,9,1,N,2,5,1,N,2
2,1,1,1,2,10,43,1,N,2
1,1,1,1,9,10,28,1,3,2
1,1,1,1,6,5,56,1,N,2
2,N,1,1,N,N,1,1,N,2
1,6,1,0,1,7,19,3,N,2
2,N,1,2,N,N,2,1,N,2
1,1,1,1,8,9,40,1,N,2
1,6,1,1,9,9,48,1,N,2
2,1,1,1,4,8,62,1,N,2
1,1,1,1,9,8,41,1,N,2
1,1,1,1,9,9,36,1,N,2
2,1,1,1,0,8,45,1,N,2
2,1,1,1,9,9,42,1,N,2
2,4,2,1,6,8,54,1,N,2
1,1,1,1,9,9,60,1,N,2
2,N,1,1,N,N,1,1,N,2
2,4,1,1,3,5,68,1,N,2
1,1,1,1,8,9,35,1,N,2
1,6,1,0,3,1,40,3,N,2
1,1,1,1,8,9,45,1,N,2
2,6,1,1,1,9,21,1,N,2
2,1,1,1,3,5,60,1,N,2
2,4,2,2,4,4,70,1,N,2
2,1,8,2,4,7,46,1,N,2
2,6,9,0,2,7,22,3,N,2
1,6,1,1,9,12,51,1,N,2
1,4,1,1,6,5,55,1,N,2
1,1,1,1,9,9,58,1,N,2
2,3,1,1,3,5,79,1,N,2
1,1,1,1,9,10,46,1,N,2
2,4,8,2,8,9,62,1,N,2
1,1,1,1,8,7,68,1,N,2
1,N,1,1,N,3,7,1,N,2
1,1,1,1,9,9,52,1,N,2
1,1,1,1,5,9,74,1,N,2
1,1,1,1,9,12,84,1,N,2
1,1,6,2,9,11,51,1,N,2
1,1,1,1,8,9,59,1,N,2
1,1,1,1,0,5,64,1,N,2
2,1,1,2,7,10,30,1,N,2
2,1,6,1,7,10,28,1,N,2
1,1,1,1,3,7,74,1,N,2
2,3,1,1,2,4,83,1,N,1
1,1,1,1,9,9,68,1,N,2
2,6,1,1,1,4,17,1,N,2
2,1,1,2,6,10,26,1,N,2
1,1,6,2,4,5,45,1,N,2
2,N,1,1,N,3,11,1,N,2
1,6,1,2,5,7,28,1,N,2
1,2,6,1,2,1,55,1,N,2
2,1,1,1,2,7,73,1,N,2
1,1,1,1,6,9,76,1,N,2
2,6,1,1,5,9,24,1,N,2
2,3,1,2,0,5,74,1,N,2
1,6,1,1,9,9,42,1,N,2
2,4,1,1,8,9,62,1,N,2
1,1,1,1,3,7,67,1,N,1
2,1,1,1,4,9,63,1,N,2
1,1,1,1,9,10,34,1,N,2
1,1,1,1,9,9,59,1,N,2
1,1,1,1,9,9,74,1,N,2
2,3,6,0,0,3,84,2,N,2
1,6,1,2,8,6,33,1,N,2
2,1,2,1,0,5,56,1,N,2
1,4,1,2,7,9,51,1,N,2
2,6,1,1,8,9,29,1,N,2
2,1,1,1,8,10,59,1,N,2
2,4,1,1,3,5,62,1,N,2
1,N,1,1,N,2,5,1,N,2
1,4,1,2,9,7,63,1,N,2
2,1,1,1,4,10,66,1,N,2
1,1,1,1,8,10,32,1,N,2
1,1,1,1,7,7,49,1,N,2
1,6,1,1,7,10,45,1,N,2
2,1,1,1,7,10,65,1,N,2
2,2,1,1,6,10,29,1,N,2
2,1,6,1,0,7,34,1,N,2
2,4,1,1,8,9,51,1,N,2
2,1,1,2,4,5,85,1,N,2
1,N,1,1,N,2,5,1,N,2
2,N,1,1,N,2,4,1,N,2
2,1,6,1,5,10,58,1,N,2
1,N,6,2,N,2,6,1,N,2
1,6,1,2,4,5,34,1,N,2
1,N,1,1,N,3,11,1,N,2
1,1,1,1,6,5,33,1,N,2
1,1,1,1,5,9,62,1,N,2
2,N,1,1,N,N,0,1,N,2
2,3,6,2,0,1,60,1,N,2
2,1,1,1,2,5,91,1,N,2
1,3,1,1,4,6,77,1,N,2
1,1,1,1,9,11,54,1,N,2
1,6,1,0,1,7,19,3,N,2
2,3,1,1,3,9,63,1,N,2
2,3,1,0,0,3,87,2,N,2
2,1,1,1,7,8,48,1,N,2
2,4,1,1,2,10,75,1,N,2
1,N,1,1,N,3,10,1,N,2
1,6,1,0,1,5,18,3,N,2
1,1,1,1,6,10,59,1,N,2
1,1,6,2,1,5,75,1,N,2
2,1,1,1,4,5,77,1,N,2
1,N,6,1,N,N,0,1,N,2
1,6,1,1,3,7,21,1,N,2
1,6,1,1,1,7,20,1,N,2
2,1,1,1,6,8,52,1,N,2
1,6,2,0,2,5,20,3,N,2
1,6,1,2,2,10,48,1,N,2
1,6,1,1,7,9,27,1,N,2
2,6,1,0,1,5,18,3,N,2
2,6,1,1,1,9,54,1,N,2
2,6,2,2,2,8,41,1,N,2
1,1,1,1,7,11,73,1,N,2
2,6,1,0,1,7,21,3,N,2
2,1,1,2,4,4,60,1,N,2
1,6,2,1,1,4,17,1,N,2
2,N,9,2,N,3,11,1,N,2
1,3,1,1,5,5,72,1,N,2
2,3,1,2,3,8,75,1,N,2
1,6,1,1,1,4,16,1,N,2
2,N,1,1,N,3,14,1,N,2
1,6,1,1,0,4,15,1,N,2
2,2,1,0,0,5,94,2,N,2
1,1,1,2,8,9,68,1,N,2
1,1,1,1,6,9,48,1,N,2
2,4,1,2,7,8,54,1,N,2
2,1,1,1,2,9,63,1,N,2
2,1,1,1,2,8,54,1,N,2
2,3,1,1,9,9,74,1,N,2
2,1,1,1,6,7,48,1,N,2
2,1,1,1,3,7,59,1,N,2
2,1,1,1,7,10,33,1,N,2
1,1,1,1,9,10,41,1,N,2
2,3,1,2,3,5,47,1,N,2
1,1,6,1,6,9,71,1,N,2
2,1,1,1,0,11,37,1,N,2
2,1,1,1,0,9,64,1,N,2
2,6,1,2,4,5,27,1,N,2
2,5,1,1,5,5,56,1,N,2
1,1,1,1,9,9,51,1,N,2
1,1,1,1,5,5,58,1,N,2
2,1,1,1,8,10,31,1,N,2
1,1,1,1,8,10,66,1,N,2
2,N,1,2,N,3,9,1,N,2
2,N,1,1,N,1,4,1,N,2
2,4,1,1,9,9,43,1,N,2
2,6,1,2,6,7,56,1,N,2
2,1,1,1,1,7,68,1,N,2
2,6,1,2,6,10,24,1,N,2
1,N,6,2,N,2,7,1,N,2
2,1,1,2,0,10,28,1,N,2
2,1,1,2,2,9,44,1,N,2
2,3,1,1,8,9,83,1,N,2
1,N,6,1,N,3,7,1,N,2
2,N,1,2,N,N,0,1,N,2
1,4,1,2,7,5,51,1,N,2
1,1,1,2,8,9,38,1,N,2
1,4,1,2,2,5,66,1,N,2
2,N,1,1,N,1,4,1,N,2
1,1,1,2,8,9,29,1,N,2
2,1,1,1,3,10,53,1,N,2
2,1,1,1,3,8,67,1,N,2
1,N,1,1,N,3,14,1,N,2
1,1,1,1,9,10,69,1,N,2
2,4,1,2,3,7,60,1,N,2
1,6,1,0,2,4,55,3,N,2
1,6,1,1,9,9,26,1,N,2
2,1,1,1,4,6,57,1,N,2
2,1,1,1,5,8,32,1,N,2
1,1,1,1,6,10,69,1,N,2
2,1,1,1,4,4,23,1,N,2
2,4,1,1,7,9,53,1,N,2
1,6,6,1,0,4,16,1,N,2
2,1,1,1,4,4,53,1,N,2
1,3,1,1,4,7,87,1,N,1
2,1,1,1,4,10,74,1,N,2
2,6,1,2,3,4,52,1,N,2
1,1,1,1,7,8,73,1,N,2
2,4,1,2,6,6,35,1,N,2
2,N,1,1,N,2,4,1,N,2
1,6,1,1,1,5,19,1,N,2
1,6,1,1,7,5,74,1,N,2
2,1,1,1,8,11,72,1,N,2
2,1,1,1,9,10,75,1,N,2
2,1,1,1,7,5,55,1,N,2
2,3,2,2,0,4,64,1,N,2
1,N,1,1,N,3,14,1,N,2
1,1,1,1,8,9,55,1,N,2
2,N,2,2,N,N,2,1,N,2
2,6,1,1,3,9,24,1,N,2
2,1,1,1,6,10,71,1,N,2
2,1,1,1,3,3,75,1,N,2
1,6,1,0,2,7,18,3,N,2
1,1,9,1,9,10,51,1,N,2
1,6,9,2,7,9,23,1,N,2
2,N,1,1,N,N,2,1,N,2
2,1,1,1,2,5,31,1,N,2
2,1,1,1,4,7,54,1,N,2
1,1,1,1,8,9,36,1,N,2
2,4,1,1,6,9,69,1,N,2
1,6,1,1,2,4,16,1,N,2
2,6,1,1,1,4,17,1,N,2
2,1,6,1,7,10,31,1,N,2
2,6,1,1,0,4,15,1,N,2
2,1,1,1,2,8,81,1,N,2
2,6,1,2,9,10,41,1,N,2
2,3,1,1,9,7,73,1,N,2
2,1,1,1,6,9,36,1,N,2
2,4,1,1,8,9,56,1,N,2
1,N,1,2,N,3,13,1,N,2
1,1,1,1,9,9,43,1,N,2
2,N,1,2,N,2,5,1,N,2
2,4,1,1,3,7,80,1,N,2
2,3,1,2,3,5,49,1,N,2
1,6,1,1,9,9,56,1,N,2
1,1,1,1,8,3,75,1,N,2
1,1,6,1,8,9,45,1,N,2
2,1,1,1,2,8,57,1,N,2
2,1,1,1,2,9,35,1,N,2
2,1,1,1,1,9,54,1,N,2
2,3,1,2,4,7,70,1,N,2
2,6,9,2,5,10,24,1,N,2
1,1,1,1,4,8,67,1,N,2
1,6,1,1,2,7,19,1,N,2
1,6,8,0,0,5,30,2,N,2
2,6,1,1,6,9,24,1,N,2
1,1,1,2,1,9,94,1,N,2
2,1,1,1,8,8,53,1,N,2
2,N,1,2,N,N,2,1,N,2
1,5,1,2,6,10,73,1,N,2
1,4,1,2,3,4,73,1,N,2
1,1,1,1,7,7,74,1,N,2
2,1,1,1,7,9,58,1,N,2
1,N,1,1,N,1,3,1,N,2
1,3,1,1,9,9,87,1,2,2
2,1,8,1,0,5,46,1,N,2
2,6,1,2,7,8,36,1,N,2
2,4,6,2,1,5,46,1,N,2
2,6,1,1,4,10,71,1,N,2
2,6,6,0,2,5,24,3,N,2
1,1,1,1,7,9,71,1,N,2
2,1,1,1,3,7,21,1,N,2
1,N,1,1,N,3,9,1,N,2
1,1,1,1,8,10,42,1,N,2
1,6,2,0,1,7,20,3,N,2
2,1,1,1,5,5,57,1,N,2
2,N,1,1,N,3,9,1,N,2
1,1,1,1,9,9,36,1,N,2
2,N,1,1,N,3,7,1,N,2
1,N,1,1,N,3,13,1,N,2
1,6,1,2,6,5,29,1,N,2
2,6,1,0,1,1,77,3,N,2
2,6,1,1,5,7,26,1,N,2
2,1,1,1,9,11,55,1,N,2
2,2,1,1,1,10,35,1,N,2
2,4,1,1,7,9,50,1,N,2
1,1,1,1,5,7,72,1,N,2
2,1,1,1,5,9,65,1,N,2
2,4,1,1,8,10,67,1,N,2
2,N,1,1,N,1,4,1,N,2
2,N,1,1,N,N,0,1,N,2
1,6,1,1,0,4,16,1,N,2
2,N,1,1,N,N,2,1,N,2
2,N,1,1,N,2,7,1,N,2
1,N,1,1,N,2,6,1,N,2
1,1,1,1,8,9,72,1,N,2
2,4,1,1,7,8,43,1,N,2
2,N,1,1,N,3,7,1,N,2
1,6,8,0,1,7,21,3,N,2
1,1,1,1,9,11,53,1,N,2
1,1,6,1,0,9,78,1,N,2
2,3,1,1,6,5,88,1,N,2
2,6,1,1,6,5,48,1,N,2
2,N,1,1,N,3,8,1,N,2
2,N,1,1,N,1,4,1,N,2
1,1,1,1,5,8,73,1,N,2
1,6,1,2,8,10,32,1,N,2
2,1,1,1,4,8,54,1,N,2
2,1,1,1,0,10,36,1,N,2
2,1,6,2,0,10,35,1,N,2
2,3,1,1,3,5,85,1,N,2
1,1,1,1,3,11,68,1,N,2
2,1,1,1,8,10,38,1,N,2
2,3,9,1,2,7,61,1,N,2
1,1,1,1,9,10,33,1,N,2
1,6,1,2,8,9,35,1,N,2
1,1,2,2,4,5,21,1,N,2
2,N,1,1,N,2,4,1,N,2
2,N,1,1,N,3,14,1,N,2
1,3,1,2,4,4,94,1,2,2
2,6,1,1,0,4,15,1,N,2
2,6,1,2,6,7,43,1,N,2
1,6,1,1,7,12,55,1,N,2
1,6,1,2,7,5,37,1,N,2
2,1,6,2,3,10,34,1,N,2
2,1,1,1,4,8,48,1,N,2
2,6,1,1,0,4,16,1,N,2
2,1,1,1,0,9,32,1,N,2
2,4,1,1,4,11,62,1,N,2
2,4,1,1,9,5,55,1,N,2
2,6,1,0,1,7,19,3,N,2
2,6,1,2,2,7,64,1,N,2
1,N,1,1,N,3,13,1,N,2
2,4,1,1,8,12,40,1,N,2
2,1,6,1,9,12,56,1,N,2
1,6,6,2,0,3,15,1,N,2
2,1,1,1,4,7,31,1,N,2
1,1,1,1,2,5,72,1,N,2
2,N,1,1,N,3,7,1,N,2
2,1,6,1,7,9,48,1,N,2
2,6,1,1,8,10,30,1,N,2
2,1,1,1,7,5,44,1,N,2
2,1,1,1,1,10,32,1,N,2
2,3,1,2,4,8,74,1,N,2
1,6,1,1,8,10,27,1,N,2
2,1,1,1,2,8,86,1,N,2
2,6,1,1,6,10,58,1,N,2
2,6,1,2,6,7,28,1,N,2
1,N,1,2,N,2,4,1,N,2
1,1,1,1,6,10,72,1,N,2
2,1,1,2,8,11,37,1,N,2
1,1,1,1,9,10,57,1,N,2
2,6,1,1,5,8,39,1,N,2
1,N,1,1,N,3,9,1,N,2
1,1,1,1,7,10,74,1,N,2
2,6,1,2,5,9,32,1,N,2
2,6,1,1,1,4,17,1,N,2
2,6,1,1,1,4,16,1,N,2
1,6,1,1,6,9,24,1,N,2
1,N,2,1,N,3,11,1,N,2
2,1,1,1,7,10,29,1,N,2
2,6,1,2,5,9,25,1,N,2
2,1,1,1,7,10,31,1,N,2
1,1,1,1,8,9,42,1,N,2
1,6,2,0,0,4,17,2,N,2
1,N,1,1,N,3,11,1,N,2
1,N,1,2,N,1,4,1,N,2
1,6,1,2,1,4,19,1,N,2
2,4,1,1,6,8,47,1,N,2
1,1,1,1,7,4,48,1,N,2
1,1,6,2,1,4,74,1,N,2
1,6,6,2,7,9,26,1,N,2
2,4,1,1,4,9,66,1,N,2
1,6,1,1,5,9,28,1,N,2
1,1,1,1,6,9,30,1,N,2
2,1,1,1,1,10,60,1,N,2
2,6,1,2,8,9,61,1,N,2
2,6,2,2,1,4,15,1,N,2
1,1,1,1,9,9,58,1,N,2
1,1,1,1,9,9,47,1,N,2
2,N,6,1,N,3,14,1,N,2
2,1,6,1,0,9,47,1,N,2
2,1,1,1,3,7,65,1,N,2
2,1,1,1,8,10,33,1,N,2
1,1,1,2,8,9,40,1,N,2
2,1,1,1,9,11,47,1,N,2
2,1,1,1,4,10,76,1,N,2
1,1,1,1,8,9,39,1,N,2
2,6,2,0,1,7,19,3,N,2
2,3,1,1,6,10,85,1,N,2
2,1,1,1,5,9,88,1,N,2
1,1,1,1,5,10,40,1,N,2
1,1,1,1,7,5,53,1,N,2
2,4,1,1,6,5,56,1,N,2
1,1,1,1,9,11,47,1,N,2
1,6,1,2,2,5,31,1,N,2
1,3,1,1,8,10,73,1,N,2
1,6,1,1,1,12,45,1,N,2
1,6,2,1,0,4,18,1,N,2
2,1,1,1,7,10,61,1,N,2
2,1,1,1,6,9,33,1,N,2
1,6,9,1,3,9,24,1,N,2
1,1,1,1,7,5,58,1,N,2
1,6,1,2,2,4,20,1,N,2
1,6,1,1,7,5,31,1,N,2
2,6,1,0,2,7,22,3,N,2
2,1,1,1,4,8,63,1,N,2
1,6,1,1,5,7,35,1,N,2
1,N,1,1,N,3,13,1,N,2
1,6,1,1,1,5,23,1,N,2
2,4,1,2,4,5,75,1,N,2
1,6,1,2,8,9,32,1,N,2
2,6,1,0,0,10,81,3,N,2
1,1,1,1,8,9,58,1,N,2
2,6,1,2,8,10,44,1,N,2
1,1,1,1,8,5,60,1,N,2
1,1,1,2,8,7,48,1,N,2
1,N,1,1,N,N,1,1,N,2
2,1,1,1,1,4,48,1,N,2
1,1,1,1,1,10,49,1,N,2
1,N,1,2,N,1,4,1,N,2
2,N,1,1,N,3,8,1,N,2
2,6,1,0,1,7,19,3,N,2
2,1,1,1,1,7,64,1,N,2
2,1,6,1,7,8,69,1,N,2
2,6,6,1,4,9,24,1,N,2
2,1,1,1,8,10,66,1,N,2
2,6,1,2,6,10,61,1,N,2
1,6,8,2,5,10,29,1,N,2
2,3,1,1,4,7,73,1,N,2
1,N,1,1,N,3,10,1,N,2
1,1,1,1,9,10,43,1,N,2
1,6,1,1,8,9,33,1,N,2
1,4,1,1,5,5,65,1,N,2
2,6,1,2,2,8,63,1,N,2
2,6,1,2,8,10,34,1,N,2
1,4,1,1,7,7,44,1,N,2
1,1,1,1,9,11,62,1,N,2
2,N,1,1,N,3,10,1,N,2
2,1,1,1,8,12,54,1,N,2
2,1,1,1,5,8,42,1,N,2
2,6,1,1,4,5,40,1,N,2
1,6,1,1,6,5,69,1,N,2
2,6,1,1,7,4,23,1,N,2
1,1,1,1,9,11,44,1,N,2
1,1,1,1,8,6,57,1,N,2
2,6,1,0,2,6,20,3,N,2
2,6,1,1,0,4,15,1,N,2
1,6,1,1,5,5,45,1,N,2
2,6,1,1,1,4,17,1,N,2
2,1,1,2,1,5,55,1,N,2
2,4,1,2,5,8,54,1,N,2
2,4,1,2,1,5,30,1,N,2
2,6,1,1,5,5,58,1,N,2
1,1,8,1,3,5,27,1,N,2
1,1,1,1,9,9,58,1,N,2
2,N,1,1,N,2,5,1,N,2
2,6,1,2,5,10,36,1,N,2
2,6,1,2,5,8,32,1,N,2
1,4,1,1,2,9,72,1,N,2
1,1,1,1,8,10,60,1,N,2
2,N,6,2,N,N,0,1,N,2
2,N,8,1,N,3,14,1,N,2
1,6,1,1,2,9,32,1,N,2
1,6,2,2,6,8,25,1,N,2
2,3,1,1,2,5,76,1,N,2
1,N,1,1,N,1,4,1,N,2
2,1,1,1,0,10,61,1,N,2
1,1,1,1,5,10,73,1,N,2
1,1,1,1,6,9,56,1,N,2
1,1,6,1,9,12,60,1,N,2
2,2,1,1,6,10,31,1,N,2
2,N,1,1,N,3,10,1,N,2
1,1,1,1,4,5,84,1,N,2
2,3,1,0,2,5,88,2,N,1
2,6,1,2,6,7,24,1,N,2
2,N,1,1,N,3,11,1,N,2
1,6,1,1,7,9,75,1,N,2
1,1,6,2,8,9,38,1,N,2
2,1,1,1,2,7,54,1,N,2
1,3,1,2,3,7,64,1,N,2
1,1,1,1,6,7,47,1,N,2
1,1,1,1,8,9,52,1,N,2
1,6,1,1,3,4,18,1,N,2
2,3,1,1,8,9,62,1,N,2
2,1,1,1,0,5,51,1,N,2
1,6,6,2,8,10,34,1,N,2
2,6,2,0,1,9,67,2,N,2
2,1,1,1,2,10,59,1,N,2
2,N,1,1,N,3,12,1,N,2
1,1,1,1,4,7,65,1,N,2
1,1,1,1,8,5,63,1,N,2
2,1,1,1,6,8,74,1,N,2
1,6,1,1,6,1,24,1,N,2
1,1,6,1,1,3,75,1,N,2
1,N,6,1,N,N,2,1,N,2
2,1,6,2,9,12,35,1,N,2
2,1,1,1,5,9,58,1,N,2
1,1,1,1,4,3,68,1,N,2
1,6,1,2,2,7,38,1,N,2
2,3,1,1,0,5,80,1,N,2
2,4,1,1,4,5,77,1,N,2
1,1,1,1,9,11,56,1,N,2
2,6,1,1,0,4,16,1,N,2
1,1,1,2,5,7,26,1,N,2
2,6,1,1,5,9,24,1,N,2
2,1,1,1,1,5,61,1,N,2
1,N,1,1,N,1,4,1,N,2
1,6,1,1,1,7,23,1,N,2
2,N,1,1,N,2,6,1,N,2
2,2,1,2,2,9,54,1,N,2
1,1,6,1,8,12,49,1,N,2
1,6,1,2,7,7,26,1,N,2
2,N,1,1,N,N,1,1,N,2
2,6,9,2,1,10,29,1,N,2
2,3,1,2,3,5,94,1,N,1
1,1,1,1,8,7,45,1,N,2
2,1,1,1,0,5,47,1,N,2
1,1,1,1,7,8,32,1,N,2
2,1,1,1,0,9,49,1,N,2
1,1,1,2,9,11,56,1,N,2
2,1,1,1,7,7,52,1,N,2
2,3,1,1,9,11,94,1,N,2
2,1,1,1,6,10,36,1,N,2
1,N,1,1,N,2,3,1,N,2
2,6,1,1,3,7,20,1,N,2
1,6,1,1,7,9,30,1,N,2
2,3,1,0,0,5,79,2,N,2
1,1,1,1,9,9,59,1,N,2
2,6,1,1,0,4,16,1,N,2
2,N,1,1,N,3,12,1,N,2
1,1,6,1,7,5,69,1,N,2
1,6,1,2,7,7,31,1,N,2
2,3,1,1,4,6,68,1,N,2
2,N,6,1,N,3,11,1,N,2
2,N,1,1,N,3,10,1,N,2
1,1,1,1,8,9,64,1,N,2
1,N,1,1,N,3,14,1,N,2
2,1,1,1,2,5,75,1,N,2
1,3,1,1,3,4,87,1,N,2
1,1,1,1,5,7,68,1,N,2
2,1,1,1,7,9,38,1,1,2
2,1,1,1,6,8,63,1,N,2
1,1,1,1,5,7,76,1,N,2
1,1,1,1,1,7,67,1,N,2
2,6,1,2,2,5,36,1,N,2
1,1,1,1,9,9,62,1,N,2
1,1,1,1,9,12,63,1,N,2
1,6,1,2,7,10,39,1,N,2
1,1,1,1,8,9,54,1,N,2
1,2,1,1,9,12,69,1,N,2
2,N,1,2,N,3,12,1,N,2
1,6,1,1,7,9,70,1,N,2
1,1,1,1,9,9,30,1,N,2
1,6,1,1,1,7,21,1,N,2
1,3,1,1,7,5,72,1,N,2
2,2,1,2,4,3,41,1,N,2
2,N,1,1,N,N,1,1,N,2
2,6,1,1,5,9,30,1,N,2
1,1,1,1,9,10,54,1,N,2
1,4,1,1,8,8,53,1,N,2
1,1,1,2,5,5,68,1,N,2
2,N,1,1,N,N,2,1,N,2
1,1,1,1,9,7,60,1,N,2
1,6,1,1,0,4,16,1,N,2
1,1,1,1,8,9,38,1,N,2
1,N,9,1,N,3,8,1,N,2
1,1,1,1,9,5,58,1,N,2
2,3,1,0,1,10,78,2,N,2
1,6,1,1,2,9,30,1,N,2
2,3,1,0,0,4,88,2,N,1
2,6,1,1,4,7,24,1,N,2
2,1,1,1,9,9,49,1,N,2
2,1,1,1,9,9,61,1,N,2
2,N,6,1,N,3,11,1,N,2
1,4,1,1,9,9,48,1,N,2
1,1,1,1,9,7,33,1,N,2
2,3,1,1,3,8,71,1,N,2
2,4,1,1,3,7,48,1,N,2
1,1,1,1,9,8,65,1,N,2
2,1,1,1,4,5,73,1,N,2
1,1,1,1,9,9,43,1,N,2
2,1,1,1,3,9,53,1,N,2
2,N,1,2,N,2,6,1,N,2
1,2,1,1,9,9,94,1,N,2
2,1,1,1,4,5,60,1,N,2
2,6,1,1,2,9,22,1,N,2
2,1,1,1,0,10,39,1,N,2
1,3,1,1,6,11,94,1,2,1
1,6,1,1,0,4,15,1,N,2
2,1,1,1,7,9,46,1,N,2
2,6,1,1,4,9,34,1,N,2
2,6,6,0,0,7,27,3,N,2
2,1,1,1,7,10,28,1,N,2
1,6,6,1,0,4,15,1,N,2
2,1,1,1,2,5,83,1,N,2
2,4,1,2,3,7,62,1,N,2
2,6,1,0,2,7,70,2,N,2
1,6,1,1,3,5,54,1,N,2
2,6,1,1,1,5,18,1,N,2
2,1,1,1,6,7,51,1,N,2
2,1,1,1,6,10,63,1,N,2
1,4,1,1,8,12,52,1,N,2
1,6,1,1,9,10,46,1,N,2
2,3,1,1,6,5,65,1,N,2
1,1,1,1,9,9,58,1,N,2
1,6,1,1,2,7,21,1,N,2
1,6,1,1,3,9,24,1,N,2
2,N,1,1,N,3,10,1,N,2
1,1,1,1,8,9,51,1,N,2
1,1,1,1,5,5,86,1,N,1
2,6,1,2,7,9,23,1,N,2
1,4,9,1,6,11,50,1,N,2
2,1,6,1,8,9,47,1,N,2
2,1,1,1,5,5,64,1,N,2
2,6,1,0,2,9,52,3,N,2
2,N,1,1,N,2,5,1,N,2
2,3,1,1,8,10,68,1,N,2
2,N,1,1,N,3,13,1,N,2
1,1,1,1,8,11,78,1,N,2
2,1,6,1,0,10,40,1,N,2
1,N,1,1,N,3,11,1,N,2
2,1,1,1,6,5,60,1,N,2
2,3,2,1,6,5,62,1,N,2
1,6,1,1,5,5,47,1,N,2
1,1,6,1,9,10,60,1,N,2
2,N,6,1,N,2,3,1,N,2
1,1,1,1,7,5,57,1,N,2
1,6,1,2,3,9,28,1,N,2
1,6,6,2,6,7,30,1,N,2
2,6,1,2,0,9,44,1,N,2
2,1,1,1,6,7,41,1,N,2
2,1,1,2,7,10,36,1,N,2
1,6,9,2,1,5,18,1,N,2
1,6,6,2,1,4,16,1,N,2
2,6,1,1,6,5,28,1,N,2
1,6,1,2,4,9,22,1,N,2
1,1,1,1,8,10,56,1,N,2
2,3,1,2,3,4,70,1,N,2
2,6,1,1,6,9,25,1,N,2
2,6,1,1,1,9,22,1,N,2
2,3,1,1,3,4,89,1,N,2
1,1,1,2,5,9,35,1,N,2
2,6,6,0,1,7,21,3,N,2
2,1,1,1,6,9,42,1,N,2
2,4,1,1,9,11,67,1,N,2
2,6,1,2,7,7,41,1,N,2
2,1,1,1,5,9,41,1,N,2
1,N,1,2,N,2,4,1,N,2
1,1,1,1,6,5,70,1,N,2
1,6,1,1,4,5,66,1,N,2
1,6,1,0,1,7,21,3,N,2
1,1,1,1,9,9,61,1,N,2
1,5,1,1,7,10,55,1,N,2
2,4,1,1,1,4,87,1,N,2
1,6,1,2,0,5,46,1,N,2
1,1,1,1,9,9,39,1,N,2
1,1,1,1,4,9,52,1,N,2
2,1,1,1,5,9,48,1,N,2
2,3,1,1,5,5,74,1,N,2
1,6,1,1,1,4,17,1,N,2
2,1,1,1,9,10,51,1,N,2
2,6,9,2,6,12,54,1,N,2
2,1,1,1,5,9,28,1,N,2
1,1,8,1,6,9,48,1,N,2
1,6,9,2,3,7,66,1,N,2
2,1,6,1,8,8,31,1,N,2
2,1,1,1,6,10,49,1,N,2
1,3,1,1,9,10,56,1,N,2
1,6,1,2,2,6,63,1,N,2
2,1,1,1,9,10,51,1,N,2
2,N,1,2,N,2,6,1,N,2
2,6,1,2,5,10,68,1,N,1
2,N,1,1,N,3,11,1,N,2
1,1,1,1,4,5,65,1,N,2
1,6,1,2,6,3,65,1,N,2
2,1,1,1,3,9,60,1,N,2
1,N,1,1,N,3,10,1,N,2
2,1,1,1,6,10,28,1,N,2
2,1,1,1,3,7,72,1,N,2
2,1,1,1,7,10,34,1,N,2
2,3,1,2,3,5,74,1,N,2
2,4,6,1,6,10,42,1,N,2
1,1,1,1,8,10,68,1,N,2
2,1,1,2,5,9,28,1,N,2
2,6,1,1,0,5,18,1,N,2
2,N,1,1,N,3,14,1,N,2
1,1,1,1,9,10,32,1,N,2
2,N,1,1,N,3,8,1,N,2
1,N,1,2,N,2,4,1,N,2
2,6,1,2,4,7,21,1,N,2
2,6,6,0,0,7,19,3,N,2
1,6,1,0,3,5,60,3,N,2
2,3,1,1,7,8,88,1,N,2
2,6,1,1,6,9,29,1,N,2
1,6,1,0,0,7,19,3,N,2
1,6,6,1,1,4,17,1,N,2
2,4,1,2,4,7,63,1,N,2
2,3,1,1,4,5,91,1,N,2
1,6,1,0,0,7,18,3,N,2
2,N,1,1,N,3,11,1,N,2
2,1,1,1,8,9,40,1,N,2
2,6,1,1,0,3,15,1,N,2
1,5,1,2,5,5,65,1,N,2
2,2,1,1,3,7,53,1,N,1
2,1,1,1,9,9,33,1,N,2
2,1,1,1,0,5,38,1,N,2
1,N,1,1,N,3,10,1,N,2
1,N,1,2,N,2,5,1,N,2
1,1,1,1,6,8,69,1,N,2
1,N,1,2,N,3,13,1,N,2
2,6,6,1,9,12,45,1,N,2
2,4,1,1,4,7,40,1,N,2
1,1,1,1,9,10,52,1,N,2
2,N,1,1,N,3,14,1,N,2
2,N,1,1,N,3,13,1,N,2
2,3,1,1,0,9,80,1,N,2
1,1,1,1,1,5,29,1,N,2
1,1,1,1,9,10,72,1,N,2
1,6,9,0,2,7,52,3,N,2
1,N,1,1,N,3,13,1,N,2
1,N,1,1,N,1,4,1,N,2
2,1,1,1,6,9,32,1,N,2
2,1,1,1,7,10,75,1,N,2
1,1,1,1,9,5,50,1,N,2
2,2,1,1,0,4,15,1,N,2
2,1,1,1,4,11,67,1,N,2
1,1,1,1,5,5,57,1,N,2
1,6,1,1,0,4,16,1,N,2
1,1,1,1,9,9,51,1,N,2
1,5,1,1,7,7,79,1,N,2
1,1,1,2,8,8,61,1,N,2
2,1,6,1,1,10,62,1,N,2
2,N,1,2,N,1,4,1,N,2
2,6,1,2,7,10,39,1,N,2
2,6,1,2,8,9,31,1,N,2
1,1,1,1,8,9,35,1,N,2
1,6,1,1,1,9,21,1,N,2
2,1,1,1,8,10,32,1,N,2
1,6,1,0,1,5,18,3,N,2
1,1,1,1,7,6,75,1,N,2
1,6,1,1,3,8,23,1,N,2
1,6,1,2,5,7,60,1,N,2
1,3,1,2,5,12,87,1,N,2
2,N,9,1,N,N,1,1,N,2
1,4,1,1,5,5,82,1,N,2
1,6,1,2,5,5,47,1,N,2
1,N,1,1,N,1,3,1,N,2
1,1,1,1,6,8,43,1,N,2
2,1,9,1,4,7,35,1,N,2
1,6,1,1,6,10,26,1,N,2
2,1,1,1,8,9,49,1,N,2
2,1,1,1,8,9,60,1,N,2
1,N,1,1,N,N,1,1,N,2
2,1,1,1,9,9,74,1,N,2
2,6,6,1,5,9,49,1,N,2
1,1,1,1,9,9,67,1,N,2
1,1,1,1,9,9,51,1,N,2
1,1,9,1,5,7,27,1,2,2
2,3,1,1,6,9,89,1,N,2
2,1,1,1,7,9,45,1,N,2
2,1,1,1,1,10,74,1,N,2
2,1,1,2,5,7,44,1,N,2
1,6,1,1,6,4,43,1,N,2
1,1,1,1,9,10,74,1,N,2
2,6,9,2,0,4,17,1,N,2
2,6,1,0,0,7,21,3,N,2
1,1,1,2,7,3,34,1,N,2
2,6,1,1,1,4,17,1,N,2
1,2,2,0,2,6,27,2,N,2
2,6,1,2,2,9,22,1,N,2
2,1,6,1,9,10,43,1,N,2
2,1,1,2,5,9,31,1,N,2
1,N,2,2,N,3,10,1,N,2
1,6,1,2,8,9,44,1,N,2
1,6,1,1,4,7,53,1,N,2
1,6,1,1,1,5,19,1,N,2
1,N,1,1,N,N,2,1,N,2
2,1,1,1,7,7,68,1,N,2
1,1,1,1,6,7,43,1,N,2
2,N,6,1,N,3,12,1,N,2
1,6,1,0,1,7,21,3,N,2
1,6,1,1,9,10,60,1,N,2
2,4,1,1,8,9,47,1,N,2
1,1,1,1,9,10,58,1,N,2
2,4,1,1,5,5,61,1,N,2
2,N,1,1,N,2,3,1,N,2
1,N,1,1,N,1,3,1,N,2
1,1,1,1,8,9,35,1,N,2
1,1,1,2,5,5,87,1,N,2
2,1,1,1,4,5,71,1,N,2
2,6,1,1,4,10,64,1,N,2
2,5,1,1,8,10,68,1,N,2
1,1,1,2,6,5,55,1,N,2
1,1,1,2,8,5,39,1,N,2
1,6,1,0,2,1,56,3,N,1
1,1,1,1,9,9,70,1,N,2
2,N,1,2,N,3,8,1,N,2
2,1,1,1,5,12,44,1,N,2
1,1,1,1,9,9,44,1,N,2
2,1,1,1,5,9,39,1,N,2
1,1,2,1,6,5,56,1,N,2
2,3,1,1,7,5,71,1,N,2
1,1,1,1,6,5,65,1,N,2
1,1,1,1,4,9,76,1,N,2
2,3,1,1,6,11,94,1,N,2
2,1,6,1,1,10,39,1,N,2
2,1,1,1,7,9,36,1,N,2
2,6,1,2,8,9,38,1,N,2
2,1,1,1,8,8,56,1,N,2
1,6,1,0,1,7,21,3,N,2
2,1,1,1,2,7,69,1,N,2
2,1,1,1,6,8,54,1,N,2
1,N,1,1,N,N,0,1,N,2
2,N,9,1,N,3,8,1,N,2
2,3,1,2,4,9,65,1,N,2
2,6,1,0,1,1,34,3,N,2
1,6,1,1,9,9,57,1,N,2
2,1,1,1,2,5,66,1,N,2
1,1,1,1,6,12,64,1,N,2
1,1,1,1,9,10,43,1,4,2
1,6,1,1,3,5,21,1,N,2
2,6,1,1,7,10,29,1,N,2
1,1,1,1,7,9,32,1,N,2
1,N,1,1,N,N,0,1,N,2
2,5,1,2,2,5,69,1,N,2
2,1,1,1,3,5,80,1,N,2
2,6,1,1,7,5,28,1,N,2
1,N,1,1,N,3,14,1,N,2
1,6,1,1,0,4,16,1,N,2
2,1,1,1,7,10,43,1,N,2
1,6,2,1,6,9,25,1,N,2
2,6,1,0,1,5,83,3,N,2
1,1,1,1,8,11,70,1,N,2
2,1,1,1,4,8,59,1,N,2
1,6,1,1,0,4,16,1,N,2
1,N,1,1,N,2,5,1,N,2
1,1,1,1,4,9,33,1,N,2
1,6,1,0,3,7,18,3,N,2
1,6,1,1,4,9,59,1,N,2
2,1,1,1,3,4,63,1,N,2
2,1,1,1,0,5,36,1,N,2
2,6,1,1,0,4,16,1,N,2
2,1,1,1,9,10,44,1,N,2
2,6,1,1,5,9,52,1,N,2
1,6,1,1,9,9,57,1,N,2
1,4,1,2,3,7,76,1,N,2
1,1,1,1,9,11,30,1,N,2
2,1,1,1,2,9,94,1,N,2
1,1,1,1,8,9,33,1,N,2
1,N,1,2,N,N,0,1,N,2
1,1,1,1,8,9,45,1,N,2
2,1,1,1,2,9,69,1,N,2
2,N,6,1,N,3,13,1,N,2
2,1,1,1,0,9,54,1,N,2
2,1,1,1,9,10,43,1,N,2
1,6,1,1,1,9,65,1,N,2
1,1,1,1,8,9,35,1,N,2
1,1,1,1,9,12,45,1,N,2
2,1,1,1,6,9,53,1,N,2
1,N,1,1,N,3,13,1,N,2
1,1,1,1,7,8,59,1,N,2
1,6,1,1,6,7,61,1,N,2
2,N,6,1,N,1,5,1,N,2
2,6,2,0,9,7,20,3,N,2
1,1,1,1,9,10,59,1,N,2
2,1,1,1,2,8,83,1,N,1
1,1,1,1,6,5,70,1,4,2
1,N,1,2,N,N,0,1,N,2
2,N,1,2,N,1,3,1,N,2
1,6,1,1,6,5,25,1,N,2
1,1,1,2,3,7,84,1,N,2
1,N,1,1,N,3,10,1,N,2
1,1,1,1,7,9,67,1,N,2
1,1,1,1,5,11,63,1,N,2
1,3,1,2,8,8,94,1,N,2
1,2,1,1,6,9,84,1,N,2
1,1,1,1,9,8,59,1,6,2
2,1,1,1,2,9,36,1,N,2
2,1,1,1,7,10,33,1,N,2
1,1,1,1,8,9,47,1,N,2
1,1,1,1,8,5,52,1,N,2
2,1,1,1,7,10,67,1,N,2
2,6,1,2,5,9,23,1,N,2
1,1,1,1,3,8,72,1,N,1
1,1,1,1,9,10,56,1,N,2
2,6,1,2,9,10,38,1,N,2
1,4,1,2,2,5,57,1,N,2
1,6,1,2,3,9,26,1,N,2
1,1,1,1,1,9,71,1,N,2
2,1,1,2,6,8,33,1,N,2
1,1,1,1,8,9,47,1,N,2
1,N,1,1,N,3,10,1,N,2
2,1,1,1,0,11,60,1,N,2
1,1,1,2,4,9,42,1,N,2
1,1,1,1,7,7,34,1,N,2
2,3,1,1,8,9,72,1,N,2
1,1,1,1,5,8,53,1,N,2
1,6,6,1,1,4,70,1,N,2
1,6,1,1,0,4,16,1,N,2
2,1,1,1,7,9,60,1,N,2
2,1,1,1,8,9,41,1,N,2
2,6,1,1,0,7,22,1,N,2
2,N,9,1,N,2,5,1,N,2
1,1,1,1,8,9,59,1,N,2
2,6,1,2,9,10,68,1,N,2
1,N,1,1,N,2,6,1,N,2
1,1,1,1,9,9,49,1,N,2
1,6,1,2,5,8,38,1,N,2
1,N,1,1,N,2,5,1,N,2
1,1,1,1,7,11,84,1,N,2
2,N,1,1,N,N,0,1,N,2
1,6,1,1,0,4,16,1,N,2
2,6,1,1,9,9,67,1,N,2
1,1,6,2,4,10,39,1,N,2
2,5,1,1,2,5,65,1,N,2
1,1,1,2,2,7,71,1,N,2
2,N,6,2,N,2,4,1,N,2
2,6,1,1,3,5,54,1,N,1
2,N,1,1,N,3,14,1,N,2
2,6,2,2,3,8,29,1,N,2
1,6,9,1,1,7,20,1,N,2
1,6,1,1,0,4,18,1,N,2
2,1,1,1,7,10,31,1,N,2
2,1,1,1,1,7,45,1,N,2
2,3,1,1,5,7,81,1,N,2
1,1,1,1,5,5,69,1,N,2
1,4,1,2,9,10,53,1,N,2
1,6,2,0,2,5,20,3,N,2
2,6,1,0,2,9,27,3,N,2
2,N,1,2,N,3,13,1,N,2
1,1,1,1,6,7,75,1,N,2
1,1,1,1,9,9,50,1,N,2
1,1,1,1,8,11,65,1,N,2
1,6,1,1,0,4,16,1,N,2
2,4,1,1,7,8,70,1,N,2
1,N,1,1,N,2,4,1,N,2
2,6,1,2,1,9,24,1,N,2
2,1,1,2,2,4,69,1,N,1
1,6,1,1,6,5,25,1,N,2
2,6,1,1,1,9,26,1,N,2
1,6,1,1,2,7,20,1,N,2
1,6,1,1,1,3,15,1,N,2
1,6,1,1,0,4,16,1,N,2
1,1,1,1,9,4,50,1,N,2
2,N,1,1,N,2,5,1,N,2
1,1,1,1,9,9,55,1,N,2
1,1,1,1,8,9,58,1,N,2
1,1,1,1,7,5,56,1,N,2
1,1,1,1,7,9,51,1,N,2
1,1,1,1,7,10,84,1,N,2
2,N,6,1,N,2,5,1,N,2
1,1,1,1,9,10,36,1,N,2
2,1,1,1,9,11,52,1,N,2
1,1,1,1,8,8,68,1,N,2
2,4,1,1,9,10,60,1,N,2
2,1,1,1,3,9,64,1,N,2
2,1,6,1,8,9,40,1,N,2
2,6,1,1,3,5,33,1,N,2
1,2,1,0,1,7,23,3,N,2
1,1,1,1,9,9,42,1,N,2
2,6,1,1,2,7,19,1,N,2
2,1,6,1,2,9,69,1,N,2
1,1,1,1,4,5,77,1,N,2
2,N,1,1,N,N,0,1,N,2
1,1,1,2,3,6,65,1,N,2
2,3,1,2,8,7,68,1,N,2
2,6,9,0,2,7,22,3,N,2
2,1,6,1,2,9,57,1,N,2
1,6,1,2,7,9,23,1,N,2
2,1,6,2,0,9,37,1,N,2
1,6,1,1,1,4,16,1,N,2
2,1,1,1,2,8,65,1,N,2
2,1,1,1,1,9,45,1,N,2
1,6,6,2,9,12,41,1,N,2
2,1,1,1,3,5,75,1,N,2
1,6,1,1,2,9,41,1,N,2
2,6,1,1,7,9,41,1,N,2
1,6,1,1,4,6,26,1,N,2
1,1,1,1,5,5,81,1,N,2
1,1,1,1,2,10,31,1,N,2
1,1,1,1,2,7,63,1,N,2
2,6,1,0,1,7,18,3,N,2
2,1,1,1,5,9,39,1,N,2
1,1,1,1,6,5,49,1,N,2
2,N,2,1,N,3,11,1,N,2
1,1,1,1,4,5,67,1,N,1
1,6,1,1,9,7,37,1,N,2
2,1,1,2,9,9,35,1,N,2
1,1,1,1,9,9,42,1,N,2
1,1,1,1,5,5,77,1,N,2
2,N,1,1,N,3,9,1,N,2
1,1,1,1,8,8,56,1,N,2
1,1,1,1,5,5,46,1,N,2
2,4,1,1,6,9,74,1,N,2
2,6,1,2,7,11,29,1,N,2
2,1,1,1,8,10,45,1,N,2
2,1,1,1,6,7,48,1,N,2
2,1,1,1,2,7,71,1,N,2
1,6,1,1,8,10,37,1,N,2
2,N,1,1,N,3,9,1,N,2
1,1,1,1,6,9,40,1,N,2
1,6,1,1,5,9,42,1,N,2
2,6,1,2,4,9,38,1,N,2
2,6,1,0,2,7,20,3,N,2
1,1,1,2,8,9,43,1,N,2
1,1,1,1,6,9,59,1,N,2
2,1,1,1,6,7,58,1,N,2
1,1,1,1,7,8,38,1,N,2
1,N,1,1,N,1,3,1,N,2
2,6,1,1,4,9,28,1,N,2
2,6,1,1,5,8,23,1,N,2
2,4,2,1,9,12,73,1,N,2
1,1,1,1,3,8,45,1,N,2
2,6,6,1,3,7,33,1,N,2
1,N,1,1,N,4,14,1,N,2
2,1,1,1,4,5,53,1,N,2
1,N,1,1,N,3,6,1,N,2
1,1,1,1,5,9,78,1,N,2
2,1,1,1,9,9,59,1,N,2
1,1,6,1,2,9,75,1,N,2
2,6,1,2,9,12,55,1,N,2
1,1,6,1,0,10,29,1,N,2
2,N,1,1,N,N,2,1,N,2
2,1,1,1,0,10,45,1,N,2
1,1,1,1,7,10,70,1,N,2
1,6,1,1,3,7,26,1,N,2
2,4,1,2,3,8,26,1,4,2
1,N,1,1,N,3,8,1,N,2
1,1,1,1,9,7,61,1,N,2
2,3,1,1,4,7,87,1,N,2
1,1,6,2,8,10,29,1,N,2
2,N,1,1,N,3,13,1,N,2
2,1,1,1,0,9,78,1,N,2
2,6,1,1,3,5,23,1,N,2
2,6,1,1,1,7,19,1,N,2
2,1,1,1,8,7,54,1,N,2
2,1,2,2,4,8,29,1,N,2
2,6,1,1,0,5,22,1,N,2
1,1,1,1,8,5,52,1,N,2
2,6,8,0,2,7,41,3,N,2
1,6,1,1,1,4,16,1,N,2
1,1,1,1,4,5,86,1,N,2
2,1,1,1,8,9,36,1,N,2
1,1,1,1,9,10,73,1,N,2
1,1,1,1,0,1,38,1,N,2
2,6,1,2,1,9,23,1,N,2
1,N,1,1,N,3,14,1,N,2
1,N,1,1,N,2,4,1,N,2
1,6,1,1,3,7,19,1,N,2
2,1,1,1,8,9,33,1,N,2
2,N,1,2,N,1,3,1,N,2
1,6,1,1,1,4,17,1,N,2
1,6,1,0,1,7,22,3,N,2
1,6,1,1,0,5,17,1,N,2
1,N,1,1,N,N,1,1,N,2
2,1,1,1,2,8,61,1,N,2
2,1,6,1,0,8,39,1,N,2
1,1,1,1,7,9,28,1,N,2
1,1,1,1,1,9,58,1,N,2
1,2,6,0,4,9,44,3,N,2
1,1,1,1,3,7,78,1,N,2
1,6,1,1,2,9,22,1,N,2
1,1,1,1,8,9,35,1,N,2
2,6,1,2,6,10,41,1,N,2
1,6,1,0,3,5,60,3,N,2
1,1,1,1,6,7,29,1,N,2
1,1,1,1,1,9,44,1,N,2
1,6,1,2,1,4,17,1,N,2
2,1,1,1,2,9,81,1,N,2
1,4,1,2,2,8,62,1,N,2
2,1,6,1,8,8,44,1,N,2
2,6,1,1,1,4,17,1,N,2
2,1,1,2,0,10,60,1,N,2
1,1,1,1,8,9,67,1,N,2
2,6,1,1,6,9,29,1,N,2
2,6,1,1,4,9,25,1,N,2
1,4,1,1,9,9,61,1,N,2
1,6,6,0,2,7,21,3,N,2
1,6,1,2,8,10,23,1,N,2
2,3,1,2,1,8,80,1,6,2
2,1,1,2,2,5,53,1,N,2
1,3,1,1,7,7,78,1,N,2
1,1,1,1,8,8,67,1,N,2
1,6,1,2,5,7,23,1,N,2
2,1,1,2,3,10,65,1,N,2
2,6,2,2,6,8,71,1,N,2
2,3,1,1,2,5,82,1,N,2
2,1,1,1,6,9,49,1,N,1
1,2,1,1,9,9,80,1,N,2
2,6,1,1,6,10,73,1,N,2
2,6,1,0,2,7,21,3,N,2
1,1,1,1,5,9,32,1,N,2
1,6,1,1,7,9,24,1,N,2
1,N,6,2,N,N,1,1,N,2
2,1,1,1,7,10,34,1,N,2
1,1,1,1,5,8,60,1,N,2
2,1,1,1,4,9,60,1,N,2
1,1,1,2,9,10,45,1,N,2
1,4,1,1,8,8,59,1,N,2
1,1,1,1,9,10,33,1,N,2
1,1,1,1,9,11,72,1,N,2
2,6,2,2,5,9,33,1,N,2
2,1,1,1,9,9,42,1,N,2
1,1,6,2,7,10,40,1,N,2
2,6,1,1,0,9,69,1,N,2
2,1,1,1,7,10,68,1,N,1
1,4,1,1,8,9,35,1,N,2
2,4,1,1,6,8,60,1,N,2
2,1,1,1,7,9,31,1,N,2
2,4,1,1,7,7,61,1,N,2
1,N,9,1,N,2,5,1,N,2
1,N,1,1,N,2,6,1,N,2
2,3,1,0,2,5,67,2,N,1
1,6,1,1,7,5,28,1,N,2
2,6,1,1,7,9,37,1,N,2
1,1,1,1,7,10,75,1,N,2
1,1,1,1,4,4,88,1,N,1
2,6,1,1,1,4,17,1,N,2
2,1,1,1,0,3,80,1,N,2
2,6,1,0,2,4,70,3,N,2
1,1,6,1,8,9,39,1,N,2
2,4,1,1,9,9,54,1,N,2
1,1,1,1,9,9,30,1,N,2
2,N,1,1,N,3,10,1,N,2
2,1,1,1,8,9,41,1,N,2
1,1,1,1,9,10,80,1,N,2
2,1,1,1,1,10,77,1,N,2
1,6,1,1,7,9,23,1,N,2
1,1,6,2,9,10,41,1,N,2
1,1,1,1,9,9,49,1,N,2
2,3,1,2,3,5,91,1,N,2
1,1,1,1,7,5,52,1,N,2
1,6,6,1,6,5,24,1,N,2
2,4,1,1,5,4,43,1,N,2
1,6,1,1,1,6,39,1,N,2
2,1,1,1,5,9,63,1,N,2
2,1,1,1,7,10,56,1,N,2
2,1,6,2,0,7,41,1,N,2
1,N,1,2,N,3,11,1,N,2
1,1,1,1,8,10,35,1,N,2
2,3,1,2,3,3,51,1,N,2
2,6,1,0,0,7,19,3,N,2
2,1,1,2,7,10,36,1,N,2
1,1,1,1,9,10,72,1,N,2
1,6,1,2,8,9,28,1,N,2
2,6,1,0,0,3,84,3,N,2
2,6,1,1,0,4,15,1,N,2
1,1,1,1,7,9,64,1,N,2
1,1,1,1,5,9,67,1,N,2
2,3,1,1,3,7,90,1,N,2
2,1,1,1,1,10,35,1,N,2
2,1,1,1,4,5,58,1,N,2
1,6,1,2,2,5,25,1,N,2
2,N,1,1,N,1,4,1,N,2
2,6,1,1,0,6,50,1,N,2
2,4,1,1,2,5,48,1,N,2
1,N,1,1,N,2,6,1,N,2
2,1,1,1,9,8,63,1,N,2
1,6,1,1,3,5,23,1,N,2
2,1,1,1,0,9,52,1,N,2
2,4,1,1,9,8,56,1,N,2
2,4,1,1,3,7,65,1,N,1
1,6,1,1,2,7,21,1,N,2
2,3,1,1,9,7,89,1,N,2
2,1,1,2,4,7,94,1,N,2
2,N,1,1,N,3,10,1,N,2
2,1,1,2,2,10,27,1,N,2
2,1,1,2,2,5,58,1,N,2
1,3,1,1,4,8,78,1,N,2
2,6,6,1,8,10,53,1,N,2
2,6,1,1,1,4,17,1,N,2
2,1,1,2,6,5,62,1,N,2
2,3,1,1,6,7,87,1,N,2
2,3,1,1,4,5,94,1,N,1
1,6,1,1,7,5,63,1,N,2
1,1,1,1,3,5,82,1,N,2
1,N,1,1,N,N,1,1,N,2
2,2,1,0,0,5,21,3,N,2
2,1,1,2,0,9,38,1,N,2
2,1,6,1,9,12,47,1,N,2
2,6,1,2,7,10,28,1,N,2
1,6,1,1,2,5,50,1,N,2
2,1,1,1,6,9,38,1,N,2
1,4,1,1,5,10,59,1,N,2
2,1,1,1,7,9,36,1,N,2
2,6,1,2,4,5,84,1,3,2
2,1,1,1,3,1,83,1,N,2
1,1,1,1,9,9,60,1,N,2
1,1,1,1,9,12,46,1,N,2
2,4,1,1,7,9,51,1,N,2
1,1,1,1,9,8,38,1,N,2
2,3,1,2,5,5,74,1,N,2
2,1,6,1,3,9,70,1,N,2
1,6,1,1,5,7,32,1,N,2
2,6,1,1,2,9,23,1,N,2
1,6,1,0,3,5,18,3,N,2
2,3,2,1,3,5,85,1,N,2
2,4,1,2,2,7,62,1,N,2
1,N,1,1,N,3,11,1,N,2
2,4,1,1,9,9,58,1,N,2
1,1,1,1,7,8,43,1,N,2
1,6,1,1,7,9,36,1,N,2
2,6,1,0,0,9,88,2,N,2
1,6,1,1,1,8,62,1,N,2
1,1,6,1,0,7,53,1,N,2
2,6,6,0,2,7,21,3,N,2
2,1,1,2,0,7,65,1,N,2
2,1,1,1,2,5,74,1,N,2
2,6,6,1,1,4,18,1,N,2
1,1,1,1,6,10,65,1,N,2
2,N,1,1,N,3,7,1,N,2
1,6,1,1,4,5,60,1,N,1
1,1,1,1,3,4,21,1,N,2
1,1,1,1,9,9,60,1,N,2
2,6,1,1,5,10,25,1,N,2
2,N,9,1,N,3,7,1,N,2
1,1,1,2,1,6,75,1,N,2
2,1,1,2,4,9,27,1,N,2
1,6,1,2,2,4,54,1,N,2
1,6,1,1,1,4,68,1,N,2
1,4,1,0,1,4,72,2,N,2
1,N,1,1,N,N,1,1,N,2
2,1,1,1,0,5,53,1,N,2
2,N,1,1,N,2,6,1,N,2
1,1,1,1,8,9,62,1,N,2
1,1,1,1,9,7,47,1,N,2
2,N,1,1,N,N,1,1,N,2
2,1,1,1,9,9,56,1,N,2
2,5,1,1,8,9,46,1,N,2
1,2,2,0,0,4,69,2,5,2
2,N,1,1,N,3,9,1,N,2
2,1,1,1,1,9,52,1,N,2
2,6,1,1,1,7,19,1,N,2
2,3,1,1,2,5,89,1,N,2
1,1,1,1,8,5,59,1,N,2
1,1,1,1,8,8,65,1,N,2
2,1,2,2,7,4,68,1,N,2
1,N,1,1,N,3,9,1,N,2
2,1,1,1,2,10,74,1,N,2
1,1,1,1,7,5,70,1,4,2
2,3,1,2,7,10,80,1,N,1
1,6,2,0,0,4,17,2,N,2
1,6,1,2,6,8,33,1,N,2
2,1,1,2,9,10,48,1,N,2
2,3,1,2,3,5,70,1,N,2
1,N,6,2,N,2,4,1,N,2
1,6,1,2,5,9,28,1,N,2
2,2,1,1,5,7,40,1,N,2
1,1,1,1,7,9,61,1,N,2
1,6,6,0,2,7,21,3,N,2
2,3,1,1,3,5,88,1,N,2
1,4,1,0,0,5,54,3,N,2
2,4,1,2,4,4,60,1,N,2
2,1,1,1,2,9,68,1,N,2
2,6,1,1,0,4,16,1,N,2
1,N,1,1,N,3,8,1,N,2
2,N,1,1,N,2,6,1,N,2
1,N,1,1,N,3,9,1,N,2
2,1,1,1,8,12,32,1,N,2
1,6,1,1,2,7,21,1,N,2
1,1,1,1,6,5,64,1,N,2
2,N,1,1,N,3,14,1,N,2
1,1,1,1,8,10,46,1,N,2
2,1,1,1,6,9,41,1,N,2
2,3,1,2,6,10,80,1,N,1
2,6,1,1,3,7,60,1,N,2
2,6,1,1,8,9,52,1,N,2
1,N,1,1,N,3,12,1,N,2
1,1,1,1,9,8,47,1,N,2
1,1,1,1,9,11,59,1,N,2
2,1,1,1,9,10,41,1,N,2
2,4,1,1,1,7,65,1,N,1
2,6,1,1,1,4,17,1,N,2
1,N,1,1,N,1,4,1,N,2
1,6,1,2,0,4,16,1,N,2
2,N,1,1,N,3,11,1,N,2
2,3,1,2,3,4,94,1,N,2
1,6,1,1,7,5,51,1,N,2
2,4,1,1,3,5,62,1,N,2
2,6,1,1,6,9,23,1,N,2
2,1,6,1,9,10,51,1,N,2
1,1,6,1,9,11,48,1,N,2
1,1,1,1,9,9,43,1,N,2
2,1,1,2,8,9,33,1,N,2
1,6,1,2,5,10,26,1,N,2
1,6,1,2,2,4,17,1,N,2
2,6,6,0,5,10,26,3,N,2
2,N,1,1,N,2,5,1,N,2
2,6,1,1,2,4,17,1,N,2
2,1,1,1,2,7,65,1,N,2
2,1,1,1,6,5,50,1,N,2
2,3,1,2,7,5,94,1,N,2
1,N,1,1,N,3,12,1,N,2
1,3,1,2,9,9,91,1,N,2
2,N,6,1,N,4,13,1,N,2
2,1,6,1,8,10,40,1,N,2
1,4,1,1,9,9,54,1,N,2
2,1,6,1,0,10,39,1,N,2
2,N,2,1,N,3,12,1,N,2
2,1,1,1,1,9,68,1,N,1
1,1,1,1,9,10,67,1,N,2
2,N,1,1,N,3,7,1,N,2
1,1,1,1,8,10,45,1,N,2
1,1,1,1,8,9,28,1,N,2
1,6,8,2,5,5,30,1,N,1
1,1,1,1,9,9,41,1,N,2
2,1,1,1,7,9,49,1,N,2
2,6,1,1,2,4,17,1,N,2
2,6,1,1,1,7,22,1,N,2
2,1,1,1,9,10,65,1,N,2
2,1,1,1,7,12,69,1,N,2
1,4,1,1,3,10,66,1,N,2
2,4,1,1,8,10,56,1,N,2
1,6,1,2,9,9,30,1,N,2
2,1,1,2,3,5,24,1,N,2
2,6,1,1,1,5,20,1,N,2
1,1,1,1,9,6,49,1,N,2
1,1,1,1,8,5,80,1,N,2
2,4,1,1,7,5,63,1,N,2
1,1,1,1,5,9,37,1,N,2
1,6,1,1,0,4,17,1,N,2
1,6,1,2,7,9,24,1,N,2
2,6,1,1,7,9,69,1,N,2
2,3,1,1,3,5,88,1,N,1
2,1,1,1,5,8,80,1,N,2
2,1,1,1,6,9,52,1,N,2
2,1,1,1,6,9,49,1,N,2
1,1,1,1,8,9,49,1,N,2
1,4,1,2,1,5,89,1,N,2
2,1,1,1,3,9,66,1,N,2
2,1,1,1,3,9,75,1,N,2
1,6,1,1,1,7,64,1,N,2
1,6,1,1,2,10,49,1,N,2
2,1,1,1,0,5,58,1,N,2
2,6,1,1,1,5,21,1,N,2
1,1,1,1,8,7,69,1,N,2
2,1,1,2,7,9,26,1,N,2
2,1,6,1,5,9,42,1,N,2
2,N,1,1,N,3,14,1,N,2
1,6,1,1,0,4,15,1,N,2
2,1,1,1,8,9,31,1,N,2
1,1,1,1,9,9,65,1,N,2
1,1,1,1,7,7,41,1,N,2
1,N,1,1,N,3,14,1,N,2
2,1,1,1,3,9,38,1,N,2
2,6,6,1,0,5,19,1,N,2
1,1,1,1,9,12,71,1,N,2
1,1,1,1,8,9,32,1,N,2
2,1,1,1,4,7,56,1,N,2
2,1,1,1,6,7,62,1,N,2
2,1,1,1,2,3,64,1,N,2
1,6,1,1,3,7,20,1,N,2
2,1,1,1,1,9,55,1,N,2
2,1,1,1,4,7,54,1,N,2
1,1,1,1,9,9,45,1,N,2
1,N,1,1,N,2,5,1,N,2
2,1,6,1,9,10,45,1,N,2
1,6,1,1,3,9,22,1,N,2
2,4,1,2,3,5,76,1,N,2
1,1,1,1,4,7,63,1,N,2
2,N,9,1,N,3,7,1,N,2
2,6,1,2,2,9,25,1,N,2
2,1,1,1,2,8,58,1,N,2
1,1,1,1,8,9,37,1,N,2
2,1,1,1,9,12,39,1,N,2
2,1,1,1,3,8,67,1,N,2
2,4,1,2,6,7,45,1,N,2
2,1,6,2,8,9,33,1,N,2
2,3,1,1,3,4,83,1,N,2
1,N,1,1,N,3,11,1,N,2
1,N,1,1,N,N,1,1,N,2
1,N,1,1,N,1,3,1,N,2
1,3,1,1,5,8,65,1,N,2
1,4,1,2,4,7,77,1,N,2
2,6,1,2,6,10,40,1,N,2
2,6,1,2,7,10,29,1,N,2
2,6,1,1,6,8,51,1,N,2
2,N,1,1,N,3,12,1,N,2
2,4,1,1,9,10,49,1,N,2
1,1,1,2,6,8,37,1,N,2
1,N,9,1,N,N,0,1,N,2
2,1,6,2,0,9,35,1,N,2
1,1,1,1,7,10,68,1,N,2
1,4,1,1,7,5,65,1,N,1
2,1,1,1,2,10,71,1,N,2
1,1,1,1,8,9,46,1,N,2
2,1,6,1,4,10,59,1,N,2
2,1,1,2,8,9,34,1,N,2
1,1,1,1,7,9,31,1,N,2
2,4,1,1,8,9,48,1,N,2
1,6,1,1,8,9,30,1,N,2
2,6,1,1,0,4,15,1,N,2
1,1,1,1,7,8,55,1,N,2
1,N,1,1,N,1,3,1,N,2
2,6,1,2,7,9,34,1,N,2
2,3,1,1,2,5,84,1,N,2
2,1,6,1,8,10,53,1,N,2
1,6,1,1,3,9,24,1,N,2
2,3,1,0,2,5,94,2,N,2
1,1,1,1,9,10,55,1,N,2
2,1,1,1,2,5,78,1,N,2
2,1,1,1,6,4,60,1,N,2
1,1,1,1,9,10,56,1,N,2
1,1,1,1,5,6,69,1,5,2
2,1,1,1,7,8,49,1,N,2
