,SEX,MSP,RAC1P,OWN_RENT,PINCP_DECILE,EDU,HISP,PUMA,INDP_CAT
6345,2,1,1,2,7,11,0,17-03529,12
11419,1,6,2,0,0,5,0,28-01100,N
865,2,1,6,2,0,10,0,06-08507,N
21709,1,6,1,2,9,10,0,51-51255,10
21308,2,6,8,2,0,4,4,51-51255,N
9079,1,1,1,1,8,11,0,24-01004,N
16473,1,6,1,2,5,7,2,36-03710,10
9542,1,1,1,1,9,9,0,24-01004,3
13395,2,1,1,1,9,7,0,30-00600,N
4204,1,4,1,0,0,5,0,13-04600,N
3,1,6,1,0,0,7,0,01-01301,N
18837,2,1,1,1,5,9,0,38-00100,11
13584,2,3,1,1,4,7,0,30-00600,6
20050,2,4,1,2,2,3,0,40-00200,N
3107,1,1,1,1,8,9,0,08-00803,16
8918,2,1,1,1,8,12,0,24-01004,11
168,2,3,2,2,3,4,0,01-01301,N
6846,1,6,9,2,1,5,0,17-03529,11
15615,1,4,8,2,6,3,4,32-00405,14
17761,2,6,1,0,4,7,0,38-00100,17
16471,1,6,2,1,5,5,0,36-04010,10
21246,2,6,1,1,8,9,0,51-51255,N
27069,2,N,3,1,N,3,0,30-00600,N
15300,2,6,8,2,2,6,1,32-00405,14
11218,2,1,1,1,4,9,0,26-02702,12
12759,2,6,6,2,8,11,0,29-01901,12
10932,1,1,1,1,8,9,0,26-02702,16
9446,1,6,1,1,0,4,0,24-01004,N
14512,2,4,1,1,2,5,0,30-00600,N
14555,2,1,5,1,3,5,0,30-00600,3
18406,1,1,1,1,8,9,0,38-00100,0
6238,2,3,2,2,3,5,0,17-03531,N
1329,1,1,6,2,7,9,0,06-07502,14
15022,2,6,8,1,0,5,1,32-00405,18
17065,2,6,2,2,4,5,0,36-04010,14
9995,1,1,1,1,8,10,0,24-01004,11
22140,2,2,1,1,9,9,0,51-51255,14
18741,2,1,1,1,7,9,0,38-00100,12
10242,2,1,1,1,8,12,0,24-01004,11
11794,2,6,2,2,4,3,0,28-01100,N
12665,2,4,9,2,4,8,0,29-01901,N
24824,1,N,1,2,N,3,0,40-00200,N
15293,1,1,1,1,3,3,1,32-00405,N
19799,1,6,3,1,5,4,0,40-00200,6
1832,2,4,1,2,8,9,0,06-08507,12
11838,1,6,1,1,7,9,0,28-01100,12
14719,1,6,1,1,3,7,0,30-00600,N
12421,1,6,2,0,0,4,0,29-01901,N
852,2,6,1,1,8,10,0,06-08507,11
12655,2,1,1,1,2,5,0,29-01901,N
19481,2,2,3,2,4,5,0,38-00100,11
12325,1,3,2,1,2,6,0,28-01100,16
2164,1,1,1,1,2,10,0,06-08507,10
18575,2,1,1,2,2,6,0,38-00100,6
1525,2,1,1,1,7,7,0,06-08507,10
19299,2,1,1,1,6,5,0,38-00100,6
14112,1,5,3,1,1,5,0,30-00600,N
6914,2,6,2,2,4,7,0,17-03529,12
12094,2,4,1,1,8,7,0,28-01100,N
9500,2,1,1,1,7,10,0,24-01004,11
17896,2,3,1,2,2,3,0,38-00100,N
11796,2,6,2,2,2,4,0,28-01100,6
21817,1,1,1,1,9,9,0,51-01301,16
3060,2,6,1,2,2,7,0,08-00803,10
12585,1,4,2,2,3,5,0,29-01901,14
4776,2,6,2,1,5,10,0,13-04600,11
24871,1,N,2,0,N,3,0,13-04600,N
20213,1,3,1,2,3,4,0,40-00200,N
2942,2,6,6,0,1,9,0,08-00803,11
15605,1,6,1,2,3,7,1,32-00405,10
19625,2,3,1,0,4,5,0,40-00200,N
13880,2,1,1,1,1,5,0,30-00600,N
7729,2,6,1,1,0,5,0,19-01700,14
23885,2,N,9,2,N,2,0,06-07502,N
12382,1,4,1,0,0,7,0,29-01901,14
3626,1,6,1,1,0,4,0,08-00803,N
16004,1,6,2,0,3,4,0,36-03710,3
12750,2,6,1,1,2,7,0,29-01901,6
22210,1,6,1,2,9,12,0,51-51255,11
13970,1,6,1,1,8,5,0,30-00600,3
13013,1,1,1,1,9,10,0,29-01901,12
20168,2,2,1,1,7,9,0,40-00200,9
18384,1,1,9,2,6,5,1,38-00100,3
16913,2,1,2,2,1,8,4,36-03710,12
8503,1,1,1,1,2,11,0,24-01004,10
11446,1,6,2,0,0,7,0,28-01100,N
14507,2,1,3,1,0,5,0,30-00600,14
18574,1,1,1,2,9,10,0,38-00100,5
15366,1,6,1,2,5,5,1,32-00405,15
15930,1,6,1,0,0,4,0,36-03710,N
1692,1,1,6,2,9,10,0,06-08507,4
13114,2,1,2,2,0,5,0,29-01901,N
11091,1,1,1,1,9,9,0,26-02702,11
21716,2,1,1,1,9,10,4,51-01301,10
16477,2,3,2,1,6,5,0,36-04010,N
5367,2,4,2,2,0,4,0,17-03529,N
7650,2,3,1,1,6,9,0,19-01700,N
4489,1,6,2,2,2,5,0,13-04600,13
22618,2,1,1,1,2,7,0,51-51255,N
23528,1,N,2,1,N,3,4,36-04010,N
12441,1,6,2,0,0,3,0,29-01901,18
6109,2,6,2,2,2,4,0,17-03529,14
20838,2,6,1,2,1,7,0,51-51255,6
17966,2,6,1,1,7,8,0,38-00100,12
323,1,1,2,1,2,6,0,01-01301,3
7672,1,6,1,1,2,5,0,19-01700,14
2544,2,1,1,1,7,9,0,06-07502,11
13915,2,1,1,1,0,7,0,30-00600,0
19862,1,6,9,1,0,4,0,40-00200,N
20336,2,1,1,1,9,9,0,40-00200,9
20091,2,1,1,1,5,7,0,40-00200,11
731,2,1,6,1,4,9,0,06-08507,8
17414,1,6,8,2,0,5,4,36-03710,N
7648,1,1,1,1,4,5,0,19-01700,N
4619,2,1,1,1,4,11,0,13-04600,N
679,1,6,2,0,2,7,0,06-07502,N
20330,1,6,1,1,7,7,0,40-00200,4
27251,1,N,1,2,N,2,0,30-00600,N
11667,2,1,2,1,6,8,0,28-01100,12
354,2,1,1,2,0,6,0,01-01301,14
26951,1,N,1,1,N,3,0,30-00600,N
8580,2,4,1,1,9,10,0,24-01004,12
11149,1,1,1,1,8,10,2,26-02702,15
21756,1,6,1,2,9,9,4,51-01301,5
26687,2,N,2,2,N,N,0,28-01100,N
12779,1,6,2,1,7,9,0,29-01901,13
16781,2,2,2,2,0,6,0,36-03710,N
21253,2,6,6,2,7,9,0,51-51255,14
8012,1,6,1,1,6,5,1,19-01700,3
14043,1,1,1,1,9,5,0,30-00600,3
13452,2,6,1,1,7,10,0,30-00600,11
10597,2,6,1,0,3,7,0,26-02702,6
4079,1,6,1,0,0,7,0,13-04600,N
2701,1,6,1,1,0,7,0,06-08507,3
16730,1,6,2,1,6,7,0,36-04010,7
21714,2,6,2,1,8,9,0,51-51255,9
9631,1,2,1,2,5,8,4,24-01004,3
15545,1,6,1,2,0,9,0,32-00405,N
11339,1,1,1,2,5,7,4,26-02702,12
20223,2,6,3,1,5,5,0,40-00200,13
16722,1,3,2,1,4,5,0,36-03710,6
1616,1,2,6,1,0,9,0,06-08507,N
2541,1,1,6,1,9,9,0,06-07502,8
22297,1,6,1,2,6,10,0,51-51255,11
8073,1,1,1,1,7,7,0,19-01700,N
24678,1,N,3,1,N,3,0,40-00200,N
6173,2,1,2,1,7,7,0,17-03531,9
17770,2,2,1,0,1,5,0,38-00100,N
4344,2,6,2,2,2,7,0,13-04600,N
5309,1,6,2,2,5,7,0,17-03529,14
21807,2,4,1,1,9,10,0,51-01301,16
17396,2,3,2,2,4,3,0,36-04010,15
8709,2,1,1,1,2,11,0,24-01004,10
23161,1,N,2,2,N,2,0,32-00405,N
241,1,6,2,1,7,5,0,01-01301,4
2398,2,1,1,2,0,12,0,06-08507,N
7828,2,6,1,1,7,10,0,19-01700,N
810,1,6,1,2,9,9,0,06-07502,8
11275,1,1,2,2,9,10,0,26-02702,10
317,2,1,2,2,2,5,0,01-01301,N
19140,2,6,1,1,0,4,0,38-00100,N
25117,1,N,2,1,N,2,0,17-03529,N
19917,2,6,1,1,0,4,1,40-00200,N
7374,2,3,1,1,5,7,0,19-01700,N
18056,2,1,1,1,0,8,0,38-00100,10
20390,1,1,3,1,3,4,0,40-00200,N
4988,1,4,2,1,9,12,0,13-04600,10
8652,1,1,1,2,8,7,4,24-01004,9
11385,2,6,2,0,0,7,0,28-01100,N
4396,1,1,2,1,5,7,0,13-04600,10
4288,1,6,2,0,0,7,0,13-04600,N
26647,1,N,1,1,N,N,0,28-01100,N
12068,2,1,1,1,9,9,0,28-01100,10
18695,2,3,1,2,5,5,0,38-00100,N
12912,2,1,2,2,2,5,0,29-01901,N
14408,2,1,1,1,2,7,0,30-00600,N
20047,2,1,3,1,2,10,0,40-00200,N
9623,1,1,1,1,9,12,0,24-01004,8
17114,2,4,2,2,2,4,0,36-04010,N
24955,2,N,2,2,N,3,0,13-04600,N
8129,2,1,1,1,6,10,0,19-01700,16
1176,1,6,1,2,6,10,0,06-07502,9
24161,1,N,1,1,N,N,0,38-00100,N
1358,2,3,7,1,7,5,0,06-08507,7
1251,2,1,6,1,0,10,0,06-08507,N
6135,2,3,2,1,3,6,0,17-03531,N
10170,2,6,1,1,6,10,0,24-01004,3
22449,1,6,1,1,0,4,0,51-51255,N
16868,1,4,2,2,6,7,0,36-04010,12
6471,2,6,2,2,0,5,0,17-03529,N
24761,1,N,3,1,N,3,0,40-00200,N
324,2,1,2,1,5,5,0,01-01301,11
8601,2,1,1,1,0,11,0,24-01004,N
22554,1,1,1,1,7,5,0,51-51255,7
22748,2,1,1,1,3,7,0,51-51255,10
25463,2,N,1,1,N,3,0,19-01700,N
5389,1,2,9,1,4,3,0,17-03529,4
12009,1,1,2,2,2,7,0,28-01100,N
23381,2,N,2,1,N,2,0,01-01301,N
2985,2,6,1,0,1,7,1,08-00803,8
15635,1,6,8,1,6,5,4,32-00405,14
5097,1,6,2,2,0,4,0,13-04600,N
7695,1,5,1,1,1,4,0,19-01700,N
13683,2,1,1,1,3,7,0,30-00600,14
18339,2,6,3,1,3,4,0,38-00100,11
26991,1,N,1,1,N,3,0,30-00600,N
21396,2,1,6,1,8,7,0,51-01301,10
11473,1,1,2,2,7,10,0,28-01100,11
2039,1,6,1,2,9,9,0,06-07502,8
3078,2,3,1,1,5,10,0,08-00803,N
8166,1,1,1,1,9,7,0,19-01700,6
11898,2,4,2,1,9,10,0,28-01100,15
14081,2,3,1,1,4,5,0,30-00600,N
5584,2,6,2,2,3,3,0,17-03529,N
9693,2,1,6,1,6,10,0,24-01004,15
2226,2,1,1,1,9,9,4,06-08507,10
5022,2,6,2,1,3,5,0,13-04600,N
25052,2,N,2,1,N,2,0,17-03529,N
8531,2,1,1,1,9,12,0,24-01004,10
21608,1,6,1,1,7,9,4,51-51255,6
24686,1,N,1,1,N,1,0,40-00200,N
14629,1,1,1,1,8,8,0,30-00600,4
22867,2,2,9,2,9,10,0,51-01301,16
21855,2,1,1,1,8,10,0,51-01301,16
25088,2,N,8,2,N,3,4,17-03529,N
22877,2,6,1,1,1,5,0,51-51255,14
15258,2,3,8,2,2,3,1,32-00405,N
1843,2,1,6,1,0,9,0,06-08507,10
25183,2,N,2,1,N,3,0,17-03529,N
18294,1,1,1,1,8,6,0,38-00100,6
24202,2,N,1,1,N,1,0,38-00100,N
20741,2,6,1,2,4,9,4,51-51255,10
20452,2,1,1,2,6,7,0,40-00200,12
22117,2,6,1,2,7,9,0,51-51255,12
18535,1,1,1,1,8,8,0,38-00100,6
19031,2,1,1,1,6,7,0,38-00100,10
11605,1,6,2,1,4,7,0,28-01100,12
21057,2,1,1,1,9,9,0,51-01301,9
10499,1,6,1,0,6,7,0,26-02702,9
15095,2,4,1,2,6,5,0,32-00405,N
25924,1,N,1,1,N,N,0,51-51255,N
14659,2,1,3,1,0,7,0,30-00600,N
15033,2,4,1,2,3,5,0,32-00405,15
16391,2,6,2,2,3,5,0,36-04010,N
1933,2,3,6,2,3,3,0,06-07502,N
7367,1,4,1,2,3,5,0,19-01700,10
10834,1,1,1,1,7,5,0,26-02702,N
16034,1,6,6,0,0,5,0,36-03710,4
15015,2,4,9,1,6,7,0,32-00405,N
20110,1,1,1,1,6,5,0,40-00200,16
14511,1,4,1,1,5,5,0,30-00600,3
2332,1,1,8,2,6,9,4,06-07502,14
6900,2,2,2,2,0,11,0,17-03529,N
18326,2,1,1,1,6,10,0,38-00100,10
674,1,6,6,0,1,5,0,06-07502,N
27248,2,N,3,2,N,2,0,30-00600,N
14025,1,3,1,1,9,7,0,30-00600,N
1617,2,2,6,1,0,9,0,06-08507,N
201,1,1,2,1,4,7,0,01-01301,N
23179,1,N,9,1,N,1,1,32-00405,N
5433,1,1,2,1,8,9,0,17-03531,2
10857,1,6,1,2,1,9,1,26-02702,11
7058,1,6,2,2,2,7,0,17-03531,18
6777,2,3,2,1,0,9,0,17-03531,N
18377,2,6,1,1,2,7,0,38-00100,14
4037,1,6,1,2,8,7,0,08-00803,10
26239,1,N,1,1,N,3,0,24-01004,N
24622,1,N,1,1,N,3,0,08-00803,N
12754,2,1,2,1,2,4,0,29-01901,14
2483,2,5,1,2,1,9,1,06-08507,15
5832,2,3,2,2,4,7,0,17-03531,15
907,1,6,1,2,9,11,0,06-07502,10
20626,1,6,1,1,3,6,0,40-00200,12
3003,2,6,1,0,0,7,0,08-00803,N
14086,2,3,5,2,3,5,0,30-00600,N
24293,2,N,1,1,N,N,0,38-00100,N
25446,2,N,1,1,N,2,0,19-01700,N
10400,2,6,1,2,6,7,0,24-01004,6
4783,2,6,1,2,5,9,4,13-04600,11
24747,1,N,3,1,N,1,0,40-00200,N
15217,1,5,2,2,2,4,0,32-00405,N
15767,1,6,1,2,5,6,0,32-00405,3
14454,1,6,1,1,0,4,0,30-00600,N
13955,2,4,1,1,3,9,0,30-00600,14
10329,2,1,1,1,9,10,0,24-01004,16
20296,1,1,1,1,6,5,0,40-00200,4
8982,2,6,6,1,1,4,0,24-01004,10
7694,1,1,1,1,2,5,0,19-01700,N
16890,2,1,2,1,7,9,0,36-04010,11
19239,2,6,1,1,0,7,0,38-00100,12
12244,1,1,2,1,0,7,0,28-01100,18
1731,1,6,6,1,0,4,0,06-08507,N
12521,2,6,2,2,1,5,0,29-01901,12
2093,2,1,6,1,0,9,0,06-08507,N
20674,1,2,6,0,7,10,0,51-51255,6
6823,1,6,2,2,0,4,0,17-03529,N
21967,1,2,6,2,7,9,0,51-01301,10
19597,1,6,1,0,0,7,0,40-00200,11
18567,2,1,1,1,5,8,0,38-00100,12
13652,1,1,1,1,9,5,0,30-00600,1
3900,2,1,1,1,9,11,0,08-00803,12
6692,1,6,1,1,9,9,0,17-03529,4
23180,1,N,3,2,N,1,1,32-00405,N
25262,1,N,1,1,N,2,0,17-03529,N
13989,2,3,1,1,3,5,0,30-00600,6
18278,1,6,1,1,0,3,0,38-00100,4
19821,2,1,1,1,6,5,0,40-00200,9
1043,2,6,6,2,2,5,0,06-07502,12
17880,2,1,1,1,8,9,0,38-00100,11
11837,2,4,2,1,6,7,0,28-01100,N
23324,2,N,2,2,N,3,0,01-01301,N
22441,1,1,1,1,8,12,0,51-01301,12
7144,2,6,2,1,2,7,0,17-03531,7
10832,2,6,1,1,5,11,0,26-02702,12
6054,1,6,2,2,0,4,0,17-03531,N
17169,1,6,1,2,7,9,0,36-03710,15
12830,1,6,1,1,2,4,1,29-01901,14
16961,2,1,2,2,0,9,0,36-04010,N
20361,1,6,9,2,2,5,0,40-00200,14
19550,2,4,1,1,2,6,0,38-00100,6
20462,1,4,1,1,3,7,0,40-00200,16
10540,1,6,2,0,2,6,0,26-02702,N
12909,2,6,1,2,8,9,0,29-01901,12
13487,1,1,1,1,7,5,0,30-00600,4
13347,2,1,3,2,1,8,0,30-00600,12
25585,1,N,6,1,N,N,0,51-51255,N
11451,2,6,2,1,1,4,0,28-01100,14
5196,2,6,1,0,0,7,0,17-03529,N
21294,1,1,1,1,9,10,0,51-51255,9
25266,1,N,1,2,N,3,0,17-03529,N
441,1,1,2,1,9,10,0,01-01301,N
24295,1,N,1,1,N,3,0,38-00100,N
10384,2,1,1,1,8,11,0,24-01004,9
21359,2,1,1,1,6,10,0,51-01301,N
13075,1,4,2,1,2,7,0,29-01901,N
2956,2,6,1,0,1,5,0,08-00803,14
11488,2,6,2,1,5,10,0,28-01100,14
2619,2,6,1,2,7,9,0,06-07502,11
2328,1,1,1,1,9,9,0,06-08507,N
20224,1,2,3,1,8,6,0,40-00200,11
49,1,6,2,0,5,9,0,01-01301,N
26159,1,N,1,1,N,3,0,24-01004,N
23616,2,N,2,2,N,N,0,36-04010,N
11479,1,1,2,2,7,9,0,28-01100,14
6257,2,6,2,1,2,4,0,17-03531,6
17257,2,1,2,2,8,10,0,36-04010,12
25314,1,N,2,2,N,3,0,17-03529,N
24091,2,N,1,1,N,3,0,06-08507,N
23044,1,N,1,2,N,N,1,32-00405,N
22832,1,1,1,2,9,10,0,51-01301,10
25032,1,N,1,1,N,N,4,17-03529,N
26138,1,N,1,1,N,4,0,24-01004,N
12918,1,6,2,2,8,5,0,29-01901,7
11586,1,6,2,1,2,4,0,28-01100,N
26746,2,N,1,1,N,3,0,28-01100,N
5119,1,4,1,1,9,8,4,13-04600,10
5436,1,4,2,2,1,6,0,17-03529,N
12704,2,6,2,2,1,7,0,29-01901,13
3666,2,2,1,2,9,10,0,08-00803,10
5292,1,1,2,1,7,9,0,17-03529,7
7998,2,1,1,1,8,10,0,19-01700,11
6090,2,1,2,1,7,8,0,17-03531,8
18258,1,1,1,2,6,10,0,38-00100,11
7353,2,6,1,2,2,5,0,19-01700,N
17287,1,5,2,2,6,7,0,36-04010,12
8897,1,6,1,1,1,4,0,24-01004,11
9808,1,1,1,2,3,9,4,24-01004,14
12005,1,4,2,1,0,6,0,28-01100,N
17245,2,4,8,2,2,4,4,36-03710,N
11157,1,1,1,1,7,11,0,26-02702,11
2633,2,6,1,2,9,9,0,06-07502,9
6134,2,6,2,2,5,9,0,17-03531,12
8673,1,6,1,1,7,9,0,24-01004,16
17651,2,6,2,2,3,7,0,36-04010,12
11863,2,1,2,1,6,4,0,28-01100,10
14,2,6,1,0,0,7,0,01-01301,N
3040,2,6,1,2,1,9,0,08-00803,16
7138,1,5,2,1,0,5,0,17-03531,3
13612,2,1,3,1,7,8,0,30-00600,12
7022,1,6,2,2,2,6,0,17-03529,3
11309,2,6,1,2,7,9,0,26-02702,12
13539,2,1,1,1,4,5,0,30-00600,7
12218,1,1,1,1,8,9,0,28-01100,3
4235,1,6,1,0,0,7,0,13-04600,N
7027,2,6,2,2,0,5,0,17-03529,14
20954,1,6,1,1,9,9,0,51-01301,4
22943,2,1,1,1,8,9,0,51-51255,10
8634,2,1,1,1,9,10,0,24-01004,12
14202,2,1,1,1,1,6,0,30-00600,N
24476,2,N,1,1,N,3,0,38-00100,N
11148,2,1,1,1,8,10,0,26-02702,11
12204,1,1,1,1,9,9,0,28-01100,10
13614,1,4,1,2,6,9,0,30-00600,0
8099,2,6,1,1,0,4,0,19-01700,18
27164,1,N,1,1,N,3,0,30-00600,N
23809,1,N,6,2,N,2,0,06-07502,N
5487,2,4,2,1,6,7,0,17-03531,7
11051,1,1,1,1,9,12,0,26-02702,10
10678,1,6,6,2,8,7,0,26-02702,N
17058,1,1,8,2,3,3,2,36-03710,N
4298,1,1,2,2,0,7,0,13-04600,5
14069,2,4,7,1,4,3,0,30-00600,N
17351,1,1,2,1,7,7,0,36-04010,3
1469,2,1,6,1,9,10,0,06-08507,4
24425,2,N,1,1,N,3,0,38-00100,N
26187,2,N,1,1,N,3,0,24-01004,N
16413,1,6,2,2,2,4,0,36-03710,10
22851,2,1,1,1,9,9,0,51-51255,10
6452,1,3,2,2,3,8,0,17-03529,N
8454,2,1,1,1,8,9,0,24-01004,10
794,2,1,1,2,8,12,0,06-08507,11
24388,1,N,1,1,N,3,0,38-00100,N
18918,2,1,1,1,0,9,0,38-00100,N
5877,1,6,1,2,0,7,0,17-03531,18
17069,1,6,2,2,8,9,4,36-03710,12
24798,1,N,1,1,N,2,1,40-00200,N
22654,1,1,1,1,9,11,0,51-51255,10
10284,1,2,2,1,4,8,0,24-01004,7
15156,2,6,8,2,2,3,1,32-00405,9
21278,1,1,1,1,9,10,0,51-51255,10
12138,2,3,2,1,3,7,0,28-01100,N
24383,2,N,1,2,N,3,0,38-00100,N
20177,1,3,1,1,4,5,0,40-00200,N
12021,2,1,1,1,9,10,0,28-01100,12
11343,2,6,2,0,0,7,0,28-01100,N
20527,1,2,1,1,2,4,0,40-00200,N
2858,2,6,1,0,1,7,4,08-00803,6
7684,2,4,1,1,3,6,0,19-01700,N
18211,2,4,1,1,9,9,0,38-00100,10
11599,2,1,1,1,8,11,0,28-01100,12
16751,1,6,2,2,0,5,0,36-03710,N
25406,2,N,1,2,N,1,1,19-01700,N
17433,1,6,6,2,5,10,0,36-04010,16
12327,2,1,1,2,5,9,4,28-01100,11
12952,1,6,2,1,1,3,0,29-01901,6
23121,1,N,1,2,N,N,4,32-00405,N
20433,2,1,3,1,3,4,0,40-00200,N
21099,2,1,1,1,8,9,0,51-51255,10
23639,2,N,1,2,N,3,2,36-04010,N
15700,1,6,1,1,2,5,1,32-00405,11
15744,1,6,2,2,8,8,0,32-00405,14
24133,1,N,6,1,N,3,0,38-00100,N
1394,1,1,6,2,8,8,0,06-07502,14
15214,2,4,2,2,4,4,3,32-00405,12
16532,2,2,2,1,3,7,0,36-04010,12
1800,2,1,6,1,0,9,0,06-08507,N
16156,2,4,2,2,5,5,0,36-04010,11
21939,2,4,2,1,6,11,0,51-51255,12
12312,1,6,2,1,0,5,0,28-01100,N
5640,2,1,2,1,0,6,0,17-03529,N
1713,1,1,6,1,9,10,0,06-08507,N
9561,2,6,1,1,8,12,0,24-01004,10
10213,2,1,2,2,1,9,0,24-01004,8
3432,2,6,1,1,2,5,1,08-00803,10
13767,1,1,1,1,9,11,0,30-00600,12
21796,1,1,2,2,4,9,0,51-51255,16
26194,1,N,1,1,N,N,0,24-01004,N
6230,2,1,2,1,5,7,0,17-03529,12
12530,2,6,2,1,5,7,0,29-01901,16
11982,2,1,1,1,6,5,0,28-01100,15
5471,1,6,1,2,6,10,0,17-03529,4
19691,2,4,3,1,7,7,0,40-00200,4
9439,1,1,1,1,8,9,0,24-01004,N
23069,1,N,8,2,N,3,1,32-00405,N
17762,2,6,1,0,0,6,0,38-00100,4
9158,2,1,1,1,9,12,0,24-01004,16
10306,2,1,6,1,9,9,0,24-01004,10
8710,1,1,1,1,9,11,0,24-01004,12
7990,1,4,8,2,3,1,1,19-01700,14
15457,1,2,6,1,2,4,0,32-00405,14
19960,1,6,1,1,5,10,0,40-00200,13
17626,2,6,2,1,3,5,0,36-04010,N
4670,2,3,2,1,4,7,0,13-04600,N
2960,2,6,1,0,0,7,0,08-00803,N
9788,1,1,1,2,9,7,0,24-01004,10
23897,1,N,1,1,N,N,0,06-07502,N
11315,2,1,1,1,3,9,4,26-02702,10
20130,1,6,1,2,0,4,0,40-00200,N
10178,2,4,1,1,7,9,4,24-01004,N
25750,2,N,1,1,N,N,0,51-01301,N
21826,2,6,1,2,7,10,0,51-51255,11
4531,2,1,1,2,0,7,0,13-04600,N
12035,2,3,2,2,2,7,0,28-01100,N
16801,1,1,1,2,3,11,4,36-04010,14
17934,1,6,3,1,1,4,0,38-00100,6
14474,1,1,1,1,9,5,0,30-00600,1
26818,2,N,2,1,N,2,0,29-01901,N
22039,1,1,1,1,4,8,0,51-01301,N
16662,1,1,2,1,8,7,0,36-04010,3
924,2,3,6,1,3,5,0,06-08507,N
26541,1,N,1,1,N,1,0,26-02702,N
24494,2,N,1,2,N,3,1,38-00100,N
15740,2,6,1,2,2,3,2,32-00405,N
21528,2,1,1,1,8,8,0,51-51255,10
3993,1,1,1,1,7,9,0,08-00803,8
14115,1,1,9,1,6,6,0,30-00600,2
14781,2,6,1,2,3,7,0,30-00600,12
14312,1,1,1,1,7,9,0,30-00600,0
15205,1,1,3,1,5,4,1,32-00405,4
18797,1,6,9,1,0,4,4,38-00100,N
10485,2,6,2,0,2,7,0,26-02702,11
3495,2,6,1,2,3,9,0,08-00803,N
7440,2,1,1,1,4,10,0,19-01700,10
7909,2,6,1,1,3,9,0,19-01700,11
591,2,6,2,1,6,7,0,01-01301,10
13073,1,2,2,1,8,4,0,29-01901,2
17035,2,1,2,2,7,9,0,36-04010,12
6585,2,6,2,1,7,9,0,17-03531,9
7041,2,3,2,1,3,7,0,17-03529,N
2196,2,2,8,1,6,7,4,06-08507,12
1700,2,1,1,1,8,9,0,06-08507,6
6796,2,4,2,2,2,4,0,17-03529,N
16051,1,2,1,0,0,5,0,36-03710,N
23774,1,N,6,1,N,3,0,06-08507,N
211,2,4,2,1,5,8,0,01-01301,7
5396,2,6,2,2,2,10,0,17-03529,11
7411,2,1,1,1,2,9,0,19-01700,N
17223,2,6,2,2,4,4,2,36-03710,6
7312,1,3,1,0,2,5,0,19-01700,N
16194,2,6,1,2,5,9,0,36-04010,14
22932,1,1,9,1,8,9,0,51-51255,16
19766,2,1,3,2,0,4,0,40-00200,15
24336,2,N,1,1,N,2,0,38-00100,N
6188,2,6,6,2,1,10,0,17-03529,14
24876,2,N,2,2,N,1,0,13-04600,N
2369,2,4,1,1,6,9,0,06-08507,10
22023,1,1,1,1,7,10,0,51-51255,10
19201,2,1,8,1,1,3,1,38-00100,N
1425,1,2,6,1,0,9,0,06-08507,N
1373,2,1,1,1,2,9,0,06-07502,N
14959,1,4,2,1,4,8,0,32-00405,7
25762,2,N,1,2,N,3,4,51-51255,N
23547,2,N,2,1,N,3,1,36-04010,N
9406,2,6,1,2,4,5,0,24-01004,4
2308,1,2,1,2,9,9,0,06-07502,N
2594,1,6,1,2,9,9,0,06-07502,10
13600,2,3,1,1,2,7,0,30-00600,N
4101,2,6,2,0,0,7,0,13-04600,N
5056,1,6,2,1,9,8,0,13-04600,10
23729,2,N,2,2,N,3,0,36-04010,N
10672,2,6,1,1,4,5,0,26-02702,15
11273,1,6,1,1,1,11,0,26-02702,N
15459,1,4,6,1,5,9,0,32-00405,14
12095,2,3,1,1,7,9,0,28-01100,N
23618,2,N,1,2,N,3,0,36-04010,N
1779,1,3,6,1,0,9,0,06-08507,4
17596,2,6,2,1,0,7,0,36-04010,N
20880,1,6,1,2,7,9,0,51-01301,10
26386,1,N,1,1,N,3,0,24-01004,N
5766,2,4,2,2,2,5,0,17-03529,N
22434,1,1,1,1,9,9,0,51-51255,10
19459,1,6,1,1,9,9,0,38-00100,0
10299,1,1,2,2,8,10,0,24-01004,10
21934,2,1,1,2,7,10,0,51-51255,14
7047,2,6,2,1,5,7,0,17-03529,6
21568,1,1,1,1,7,11,0,51-51255,10
13245,2,6,2,1,4,5,0,29-01901,4
6179,2,6,2,2,3,7,0,17-03531,15
11050,2,6,1,2,1,9,0,26-02702,11
21940,2,4,2,1,4,7,0,51-51255,13
24829,1,N,1,1,N,3,0,40-00200,N
23766,2,N,1,2,N,N,0,06-07502,N
6933,2,6,2,1,8,11,0,17-03529,7
18687,1,1,1,1,6,8,0,38-00100,5
6465,2,3,2,2,2,3,0,17-03531,N
7332,2,1,1,1,3,5,2,19-01700,N
10105,2,1,1,1,9,10,0,24-01004,16
17352,2,6,2,1,1,9,0,36-04010,11
15082,2,6,8,2,5,1,1,32-00405,10
16556,1,2,2,2,5,8,0,36-04010,7
25918,2,N,1,1,N,N,0,51-01301,N
3421,1,1,1,1,6,5,0,08-00803,3
26481,1,N,8,1,N,3,4,24-01004,N
22264,2,1,1,2,0,10,0,51-01301,12
20014,1,1,1,1,9,5,0,40-00200,5
4595,2,6,1,2,5,9,0,13-04600,8
21459,2,6,1,2,8,10,0,51-01301,16
27215,1,N,3,2,N,3,0,30-00600,N
15321,1,4,1,1,2,6,0,32-00405,9
14651,1,6,3,1,0,4,0,30-00600,N
7270,1,2,1,0,6,6,0,19-01700,N
5691,2,1,2,1,4,9,0,17-03529,15
14615,2,1,1,1,9,7,0,30-00600,N
12483,1,4,2,2,1,4,0,29-01901,N
6005,1,2,2,1,6,6,0,17-03531,2
14117,1,3,1,1,5,7,0,30-00600,0
21108,2,1,6,1,5,5,0,51-01301,14
24364,2,N,1,1,N,N,0,38-00100,N
3217,2,6,1,2,4,9,0,08-00803,11
8161,1,1,1,1,8,7,0,19-01700,7
23103,1,N,1,2,N,3,1,32-00405,N
8947,2,6,1,1,1,4,0,24-01004,15
16365,1,6,2,2,0,7,4,36-03710,N
952,1,1,6,1,9,9,0,06-08507,4
17363,1,6,8,2,8,9,1,36-03710,5
14639,2,2,1,1,2,6,0,30-00600,N
12642,2,6,2,1,0,4,0,29-01901,N
24505,2,N,5,1,N,1,0,38-00100,N
3946,2,6,1,2,1,9,0,08-00803,11
8835,1,1,1,1,9,10,0,24-01004,9
11192,1,1,1,1,0,7,0,26-02702,N
14935,1,6,1,2,7,7,0,32-00405,15
24804,2,N,1,1,N,3,0,40-00200,N
13808,2,1,1,1,7,10,0,30-00600,N
22839,2,1,1,1,1,5,0,51-01301,N
6085,1,1,6,1,1,5,0,17-03529,N
10586,2,6,6,0,3,7,0,26-02702,14
13853,2,4,1,2,3,6,0,30-00600,7
26080,1,N,1,1,N,3,4,24-01004,N
21728,2,6,1,2,5,10,0,51-01301,10
12309,2,1,2,1,3,1,0,28-01100,N
5728,2,1,2,1,4,8,0,17-03531,N
4851,2,2,6,1,4,4,0,13-04600,15
13664,1,6,1,1,7,9,0,30-00600,N
24437,1,N,8,2,N,3,1,38-00100,N
3037,1,6,1,2,3,7,0,08-00803,6
22718,1,1,6,1,3,3,4,51-51255,14
2702,2,6,1,2,9,9,0,06-07502,9
26793,2,N,2,1,N,3,0,29-01901,N
14224,2,6,3,1,5,8,0,30-00600,16
23385,1,N,2,1,N,3,0,01-01301,N
22222,1,1,1,1,9,11,0,51-51255,10
16595,2,6,1,2,2,4,2,36-03710,18
3471,1,1,1,1,9,9,0,08-00803,10
6137,2,2,1,1,3,4,0,17-03529,15
13060,2,6,1,2,3,5,0,29-01901,14
25148,1,N,6,2,N,1,0,17-03529,N
8314,2,4,1,2,6,7,0,19-01700,9
15161,2,6,1,2,2,5,0,32-00405,N
13383,1,6,1,1,0,4,0,30-00600,N
1226,2,1,6,1,0,10,0,06-08507,N
6875,2,6,2,2,6,9,0,17-03529,N
4653,1,1,8,1,2,3,1,13-04600,9
17087,2,6,8,1,7,9,4,36-03710,12
16231,2,1,8,2,2,4,4,36-03710,N
19115,1,1,1,1,9,8,0,38-00100,10
26884,2,N,9,1,N,3,0,30-00600,N
18289,1,5,1,1,9,8,0,38-00100,16
20899,1,6,1,2,7,11,0,51-01301,10
17135,2,2,2,2,4,8,0,36-04010,13
22272,2,6,1,2,7,9,0,51-51255,12
1771,2,1,6,1,8,8,0,06-08507,4
27073,2,N,1,1,N,3,0,30-00600,N
22381,1,1,1,1,9,11,4,51-01301,10
24609,1,N,1,2,N,3,0,08-00803,N
19001,2,4,3,1,1,6,0,38-00100,N
3160,2,1,1,2,4,11,0,08-00803,13
8540,2,3,1,2,3,5,0,24-01004,N
23597,1,N,1,2,N,3,1,36-03710,N
10579,1,6,6,0,8,12,0,26-02702,11
5050,2,6,2,2,4,8,0,13-04600,10
12140,1,6,1,1,9,9,0,28-01100,9
25849,2,N,1,1,N,N,0,51-51255,N
2480,1,6,6,2,2,9,0,06-07502,10
14064,2,1,3,1,5,7,0,30-00600,11
6239,1,1,1,1,9,10,0,17-03529,10
11274,2,1,1,2,9,12,0,26-02702,15
21793,1,6,2,1,4,5,0,51-01301,6
21266,1,1,9,2,6,9,0,51-51255,10
20153,2,1,1,1,5,7,0,40-00200,9
14734,1,1,1,1,8,7,0,30-00600,10
22826,2,4,1,2,8,7,0,51-51255,14
15067,2,2,1,2,0,9,4,32-00405,N
6425,2,1,2,1,7,10,0,17-03529,N
15016,2,6,9,1,4,7,1,32-00405,16
116,1,1,2,1,6,9,0,01-01301,16
5985,2,6,2,2,1,5,0,17-03529,N
12755,2,6,2,1,6,7,0,29-01901,N
7960,2,4,1,1,1,7,0,19-01700,6
11082,2,1,2,1,8,10,0,26-02702,11
4007,1,6,1,2,4,7,4,08-00803,6
2723,2,6,1,2,7,9,1,06-07502,6
9485,1,1,1,1,9,11,0,24-01004,10
802,1,4,7,2,0,5,0,06-07502,N
6606,2,6,2,2,2,7,2,17-03529,14
8812,2,1,1,2,9,11,0,24-01004,11
17484,2,1,8,2,6,9,4,36-03710,11
26274,2,N,1,1,N,N,0,24-01004,N
4828,2,6,2,2,3,4,0,13-04600,10
25875,2,N,9,1,N,N,0,51-51255,N
11365,2,6,1,0,0,7,0,28-01100,N
1703,1,6,1,2,1,10,0,06-07502,10
26555,1,N,1,1,N,N,0,26-02702,N
826,1,1,6,1,8,10,0,06-08507,N
21091,2,4,1,1,9,10,0,51-01301,12
5251,2,6,1,0,1,7,0,17-03529,6
17925,2,1,1,1,6,5,0,38-00100,1
9017,2,1,1,2,4,9,0,24-01004,11
14740,2,1,1,1,0,4,0,30-00600,N
21755,2,6,1,1,4,9,0,51-51255,11
18388,1,4,1,1,5,7,0,38-00100,7
13304,2,6,3,2,1,7,0,30-00600,13
18107,1,6,1,1,0,4,0,38-00100,N
9459,1,3,1,1,8,9,0,24-01004,N
23524,2,N,8,2,N,1,4,36-03710,N
1420,1,6,1,1,0,4,0,06-08507,N
8338,1,1,1,1,9,11,0,19-01700,16
24068,2,N,1,2,N,2,0,06-08507,N
26054,2,N,1,1,N,3,0,24-01004,N
17373,2,5,2,2,2,8,0,36-04010,12
17050,1,6,1,2,8,5,1,36-03710,3
2910,2,6,1,0,0,7,1,08-00803,N
9167,2,1,1,1,9,10,0,24-01004,13
26619,2,N,2,2,N,3,0,28-01100,N
11609,2,6,2,2,5,9,0,28-01100,10
24422,1,N,1,1,N,3,0,38-00100,N
8571,1,6,6,1,1,7,0,24-01004,14
22494,1,1,1,1,3,12,0,51-51255,N
20415,1,3,3,1,4,5,0,40-00200,N
18419,2,3,1,1,2,3,0,38-00100,N
4812,2,1,1,1,7,12,0,13-04600,11
19272,2,1,1,1,6,7,0,38-00100,13
7098,2,4,2,2,5,7,0,17-03529,11
23577,1,N,2,2,N,3,0,36-04010,N
22645,2,4,1,1,9,10,0,51-01301,11
18545,2,3,1,2,4,7,0,38-00100,N
25871,2,N,1,1,N,3,0,51-51255,N
20801,1,4,1,1,7,9,0,51-01301,10
23580,2,N,2,2,N,3,2,36-03710,N
11777,1,6,1,1,9,10,0,28-01100,13
17371,2,6,1,2,5,7,4,36-03710,13
11005,2,6,1,2,5,7,0,26-02702,14
9160,2,1,1,2,8,10,0,24-01004,11
18770,2,3,1,1,3,4,0,38-00100,N
5795,1,1,2,1,4,4,0,17-03531,N
1587,1,1,1,1,9,10,0,06-08507,5
7716,1,1,1,1,9,9,0,19-01700,10
4651,1,1,1,1,0,7,0,13-04600,N
14835,2,6,1,1,5,5,0,30-00600,9
13681,2,1,1,1,9,5,0,30-00600,16
26258,2,N,2,1,N,3,0,24-01004,N
25694,2,N,1,1,N,3,1,51-51255,N
22917,1,1,6,1,9,11,0,51-51255,10
3709,2,1,1,2,5,6,1,08-00803,11
24519,2,N,1,1,N,3,0,38-00100,N
21009,1,6,9,1,6,9,0,51-01301,10
26453,2,N,6,2,N,3,0,24-01004,N
26081,1,N,1,1,N,3,4,24-01004,N
17905,1,1,1,1,6,5,0,38-00100,0
19732,1,3,1,1,5,7,0,40-00200,N
24672,1,N,1,1,N,N,1,40-00200,N
16408,2,4,8,2,3,6,4,36-03710,12
11861,2,2,2,2,1,7,0,28-01100,14
8148,1,4,1,1,4,7,0,19-01700,6
1515,2,1,1,2,7,9,0,06-07502,10
20542,2,1,1,1,4,5,0,40-00200,11
26000,1,N,1,1,N,3,0,51-51255,N
8902,1,1,1,1,8,9,0,24-01004,N
23525,1,N,8,2,N,N,4,36-03710,N
12708,2,6,2,2,2,5,0,29-01901,N
16703,1,6,2,1,6,7,0,36-04010,7
20764,2,1,1,1,8,9,0,51-51255,16
24820,2,N,1,1,N,N,0,40-00200,N
16253,2,6,8,2,2,7,4,36-03710,11
19251,1,1,1,1,1,5,0,38-00100,14
2235,2,6,8,2,3,10,1,06-08507,N
25139,1,N,1,1,N,3,0,17-03529,N
13091,1,1,2,1,7,9,0,29-01901,11
17039,2,6,2,1,7,10,0,36-04010,10
15181,1,6,2,1,7,9,0,32-00405,10
5675,2,6,2,2,0,4,0,17-03529,N
18680,2,1,1,1,7,5,0,38-00100,14
25485,1,N,9,2,N,3,0,19-01700,N
21229,2,1,1,2,9,12,0,51-01301,16
12543,1,6,1,2,4,1,0,29-01901,14
24328,1,N,1,2,N,3,0,38-00100,N
21410,1,4,1,2,6,7,4,51-51255,3
3932,2,6,9,2,1,9,0,08-00803,3
24318,2,N,1,2,N,3,0,38-00100,N
3658,2,3,1,1,4,4,0,08-00803,N
11265,1,6,1,2,4,5,0,26-02702,11
8360,1,6,1,1,0,4,0,19-01700,N
22056,1,6,2,2,7,9,0,51-51255,16
17242,1,5,2,1,5,8,0,36-04010,12
18013,1,1,1,1,6,9,0,38-00100,N
17474,1,1,2,2,5,7,0,36-04010,6
3406,2,1,6,2,6,9,0,08-00803,12
22255,2,4,2,1,5,9,0,51-51255,10
12687,1,4,2,2,9,1,0,29-01901,6
16867,1,6,2,2,1,3,0,36-03710,13
13560,1,6,1,2,2,9,0,30-00600,12
16633,1,6,2,1,0,5,0,36-04010,18
20984,1,1,1,2,9,10,0,51-01301,10
18410,2,2,1,1,2,5,0,38-00100,N
8676,1,1,1,1,9,9,0,24-01004,10
4217,2,6,2,0,0,7,0,13-04600,N
16359,2,6,2,2,5,1,0,36-04010,12
23366,1,N,2,1,N,3,0,01-01301,N
14756,2,6,3,1,0,9,0,30-00600,12
23456,1,N,2,2,N,2,0,36-04010,N
20621,1,6,9,2,6,7,0,40-00200,5
19759,2,3,1,1,3,3,0,40-00200,N
19463,1,1,1,1,9,5,0,38-00100,0
19118,1,3,1,1,7,5,0,38-00100,9
10125,1,1,1,2,5,9,2,24-01004,14
23437,2,N,2,1,N,2,0,36-04010,N
26011,2,N,1,1,N,2,0,51-51255,N
22739,2,1,9,1,1,5,0,51-01301,10
11496,1,6,2,2,2,5,0,28-01100,4
9185,1,1,2,2,6,5,0,24-01004,16
22306,2,1,1,1,9,9,0,51-01301,9
1690,1,1,1,1,9,7,1,06-08507,N
8382,2,2,1,0,3,7,0,24-01004,N
8602,2,6,1,1,1,4,0,24-01004,4
25780,2,N,9,1,N,3,0,51-51255,N
6935,2,1,2,2,3,6,0,17-03531,12
19728,2,6,3,1,5,5,0,40-00200,16
24037,2,N,1,1,N,3,0,06-08507,N
11591,2,3,2,1,4,8,0,28-01100,N
1241,2,1,1,1,9,9,0,06-08507,9
17729,1,6,1,0,4,3,0,38-00100,N
11741,2,6,1,2,8,10,0,28-01100,12
2246,1,1,1,1,8,10,0,06-08507,N
9624,2,1,1,1,9,9,0,24-01004,10
3898,2,3,1,1,9,9,0,08-00803,N
8080,2,4,1,1,2,5,0,19-01700,N
13658,1,1,1,1,9,5,0,30-00600,0
14188,2,1,1,1,0,6,0,30-00600,10
25865,1,N,1,2,N,2,0,51-51255,N
14068,2,6,1,1,0,6,0,30-00600,6
18195,2,1,1,1,1,5,0,38-00100,N
20084,1,6,1,2,2,7,0,40-00200,N
648,1,6,9,0,1,7,0,06-07502,6
17332,1,6,2,2,4,9,0,36-04010,6
8384,1,6,2,0,0,4,0,24-01004,N
15438,2,5,8,2,0,5,1,32-00405,N
7287,1,6,1,0,2,6,0,19-01700,N
13284,1,3,1,0,2,6,0,30-00600,N
8290,1,6,1,2,5,9,0,19-01700,9
19699,1,6,3,2,0,5,0,40-00200,N
3121,1,6,1,1,1,7,0,08-00803,6
1762,1,1,6,1,0,4,0,06-07502,14
5697,1,6,2,1,6,9,0,17-03529,3
19307,1,1,1,1,1,10,0,38-00100,16
23778,1,N,6,2,N,3,0,06-08507,N
15442,1,4,1,1,9,11,0,32-00405,N
9264,2,6,1,1,2,9,0,24-01004,15
21069,2,1,1,1,0,12,0,51-01301,N
12404,2,6,2,0,0,4,0,29-01901,N
14385,1,6,1,2,0,4,0,30-00600,6
877,1,1,6,1,6,9,0,06-08507,N
7346,2,6,1,2,5,1,1,19-01700,6
18529,2,1,1,2,4,7,0,38-00100,16
3573,2,6,1,2,4,9,0,08-00803,9
8469,1,1,1,1,7,7,0,24-01004,16
21823,2,1,1,1,7,9,0,51-01301,16
7192,2,3,2,2,2,7,0,17-03529,6
4616,1,6,2,2,0,4,0,13-04600,N
11974,2,6,2,2,3,7,0,28-01100,14
22800,1,1,1,1,5,12,0,51-01301,N
26850,2,N,2,1,N,3,0,29-01901,N
20238,1,2,1,1,4,6,0,40-00200,N
2863,1,6,6,0,1,7,0,08-00803,4
26559,2,N,1,1,N,2,0,26-02702,N
19734,1,1,1,1,9,12,0,40-00200,4
10797,2,1,6,1,1,5,0,26-02702,N
20797,1,1,1,2,2,7,0,51-51255,6
8343,2,1,2,2,0,5,0,19-01700,N
8616,2,1,1,1,4,10,0,24-01004,N
23709,1,N,8,2,N,1,1,36-03710,N
7807,2,6,1,2,9,11,0,19-01700,10
5330,2,4,2,2,3,10,0,17-03529,N
15719,1,1,8,2,6,4,1,32-00405,10
12616,1,6,2,1,9,9,0,29-01901,5
4582,2,6,1,1,0,5,1,13-04600,N
22725,1,1,1,2,5,6,0,51-01301,6
19267,1,6,1,2,7,6,0,38-00100,11
13065,1,6,1,2,8,11,0,29-01901,12
21044,2,6,2,1,8,10,0,51-51255,10
4699,1,6,2,1,0,1,0,13-04600,N
17317,2,6,2,2,0,8,0,36-03710,18
1811,2,1,6,1,9,10,0,06-08507,9
19581,1,4,1,2,3,3,0,38-00100,N
2447,2,6,6,2,1,5,0,06-07502,8
22343,1,6,2,1,8,8,0,51-51255,8
10689,1,6,1,1,7,8,0,26-02702,10
20659,1,6,2,0,4,9,0,51-01301,17
15677,1,1,8,1,5,3,1,32-00405,3
24556,2,N,6,2,N,3,0,08-00803,N
4872,1,6,2,2,7,5,0,13-04600,16
12387,1,6,2,0,1,1,0,29-01901,N
23949,2,N,2,1,N,3,0,06-08507,N
5168,1,6,6,0,0,7,0,17-03529,6
26455,1,N,1,1,N,3,0,24-01004,N
748,2,1,1,1,6,9,0,06-08507,11
9053,2,3,1,1,8,9,0,24-01004,13
16327,1,1,2,2,4,7,0,36-04010,7
17564,1,6,2,1,5,8,4,36-04010,7
21696,2,1,1,1,9,11,0,51-01301,10
21218,2,6,1,2,8,10,0,51-51255,16
7436,2,3,1,1,4,5,0,19-01700,N
4638,1,1,2,2,1,7,0,13-04600,18
10428,1,2,1,0,8,12,0,26-02702,16
8790,1,6,6,1,0,4,0,24-01004,N
26801,1,N,2,2,N,N,0,29-01901,N
18956,2,3,1,1,2,5,0,38-00100,N
16949,2,6,8,2,5,4,2,36-03710,12
19142,2,1,8,2,0,5,1,38-00100,N
23579,1,N,2,2,N,3,2,36-03710,N
773,2,1,6,2,2,1,0,06-07502,N
6782,1,1,2,1,0,4,0,17-03529,N
11353,2,5,1,0,5,9,0,28-01100,N
15091,1,6,2,2,3,5,0,32-00405,10
12954,2,6,2,1,0,4,0,29-01901,N
2399,1,6,6,1,4,8,0,06-07502,N
3001,2,6,1,0,1,7,0,08-00803,4
14028,2,1,1,1,9,9,0,30-00600,5
16403,2,6,2,2,5,5,0,36-04010,12
13434,2,1,1,1,9,5,0,30-00600,1
17709,2,3,1,0,2,3,0,38-00100,N
2675,2,4,1,2,9,10,0,06-07502,7
839,2,1,6,1,9,10,0,06-08507,4
7558,1,6,1,2,0,7,0,19-01700,N
14550,1,1,1,2,6,7,0,30-00600,16
11402,1,6,2,0,0,7,0,28-01100,N
4843,1,6,2,1,3,5,0,13-04600,N
21426,2,4,1,1,9,9,0,51-51255,16
17237,2,3,2,1,4,4,0,36-04010,12
13948,1,1,1,1,9,8,0,30-00600,0
14046,2,1,1,1,7,7,0,30-00600,16
24947,1,N,2,2,N,1,0,13-04600,N
13379,1,1,1,1,4,7,0,30-00600,3
14993,1,6,8,1,2,5,1,32-00405,14
20396,1,6,3,2,8,1,0,40-00200,5
8486,1,1,1,1,9,10,0,24-01004,15
9338,2,1,1,1,8,10,0,24-01004,15
21960,2,6,1,2,6,9,0,51-51255,12
22322,1,1,1,2,8,9,0,51-51255,3
12359,1,6,2,0,0,5,0,29-01901,N
14339,2,1,1,1,3,5,0,30-00600,15
11559,1,6,2,2,7,5,0,28-01100,3
12194,1,6,2,2,0,4,0,28-01100,N
14432,1,4,1,1,8,7,0,30-00600,N
14427,1,1,1,1,8,7,0,30-00600,0
8318,2,2,6,1,3,5,0,19-01700,14
7639,2,6,1,2,1,5,0,19-01700,10
8180,1,1,1,1,9,9,0,19-01700,5
1603,2,2,6,1,0,7,0,06-08507,N
16462,1,1,2,2,4,5,0,36-04010,6
19744,1,1,1,1,7,9,0,40-00200,6
23137,2,N,1,2,N,3,1,32-00405,N
23930,2,N,6,2,N,3,0,06-08507,N
15734,2,4,2,2,2,4,0,32-00405,N
17153,2,1,1,1,6,7,2,36-03710,10
13565,1,6,1,2,5,5,0,30-00600,1
23928,1,N,9,1,N,2,0,06-07502,N
2340,2,1,1,2,9,9,0,06-07502,10
13023,2,6,6,2,1,9,0,29-01901,N
21588,1,6,9,2,7,9,2,51-51255,6
11708,1,4,1,2,3,5,0,28-01100,N
26717,2,N,2,2,N,3,0,28-01100,N
19471,2,1,3,1,0,7,0,38-00100,18
16330,1,5,9,2,3,8,4,36-03710,7
11577,1,1,2,1,5,4,0,28-01100,10
5052,2,6,2,2,0,8,0,13-04600,N
14044,2,1,1,1,8,10,0,30-00600,12
2033,1,6,6,1,8,9,0,06-08507,4
2504,1,6,1,1,1,4,0,06-08507,14
24333,2,N,1,1,N,3,0,38-00100,N
1589,1,1,6,1,9,12,0,06-08507,8
790,1,1,1,2,9,10,0,06-07502,10
780,1,6,2,2,2,7,0,06-07502,7
26480,1,N,9,1,N,3,0,24-01004,N
8832,1,1,1,1,8,10,0,24-01004,10
3724,1,6,1,2,7,10,0,08-00803,10
1378,1,1,1,1,7,10,0,06-08507,N
17876,1,1,1,1,4,5,0,38-00100,N
9571,2,1,1,1,9,12,0,24-01004,N
7507,1,1,1,1,9,10,0,19-01700,N
10846,1,1,2,1,8,10,0,26-02702,11
413,2,5,9,1,6,7,1,01-01301,12
3640,1,6,1,2,5,7,0,08-00803,4
16944,2,6,2,1,0,7,0,36-04010,N
7059,2,3,2,1,4,8,0,17-03531,15
5652,2,6,1,2,1,5,0,17-03529,10
20176,2,3,1,1,3,4,0,40-00200,N
9946,2,1,1,1,1,11,0,24-01004,N
25347,2,N,1,1,N,N,0,19-01700,N
21783,2,6,1,2,6,9,3,51-51255,9
15877,1,6,1,2,3,10,0,32-00405,14
19241,2,1,1,1,0,9,0,38-00100,2
1050,2,1,1,1,2,10,0,06-08507,6
2016,1,3,6,2,3,4,0,06-07502,6
10112,1,1,1,1,8,12,0,24-01004,16
24956,1,N,2,2,N,2,0,13-04600,N
18992,2,3,1,1,3,1,0,38-00100,N
622,2,6,2,1,7,10,0,01-01301,11
17866,1,1,1,1,7,7,0,38-00100,N
2182,1,1,6,2,3,10,0,06-08507,10
1532,2,6,1,2,0,5,0,06-08507,N
26181,2,N,1,1,N,N,0,24-01004,N
1336,1,1,1,1,6,4,0,06-08507,N
3991,1,6,1,1,9,9,0,08-00803,5
10681,1,4,1,2,9,9,0,26-02702,10
15786,1,6,8,2,5,3,1,32-00405,3
23893,1,N,1,1,N,3,0,06-08507,N
6013,2,6,2,1,8,10,0,17-03529,8
20434,2,1,6,1,0,5,0,40-00200,12
18106,2,6,1,1,0,5,0,38-00100,N
24427,1,N,1,1,N,3,0,38-00100,N
8245,1,2,1,2,6,3,1,19-01700,14
7655,1,4,1,2,7,7,0,19-01700,7
1295,2,1,1,2,0,9,0,06-07502,N
14813,2,4,1,1,9,9,0,30-00600,N
3753,2,6,1,2,4,9,0,08-00803,12
12221,2,3,2,2,3,7,0,28-01100,4
23143,2,N,8,2,N,3,1,32-00405,N
9527,1,1,9,1,9,7,0,24-01004,15
15874,1,6,1,1,9,9,0,32-00405,14
25823,2,N,2,1,N,2,0,51-01301,N
4937,2,6,2,1,5,9,0,13-04600,13
16984,1,6,8,2,2,7,4,36-03710,11
23944,2,N,6,2,N,1,0,06-07502,N
8741,2,1,1,1,0,7,0,24-01004,N
3590,2,1,1,1,9,9,0,08-00803,9
18139,1,1,1,1,1,8,0,38-00100,3
7104,2,1,2,1,1,7,0,17-03529,N
23765,2,N,1,2,N,N,0,06-07502,N
25558,2,N,1,1,N,N,0,19-01700,N
1685,2,6,6,2,9,9,0,06-07502,10
14783,1,1,1,2,5,4,0,30-00600,7
16692,2,3,2,1,4,5,0,36-04010,N
2692,2,4,1,1,9,12,0,06-08507,4
6348,2,6,6,1,6,9,0,17-03529,10
25910,2,N,1,1,N,2,1,51-01301,N
14749,1,6,1,1,3,7,0,30-00600,0
551,2,6,2,1,0,4,0,01-01301,14
10653,2,1,9,2,0,8,0,26-02702,N
15544,1,4,1,1,1,7,0,32-00405,12
24241,1,N,1,1,N,3,0,38-00100,N
23895,2,N,1,2,N,3,0,06-08507,N
3049,2,4,1,2,2,7,0,08-00803,10
20309,2,1,1,1,6,7,0,40-00200,10
13432,2,4,1,2,3,5,0,30-00600,N
11678,1,6,1,1,3,3,0,28-01100,N
24400,2,N,9,1,N,2,0,38-00100,N
8536,2,1,1,1,9,11,0,24-01004,11
269,2,1,8,1,0,7,0,01-01301,N
24973,2,N,2,1,N,3,0,13-04600,N
10047,1,5,1,1,8,9,4,24-01004,11
16182,2,6,2,1,0,4,0,36-04010,N
11652,2,6,1,1,1,4,0,28-01100,14
16557,2,1,2,2,8,10,0,36-04010,12
21592,1,6,1,2,6,10,0,51-01301,11
24552,2,N,1,1,N,3,0,08-00803,N
24942,2,N,2,2,N,N,0,13-04600,N
12875,2,2,2,1,6,11,0,29-01901,9
19516,2,1,1,1,0,5,0,38-00100,N
13799,2,6,1,1,2,5,0,30-00600,0
1546,2,1,6,1,2,9,0,06-08507,N
12167,2,5,2,1,0,1,0,28-01100,N
1039,2,1,6,1,0,9,0,06-08507,N
12368,2,2,2,0,1,4,0,29-01901,10
14322,2,1,1,1,6,7,0,30-00600,N
21338,1,1,1,1,8,12,0,51-51255,15
21923,2,6,1,2,4,7,0,51-51255,14
4586,1,6,2,1,5,5,0,13-04600,14
155,2,4,2,2,5,7,0,01-01301,6
10159,2,1,1,1,9,9,0,24-01004,14
11187,1,1,6,1,7,10,0,26-02702,11
4929,1,6,2,2,5,5,0,13-04600,7
8349,2,2,1,2,5,5,0,19-01700,4
25840,1,N,2,2,N,1,0,51-51255,N
21441,1,6,1,2,8,9,0,51-01301,10
23379,1,N,2,2,N,3,0,01-01301,N
16175,2,4,8,2,2,8,2,36-03710,N
10300,2,1,2,2,7,9,0,24-01004,9
21523,1,6,1,2,7,10,0,51-01301,16
2801,1,1,6,1,9,12,0,06-08507,10
10805,1,1,1,1,9,10,0,26-02702,4
26799,1,N,2,1,N,2,0,29-01901,N
22342,1,1,1,1,8,7,0,51-51255,10
22873,2,1,1,1,0,11,0,51-01301,N
21665,2,6,1,1,3,9,0,51-51255,8
2198,1,1,6,1,9,10,0,06-08507,6
24669,1,N,2,2,N,3,0,40-00200,N
4368,2,3,2,1,7,9,0,13-04600,12
22326,1,1,1,2,7,9,2,51-01301,17
15128,2,1,6,1,2,9,0,32-00405,6
10090,1,1,1,1,9,11,0,24-01004,10
18863,2,1,1,1,6,10,0,38-00100,11
23479,2,N,2,2,N,N,0,36-03710,N
4780,1,1,2,1,3,3,0,13-04600,0
10667,2,1,1,1,9,11,0,26-02702,11
10593,1,6,1,0,1,7,0,26-02702,2
24950,1,N,2,2,N,2,0,13-04600,N
1019,1,1,1,2,6,9,0,06-07502,N
3608,1,1,1,1,9,12,0,08-00803,10
11755,2,1,2,2,0,4,0,28-01100,N
18210,1,4,1,1,8,8,0,38-00100,1
13507,1,1,1,1,7,8,0,30-00600,0
14216,2,3,1,1,5,5,0,30-00600,N
5531,1,1,2,1,6,12,0,17-03529,11
9134,2,1,1,1,9,11,0,24-01004,10
19793,1,6,1,1,0,4,0,40-00200,N
7731,2,3,1,1,6,9,0,19-01700,9
18372,1,1,1,1,8,10,0,38-00100,11
27187,1,N,1,1,N,1,0,30-00600,N
8138,2,1,1,1,5,7,0,19-01700,14
3226,2,6,1,2,9,10,0,08-00803,8
8545,1,1,1,1,9,10,0,24-01004,10
20342,2,1,3,1,7,7,0,40-00200,4
23685,1,N,8,2,N,N,4,36-03710,N
9595,2,6,1,1,1,4,0,24-01004,11
919,1,1,1,1,9,10,0,06-08507,9
25170,1,N,1,1,N,2,0,17-03529,N
20698,2,6,2,0,0,5,0,51-51255,N
19689,2,1,1,2,0,7,0,40-00200,12
17894,1,1,1,1,1,8,0,38-00100,10
14940,1,1,1,2,8,8,0,32-00405,3
1365,2,1,6,1,0,9,0,06-08507,4
10005,1,1,6,1,6,9,0,24-01004,16
777,2,4,1,1,5,9,0,06-08507,6
2475,2,1,6,2,2,1,0,06-07502,13
6232,2,2,2,1,6,3,0,17-03529,9
6441,2,5,2,1,6,7,0,17-03529,12
5752,1,4,2,2,3,7,0,17-03531,N
7924,2,1,1,1,9,9,0,19-01700,9
24869,2,N,9,2,N,2,1,40-00200,N
15826,1,4,1,1,6,11,3,32-00405,14
11753,1,1,1,1,0,11,0,28-01100,10
24906,2,N,1,2,N,2,1,13-04600,N
947,1,1,6,1,9,10,0,06-07502,3
10288,1,1,1,1,9,11,0,24-01004,N
3689,2,6,1,2,6,9,0,08-00803,N
21374,2,4,2,2,5,5,0,51-01301,10
23216,2,N,1,2,N,3,0,32-00405,N
7778,2,6,1,1,8,11,0,19-01700,10
25211,1,N,2,2,N,1,0,17-03529,N
7592,1,6,1,2,0,4,0,19-01700,N
5213,1,6,6,0,3,7,0,17-03529,11
16443,1,6,2,1,8,5,0,36-04010,7
11934,1,6,2,1,7,9,0,28-01100,3
11237,1,1,1,1,9,10,0,26-02702,12
22385,1,6,6,2,7,9,0,51-01301,9
17954,2,1,1,2,0,9,0,38-00100,14
24773,1,N,1,1,N,N,0,40-00200,N
1958,1,4,6,1,7,10,0,06-07502,11
19434,2,6,1,1,4,5,0,38-00100,12
8388,2,3,1,0,3,9,0,24-01004,N
15155,1,6,8,2,5,5,1,32-00405,3
7805,1,6,1,2,5,7,0,19-01700,14
1795,1,6,6,2,8,9,0,06-08507,4
6133,1,6,2,2,4,9,0,17-03531,9
24618,1,N,1,1,N,3,0,08-00803,N
2428,2,6,1,1,4,11,0,06-08507,11
20640,2,6,1,0,1,5,0,51-51255,15
11324,2,1,6,2,4,12,0,26-02702,12
2800,2,1,6,1,8,9,0,06-08507,10
26425,1,N,1,1,N,N,0,24-01004,N
6529,1,6,2,2,2,7,0,17-03529,N
13790,1,1,1,1,5,6,0,30-00600,11
11993,2,6,2,1,7,7,0,28-01100,9
14847,1,6,9,0,3,7,0,32-00405,6
12048,1,6,6,1,0,4,0,28-01100,N
14007,1,1,1,1,9,5,0,30-00600,N
2605,2,6,1,1,2,5,0,06-07502,N
20315,1,2,1,1,3,4,0,40-00200,N
9558,1,1,6,1,9,12,0,24-01004,11
2050,2,2,6,1,5,9,0,06-08507,16
7544,1,1,1,1,0,5,0,19-01700,11
13801,2,6,1,1,1,5,0,30-00600,0
26019,1,N,1,2,N,2,0,51-01301,N
7920,2,1,1,2,2,7,0,19-01700,6
25636,2,N,1,1,N,2,4,51-51255,N
6697,2,6,2,2,1,7,0,17-03529,13
27129,2,N,1,1,N,4,0,30-00600,N
13016,1,6,1,1,0,3,0,29-01901,N
6651,1,6,2,2,2,5,0,17-03529,N
17676,1,6,8,2,0,4,2,36-03710,N
25186,1,N,2,2,N,N,2,17-03531,N
6377,2,6,1,2,0,7,0,17-03529,N
9324,2,6,1,1,0,4,0,24-01004,N
15673,1,4,1,2,1,9,2,32-00405,11
521,2,3,2,1,6,7,0,01-01301,N
11408,2,6,1,0,0,7,0,28-01100,N
24671,2,N,1,1,N,3,0,40-00200,N
21360,2,1,1,1,8,9,0,51-01301,N
60,1,6,2,0,0,7,0,01-01301,N
27189,1,N,3,1,N,3,0,30-00600,N
9962,1,1,1,1,9,9,0,24-01004,3
11842,1,6,2,2,3,5,0,28-01100,N
21583,2,4,6,1,7,9,0,51-51255,16
22070,1,6,1,2,6,8,2,51-01301,14
15780,1,6,8,2,0,4,1,32-00405,N
18022,1,1,1,1,9,9,0,38-00100,3
11633,2,1,2,1,6,8,0,28-01100,10
7433,2,6,1,1,7,11,0,19-01700,16
9821,1,1,1,2,9,10,0,24-01004,16
1600,2,6,6,1,0,7,0,06-08507,N
10239,2,1,6,1,8,9,0,24-01004,10
15036,2,1,1,2,0,4,0,32-00405,N
6022,1,6,2,1,2,5,0,17-03531,N
3743,2,1,1,1,2,9,0,08-00803,11
27252,2,N,1,2,N,1,0,30-00600,N
18387,1,3,1,1,9,9,0,38-00100,0
3385,2,1,1,1,2,5,0,08-00803,N
23364,2,N,2,2,N,2,0,01-01301,N
21165,2,1,1,1,7,10,1,51-01301,9
15444,2,1,8,1,4,7,1,32-00405,12
7225,2,6,1,1,9,12,0,17-03529,0
24982,2,N,2,1,N,3,0,13-04600,N
8592,2,1,1,1,2,11,0,24-01004,N
18821,1,1,1,1,8,9,0,38-00100,2
22457,2,1,6,1,0,9,0,51-01301,N
7143,2,6,2,1,5,7,0,17-03531,6
12661,1,6,6,2,8,12,0,29-01901,11
8249,1,6,1,1,0,4,0,19-01700,N
2009,1,1,1,1,9,9,0,06-07502,9
27212,1,N,1,1,N,2,0,30-00600,N
21948,2,1,2,2,1,5,0,51-51255,12
19543,1,1,1,1,3,7,0,38-00100,N
3315,1,1,1,1,9,10,0,08-00803,10
8987,2,1,1,2,8,12,0,24-01004,10
8829,2,6,2,2,6,10,0,24-01004,16
520,2,4,2,1,8,7,0,01-01301,9
26845,1,N,9,2,N,N,0,29-01901,N
8402,1,4,2,0,1,3,0,24-01004,N
4342,2,6,2,2,5,5,0,13-04600,9
11996,2,3,2,2,3,6,0,28-01100,10
21378,1,6,6,2,0,9,0,51-01301,N
14062,1,1,1,1,5,5,0,30-00600,1
10270,2,6,1,1,6,11,0,24-01004,N
815,2,1,1,1,9,7,0,06-08507,3
16968,1,6,2,1,5,10,0,36-04010,12
9321,2,1,1,1,0,10,0,24-01004,11
8273,2,6,8,2,2,9,1,19-01700,10
933,2,1,1,1,5,9,0,06-08507,N
9695,2,1,1,1,0,10,0,24-01004,N
7322,1,6,1,1,2,7,0,19-01700,9
20234,2,1,1,1,4,5,0,40-00200,13
2341,2,6,1,2,9,9,0,06-07502,10
11163,2,4,1,1,9,12,0,26-02702,14
16517,2,3,2,2,5,7,0,36-04010,N
1963,1,6,9,2,8,9,0,06-07502,10
8579,1,6,1,1,1,4,0,24-01004,14
14724,2,1,1,1,2,8,0,30-00600,N
19034,1,4,3,1,5,4,0,38-00100,14
23331,1,N,2,1,N,N,0,01-01301,N
17226,1,1,2,1,8,10,0,36-04010,11
2638,2,1,6,2,6,7,0,06-07502,7
8327,2,1,1,1,5,9,0,19-01700,9
2630,2,6,1,2,9,9,0,06-07502,10
17160,1,1,2,2,5,4,0,36-04010,7
25839,2,N,2,2,N,3,0,51-51255,N
12133,1,6,2,1,6,7,0,28-01100,14
21551,1,6,1,2,7,9,0,51-01301,9
18601,2,1,1,1,7,8,0,38-00100,12
5159,2,6,2,0,1,5,0,17-03529,N
19211,2,1,1,1,2,7,0,38-00100,N
13378,2,1,1,1,0,8,0,30-00600,N
21226,1,4,1,1,9,10,0,51-01301,10
16117,2,6,1,0,0,4,0,36-04010,N
26174,2,N,1,1,N,3,1,24-01004,N
6037,1,6,2,1,0,4,0,17-03531,N
2153,2,1,6,1,2,3,0,06-07502,N
20929,1,1,1,1,9,10,0,51-01301,9
11696,1,6,1,2,7,11,0,28-01100,12
26792,1,N,2,1,N,3,0,29-01901,N
21575,2,6,1,1,2,9,0,51-51255,N
19965,1,6,1,1,1,7,0,40-00200,6
26603,1,N,2,1,N,3,0,28-01100,N
9541,2,1,1,1,9,12,0,24-01004,12
3740,2,1,1,1,1,9,0,08-00803,13
17222,2,1,2,2,4,5,0,36-04010,12
11372,1,6,2,0,0,7,0,28-01100,N
7062,2,4,2,2,2,7,0,17-03529,6
3076,1,1,1,1,6,6,0,08-00803,6
12358,2,6,2,0,0,6,0,29-01901,6
12350,1,3,2,0,2,3,0,29-01901,N
6674,1,4,2,2,3,10,0,17-03529,4
8272,2,1,1,1,8,5,0,19-01700,N
3086,1,1,1,2,6,7,0,08-00803,10
9715,2,3,1,1,6,7,0,24-01004,N
23104,2,N,1,2,N,1,1,32-00405,N
26567,2,N,1,1,N,N,0,26-02702,N
22662,1,6,1,1,8,10,0,51-01301,16
1895,2,1,6,2,0,10,0,06-08507,N
10440,2,6,6,0,5,7,0,26-02702,11
1454,1,1,6,1,9,10,0,06-08507,8
23745,2,N,1,1,N,3,0,06-08507,N
11286,2,1,1,1,2,9,0,26-02702,N
6285,2,1,2,2,2,7,0,17-03531,N
5899,2,6,6,2,0,9,0,17-03529,N
14000,2,1,1,1,1,7,0,30-00600,11
23042,2,N,9,2,N,2,1,32-00405,N
15242,2,3,1,1,6,9,0,32-00405,N
11293,2,6,1,1,2,9,0,26-02702,11
7276,2,6,1,0,2,7,0,19-01700,6
5476,2,6,2,2,9,9,0,17-03529,9
18223,2,1,1,1,5,5,0,38-00100,10
14310,2,1,1,1,1,7,0,30-00600,0
3788,2,1,1,1,8,10,0,08-00803,4
18604,2,1,1,1,9,3,4,38-00100,9
14251,1,6,1,1,1,4,0,30-00600,14
15117,1,6,1,2,3,5,4,32-00405,10
25726,2,N,1,2,N,2,0,51-51255,N
4562,1,6,2,2,0,5,0,13-04600,N
19906,2,6,1,1,4,5,0,40-00200,15
16214,1,1,2,1,8,7,0,36-04010,N
27206,1,N,3,1,N,3,0,30-00600,N
13934,1,6,1,2,3,7,0,30-00600,14
846,1,1,6,2,5,6,0,06-07502,9
6131,2,6,2,2,5,7,0,17-03529,13
17780,1,4,1,2,8,6,0,38-00100,1
7154,1,1,2,2,7,8,0,17-03529,14
5373,1,2,2,1,2,5,0,17-03531,N
15912,2,6,2,2,0,4,0,32-00405,N
22105,1,6,1,2,8,9,0,51-01301,10
5573,2,4,2,1,9,5,0,17-03529,10
3938,2,4,1,2,4,5,0,08-00803,14
18711,2,1,3,2,0,8,1,38-00100,13
25280,1,N,2,2,N,1,0,17-03531,N
1104,2,1,6,1,7,10,0,06-08507,8
17548,1,5,2,2,4,5,0,36-04010,14
2669,2,1,2,1,7,9,0,06-08507,11
7743,2,6,1,2,4,5,0,19-01700,10
15112,1,6,8,1,5,4,4,32-00405,6
11270,1,6,6,2,5,10,0,26-02702,11
6903,1,1,6,1,9,10,0,17-03529,11
838,2,6,1,1,2,6,0,06-08507,6
20419,2,3,1,1,3,1,0,40-00200,N
13905,1,1,1,1,6,10,0,30-00600,11
26621,2,N,2,2,N,3,0,28-01100,N
2694,1,6,1,2,8,11,0,06-07502,10
11998,2,6,2,1,0,12,0,28-01100,11
8658,2,1,1,2,8,10,0,24-01004,10
7466,2,3,1,2,2,7,0,19-01700,N
16062,1,6,2,0,0,6,0,36-04010,N
20331,2,4,1,1,7,9,0,40-00200,11
18157,2,1,1,1,3,7,0,38-00100,16
23794,2,N,1,2,N,3,0,06-08507,N
3265,1,1,1,2,8,9,0,08-00803,10
12329,2,6,1,1,8,10,0,28-01100,9
9364,2,1,1,1,7,9,0,24-01004,3
20609,1,1,3,1,2,6,0,40-00200,6
20762,1,6,1,2,4,6,0,51-51255,9
564,2,6,2,2,0,4,0,01-01301,N
16574,1,6,2,2,1,8,0,36-03710,N
9137,2,4,1,1,7,9,0,24-01004,13
12121,2,6,2,1,3,7,0,28-01100,6
22825,2,6,1,1,7,9,0,51-51255,7
4581,2,6,1,1,0,5,1,13-04600,N
995,1,1,1,2,9,9,0,06-08507,9
15977,1,6,2,0,0,6,0,36-03710,N
5650,2,6,2,2,4,7,0,17-03531,12
6381,1,4,2,1,7,9,0,17-03529,14
14403,1,1,1,2,2,9,0,30-00600,0
5922,2,2,2,1,3,7,0,17-03531,6
24921,1,N,1,2,N,3,0,13-04600,N
2899,2,6,6,0,3,7,0,08-00803,11
1599,1,1,6,1,9,9,0,06-08507,4
20565,1,1,1,1,9,5,0,40-00200,11
1608,1,1,6,1,9,10,0,06-08507,10
14348,1,1,1,1,9,5,0,30-00600,3
15176,1,6,8,2,3,4,1,32-00405,3
20675,1,6,1,0,0,4,0,51-51255,N
1387,1,6,6,2,9,9,0,06-07502,8
10580,2,6,6,0,8,9,0,26-02702,11
15279,2,3,2,1,5,4,0,32-00405,N
1166,2,4,1,2,4,10,0,06-07502,10
7392,2,6,6,1,8,1,0,19-01700,12
24612,1,N,1,2,N,3,1,08-00803,N
