,SEX,MSP,RAC1P,OWN_RENT,PINCP_DECILE,HISP,PUMA,AGEP,NOC,NPF,POVPIP
16647,1,6,2,1,2,0,36-04010,30,0,N,63
5218,1,6,2,0,1,0,17-03529,56,N,N,N
16384,2,6,2,2,5,0,36-04010,25,2,5,408
17015,2,2,2,1,3,0,36-04010,52,3,6,389
11316,1,1,1,1,9,0,26-02702,45,3,5,421
18598,1,1,1,1,7,0,38-00100,67,0,2,412
3752,2,6,1,1,9,0,08-00803,38,0,N,501
9104,1,1,2,1,9,0,24-01004,55,2,4,501
12919,2,1,1,1,7,0,29-01901,70,0,2,327
20383,1,1,1,1,4,0,40-00200,52,1,3,221
14448,1,1,1,1,2,0,30-00600,67,2,6,242
10432,2,6,2,0,5,0,26-02702,18,N,N,N
8289,2,6,1,1,5,0,19-01700,27,0,3,501
24630,2,N,1,1,N,0,08-00803,10,2,4,501
24769,1,N,1,1,N,0,40-00200,2,1,4,24
13006,1,4,2,2,5,0,29-01901,63,0,3,272
20202,2,3,3,1,3,0,40-00200,77,1,4,334
24641,2,N,1,1,N,0,08-00803,0,1,3,501
21829,1,1,1,1,6,0,51-01301,27,0,2,501
1927,2,3,1,2,9,0,06-07502,94,0,N,501
15209,2,6,3,1,0,1,32-00405,15,3,6,201
11306,1,6,3,2,3,0,26-02702,21,0,N,114
18857,1,6,1,1,7,0,38-00100,29,0,N,394
9814,1,1,1,1,9,0,24-01004,41,2,4,501
943,1,1,1,1,9,0,06-07502,74,0,2,501
25625,1,N,1,1,N,0,51-51255,7,3,5,501
26953,1,N,1,2,N,1,30-00600,14,2,3,136
1384,1,1,6,1,9,0,06-08507,45,3,5,501
25667,1,N,9,2,N,0,51-51255,2,2,4,97
8432,2,1,1,1,2,4,24-01004,51,0,4,338
5033,2,6,2,2,0,0,13-04600,19,1,3,2
11560,1,6,2,2,6,0,28-01100,34,0,N,241
18392,1,6,1,1,0,0,38-00100,30,0,2,79
27039,2,N,9,2,N,0,30-00600,12,3,5,336
11204,1,6,1,2,4,0,26-02702,35,0,N,189
6285,2,1,2,2,2,0,17-03531,71,0,2,229
7426,1,4,1,1,4,0,19-01700,58,0,N,203
6231,2,1,2,1,8,0,17-03529,45,0,3,501
10171,2,4,1,2,6,0,24-01004,60,0,N,457
24205,1,N,3,1,N,0,38-00100,5,3,4,62
9942,2,1,1,1,3,0,24-01004,49,0,2,501
18958,2,1,1,1,3,0,38-00100,66,0,2,361
991,1,1,1,1,9,0,06-07502,78,0,2,501
17631,2,5,8,2,2,2,36-03710,60,0,2,47
19824,2,1,3,1,0,0,40-00200,48,0,6,186
16420,1,1,2,1,8,0,36-03710,63,0,2,497
27105,1,N,3,2,N,0,30-00600,12,3,6,124
2515,2,1,6,1,0,0,06-08507,44,2,4,409
4568,2,1,2,1,7,0,13-04600,72,0,3,501
20934,2,1,1,1,9,0,51-51255,39,3,5,501
14521,2,6,1,1,8,0,30-00600,27,0,N,454
20914,1,6,1,2,5,4,51-01301,25,0,2,415
26497,1,N,1,1,N,0,26-02702,12,1,3,292
13415,1,1,1,1,8,0,30-00600,46,0,3,501
1198,2,1,6,1,0,0,06-08507,42,3,5,501
15306,1,6,8,1,1,1,32-00405,24,0,2,28
9480,2,6,1,2,7,0,24-01004,27,0,N,501
9902,1,1,1,1,9,0,24-01004,36,4,6,501
18841,1,6,1,1,0,0,38-00100,18,1,5,342
17091,2,6,9,1,9,0,36-04010,36,1,6,501
11658,2,1,2,1,6,0,28-01100,70,0,2,443
6485,2,6,2,2,4,0,17-03531,39,2,3,141
2727,2,1,1,1,0,0,06-08507,56,0,2,501
12632,2,4,2,2,1,0,29-01901,58,0,2,10
12997,2,3,2,1,2,0,29-01901,60,1,3,94
1048,2,1,6,2,0,0,06-07502,37,1,3,501
15542,1,4,1,2,4,0,32-00405,62,0,2,317
20465,1,1,1,2,4,0,40-00200,55,4,8,37
25909,1,N,1,1,N,0,51-01301,3,2,4,501
7335,2,6,9,1,3,1,19-01700,20,1,5,211
5727,1,6,6,2,8,0,17-03529,28,0,N,501
18804,1,1,1,1,8,0,38-00100,32,1,3,501
13499,2,1,1,1,2,0,30-00600,65,0,2,335
14122,1,1,1,1,7,1,30-00600,69,0,3,475
9937,2,2,1,1,9,0,24-01004,32,0,N,501
445,1,1,2,1,3,0,01-01301,72,0,3,247
26885,1,N,3,2,N,0,30-00600,1,1,3,8
15168,2,6,1,2,2,0,32-00405,37,0,N,75
20204,1,1,1,1,4,0,40-00200,82,0,2,347
5526,2,6,2,1,1,0,17-03529,55,0,4,221
4405,1,6,2,2,1,0,13-04600,53,0,N,9
16922,1,1,8,2,6,4,36-04010,49,1,6,367
10820,1,1,1,1,9,0,26-02702,33,1,3,501
13355,2,4,1,1,2,0,30-00600,32,0,N,91
12703,1,4,2,2,4,0,29-01901,64,0,5,142
26388,2,N,1,1,N,0,24-01004,4,2,4,501
13820,2,1,1,2,6,0,30-00600,47,0,2,501
17436,1,4,2,2,7,2,36-03710,76,0,N,475
15637,2,1,1,1,9,0,32-00405,55,0,2,501
5304,2,5,2,2,1,0,17-03529,64,0,N,19
2821,1,6,6,2,2,0,06-07502,23,0,N,52
16219,1,6,2,2,0,0,36-03710,21,0,3,0
7558,1,6,1,2,0,0,19-01700,21,0,N,0
16120,2,6,2,0,1,0,36-04010,38,N,N,23
10374,2,6,1,1,0,0,24-01004,20,0,4,501
7634,2,6,1,2,6,0,19-01700,31,0,N,321
11143,1,1,1,1,9,0,26-02702,48,1,3,501
352,2,2,1,1,7,0,01-01301,66,0,N,440
14790,2,6,1,1,5,0,30-00600,28,0,4,501
11684,2,4,2,2,4,0,28-01100,42,5,6,63
16913,2,1,2,2,1,4,36-03710,48,1,5,145
10011,1,1,1,1,9,0,24-01004,58,2,4,501
23493,1,N,2,1,N,0,36-04010,5,0,6,278
26769,1,N,2,2,N,0,28-01100,2,3,4,36
1582,2,1,6,2,0,0,06-07502,65,0,2,68
8003,2,6,1,1,5,0,19-01700,62,0,2,201
545,1,6,2,1,4,0,01-01301,50,0,N,159
4831,2,6,1,2,3,0,13-04600,23,0,N,122
7307,2,4,1,0,4,0,19-01700,72,N,N,N
23766,2,N,1,2,N,0,06-07502,0,2,4,446
2214,1,6,1,1,0,1,06-08507,17,1,3,501
11465,2,1,1,1,0,0,28-01100,54,0,3,501
7778,2,6,1,1,8,0,19-01700,53,0,N,490
23625,2,N,1,2,N,0,36-03710,11,4,5,0
4318,1,1,1,1,9,0,13-04600,57,0,2,501
5256,2,6,2,0,1,0,17-03529,67,N,N,N
14917,2,6,1,1,2,4,32-00405,24,2,11,113
11679,1,6,2,2,5,0,28-01100,38,0,N,196
8590,1,1,1,1,6,0,24-01004,59,0,2,501
21857,2,6,1,1,0,0,51-01301,15,1,4,501
6765,1,6,2,1,8,0,17-03529,49,0,N,501
170,1,1,2,2,5,0,01-01301,44,0,3,248
12685,1,6,2,2,2,0,29-01901,54,0,3,138
5977,2,1,2,1,4,0,17-03531,70,0,2,339
12782,2,6,2,1,4,0,29-01901,69,0,N,206
5740,2,3,2,1,3,0,17-03531,76,0,N,108
1499,2,6,1,2,8,0,06-07502,28,0,N,501
970,2,5,1,2,4,0,06-07502,58,0,N,152
12350,1,3,2,0,2,0,29-01901,77,N,N,N
326,2,6,2,2,3,0,01-01301,64,0,2,60
19708,1,1,1,1,8,0,40-00200,71,0,2,489
11620,1,6,2,1,0,0,28-01100,17,1,7,136
9697,2,1,1,1,8,0,24-01004,69,0,2,501
26827,2,N,2,2,N,0,29-01901,14,5,6,7
11335,2,1,1,1,7,0,26-02702,63,0,2,501
9422,1,1,1,1,9,0,24-01004,60,0,3,501
20395,2,3,1,1,2,0,40-00200,87,0,N,74
12162,2,4,2,1,6,0,28-01100,74,0,N,233
5010,2,6,2,2,5,0,13-04600,39,0,N,227
11798,2,1,2,1,4,0,28-01100,67,0,2,501
12665,2,4,9,2,4,0,29-01901,65,0,N,156
15456,1,1,1,2,3,0,32-00405,68,0,2,179
7945,1,1,1,1,7,0,19-01700,60,0,2,333
15659,2,4,2,2,3,0,32-00405,64,0,3,99
19506,2,6,1,1,0,0,38-00100,46,0,2,140
1066,1,1,6,2,8,0,06-08507,45,1,3,501
20868,1,6,1,2,5,0,51-01301,23,0,N,305
21642,2,1,1,1,7,0,51-51255,28,0,2,501
27091,2,N,1,1,N,0,30-00600,14,2,4,273
3629,2,1,1,1,2,0,08-00803,62,1,4,501
24585,2,N,1,1,N,0,08-00803,13,1,2,82
14811,1,1,1,1,6,0,30-00600,75,0,2,492
17284,2,1,2,1,7,2,36-03710,52,0,3,501
11161,2,1,1,1,0,0,26-02702,31,2,4,501
12886,1,6,2,1,8,0,29-01901,38,2,5,413
2772,1,4,1,1,9,0,06-08507,53,1,2,501
21782,2,6,1,2,6,4,51-51255,23,0,N,423
12785,1,6,2,2,5,0,29-01901,51,0,N,229
13456,1,1,1,1,6,0,30-00600,49,7,9,83
12393,2,6,2,0,1,0,29-01901,19,N,N,N
26247,2,N,1,1,N,0,24-01004,3,2,4,501
15257,2,6,8,2,3,1,32-00405,20,0,4,323
5298,2,1,2,1,5,0,17-03529,61,0,2,501
9964,1,1,1,1,9,0,24-01004,83,0,2,501
2196,2,2,8,1,6,4,06-08507,39,0,N,304
1952,1,1,1,1,8,0,06-08507,61,0,2,501
17653,2,3,2,2,1,0,36-03710,67,0,4,121
20662,2,6,1,0,0,0,51-01301,18,N,N,N
5486,2,1,2,1,9,0,17-03531,66,0,2,501
25644,2,N,1,1,N,0,51-01301,12,1,3,501
16698,2,6,2,1,8,0,36-04010,52,0,2,501
3235,2,6,6,1,6,0,08-00803,23,0,4,501
18924,1,2,2,1,8,0,38-00100,42,0,N,494
5316,1,6,2,2,0,0,17-03531,58,0,N,0
21894,2,6,1,2,0,0,51-01301,29,0,N,0
23163,2,N,8,2,N,1,32-00405,5,2,3,221
25401,2,N,1,2,N,1,19-01700,14,5,8,182
26183,1,N,6,1,N,0,24-01004,8,3,5,501
26308,1,N,1,1,N,0,24-01004,12,4,6,501
894,1,1,6,1,3,0,06-08507,62,0,4,501
14644,2,6,1,1,0,0,30-00600,17,2,4,501
3202,2,6,1,2,9,0,08-00803,31,0,N,501
10146,2,3,1,1,9,0,24-01004,80,0,N,501
595,1,5,2,2,0,0,01-01301,46,0,N,0
24682,1,N,1,1,N,0,40-00200,9,3,5,438
3778,2,6,9,2,5,0,08-00803,26,0,N,267
26503,2,N,2,2,N,0,26-02702,10,1,2,150
25080,2,N,2,2,N,0,17-03531,9,3,4,0
15604,1,2,1,2,3,1,32-00405,53,1,3,157
17477,2,1,2,2,3,0,36-04010,52,2,7,229
23142,1,N,9,2,N,0,32-00405,2,3,4,124
21693,2,6,2,2,8,0,51-51255,37,0,N,501
4997,2,6,1,2,8,0,13-04600,26,0,N,501
632,2,1,2,2,3,0,01-01301,26,3,6,197
2487,2,4,1,1,8,0,06-08507,48,0,2,501
7761,2,4,1,1,9,0,19-01700,76,3,6,501
26940,2,N,1,1,N,0,30-00600,13,0,5,239
18024,2,5,1,1,2,0,38-00100,57,0,N,69
26755,1,N,2,1,N,0,28-01100,3,0,4,192
15648,1,1,8,2,8,1,32-00405,48,2,5,252
20233,1,1,1,1,7,0,40-00200,58,0,2,356
4573,2,4,1,1,8,0,13-04600,56,0,N,483
17683,1,1,2,1,6,0,36-04010,74,0,2,501
9793,2,1,1,1,9,0,24-01004,44,2,4,501
9913,1,1,6,1,9,0,24-01004,32,0,2,501
3017,1,2,1,0,5,0,08-00803,85,N,N,N
16499,2,6,2,2,0,2,36-03710,34,0,2,124
11952,1,1,2,2,7,0,28-01100,24,1,3,233
4083,2,6,2,0,0,0,13-04600,19,N,N,N
17172,2,6,9,2,5,0,36-03710,30,1,4,123
12233,2,3,2,1,3,0,28-01100,72,0,3,213
3987,1,1,1,1,9,0,08-00803,32,0,2,501
8454,2,1,1,1,8,0,24-01004,53,1,3,501
18576,1,1,1,1,9,0,38-00100,35,3,5,501
5428,1,6,8,2,3,1,17-03529,27,0,N,153
18761,1,1,1,1,9,0,38-00100,47,0,2,501
24694,2,N,3,1,N,2,40-00200,6,5,7,22
4402,2,1,2,2,0,0,13-04600,25,0,2,105
4631,1,1,2,2,5,0,13-04600,46,0,3,501
2621,2,1,6,2,0,0,06-08507,35,2,4,391
17182,2,6,2,2,5,0,36-04010,49,0,N,271
23919,2,N,6,2,N,0,06-07502,1,2,4,501
6531,1,1,2,1,4,0,17-03531,81,0,2,157
21196,2,1,6,1,0,0,51-01301,77,1,5,501
22087,1,6,1,2,8,0,51-01301,27,0,N,501
14819,2,4,1,2,4,0,30-00600,57,0,2,220
16538,1,6,2,2,5,0,36-04010,34,0,3,480
15631,2,1,8,1,6,4,32-00405,54,0,8,366
10262,2,1,8,1,0,0,24-01004,37,1,3,501
21862,2,6,1,2,8,0,51-01301,28,0,N,501
2607,2,1,1,1,1,0,06-08507,50,1,4,501
687,1,4,1,0,6,0,06-08507,68,N,N,N
20430,1,1,1,1,8,0,40-00200,27,2,4,247
21089,1,1,1,1,9,0,51-01301,59,0,2,501
7785,2,4,2,2,1,0,19-01700,38,5,7,10
11206,1,1,1,2,0,0,26-02702,25,0,2,267
24368,2,N,1,1,N,0,38-00100,12,2,4,303
14056,2,1,1,1,5,0,30-00600,37,4,6,261
5035,2,6,2,1,8,0,13-04600,48,0,N,488
25066,2,N,2,2,N,0,17-03529,12,2,3,92
21137,1,1,1,1,9,0,51-01301,58,1,3,501
23993,1,N,6,1,N,0,06-08507,14,2,4,501
700,1,6,6,0,7,0,06-07502,53,N,N,501
20221,2,6,3,2,4,0,40-00200,20,1,4,465
21597,1,1,1,1,9,0,51-51255,40,1,3,501
18633,2,1,1,2,7,0,38-00100,40,1,4,291
12935,2,6,1,2,5,0,29-01901,30,0,N,226
24734,1,N,9,1,N,0,40-00200,12,4,6,321
7396,1,4,1,1,4,0,19-01700,67,0,2,323
18129,1,6,1,2,3,0,38-00100,61,0,N,144
1207,2,6,1,2,8,0,06-07502,34,0,N,501
17636,1,6,8,2,0,4,36-04010,20,2,4,253
4165,1,6,1,0,0,0,13-04600,20,N,N,N
25919,2,N,1,1,N,0,51-01301,13,2,4,501
16297,2,1,2,2,9,2,36-03710,38,3,5,501
21945,2,1,1,1,7,0,51-01301,71,0,2,501
10221,1,2,1,2,9,0,24-01004,37,0,N,501
609,1,1,2,1,8,0,01-01301,81,0,3,501
9678,2,1,1,1,0,0,24-01004,69,0,2,501
15826,1,4,1,1,6,3,32-00405,40,0,N,302
10798,1,1,1,1,9,0,26-02702,58,1,3,501
6568,2,1,1,1,9,0,17-03529,46,0,2,501
21770,1,1,1,1,9,0,51-51255,49,0,2,501
6304,1,6,2,2,6,0,17-03531,64,0,8,168
10839,1,1,6,1,7,0,26-02702,42,4,6,317
26692,1,N,2,2,N,0,28-01100,8,5,6,33
7164,2,4,2,1,8,0,17-03529,50,0,N,501
12966,1,6,2,1,2,0,29-01901,26,0,2,217
534,2,4,2,1,5,0,01-01301,72,0,N,228
11814,1,1,1,2,9,0,28-01100,71,0,4,501
13737,1,6,1,1,7,0,30-00600,23,0,2,414
18899,2,3,1,2,2,0,38-00100,77,0,N,78
23920,2,N,6,2,N,0,06-08507,14,1,4,501
21364,2,1,1,1,9,0,51-51255,48,2,4,501
1411,2,6,6,1,7,0,06-07502,64,0,N,458
23268,1,N,8,1,N,1,32-00405,9,2,4,186
2824,1,1,6,2,9,0,06-08507,48,2,4,501
22993,2,3,1,2,9,0,51-51255,62,0,N,501
13517,2,6,1,1,4,0,30-00600,19,0,3,501
1892,1,1,6,2,9,0,06-07502,34,0,2,501
7316,1,6,2,0,1,0,19-01700,26,N,N,15
10351,2,6,1,2,8,0,24-01004,61,0,2,501
5867,2,4,2,2,1,0,17-03529,56,0,2,11
12740,1,5,1,1,8,0,29-01901,63,0,N,443
1628,2,1,1,1,5,0,06-08507,56,0,4,161
14054,1,1,1,1,7,0,30-00600,33,2,4,271
20321,1,1,9,2,6,0,40-00200,36,0,3,244
3007,1,6,1,0,3,0,08-00803,21,N,N,N
2633,2,6,1,2,9,0,06-07502,34,0,N,501
9827,2,1,6,1,8,0,24-01004,44,3,7,501
19178,2,1,1,1,5,0,38-00100,29,1,3,501
1336,1,1,1,1,6,0,06-08507,94,0,4,501
19221,1,4,1,2,7,0,38-00100,68,0,N,463
21571,2,4,1,1,3,0,51-01301,80,0,N,128
3599,1,1,1,2,1,0,08-00803,57,0,2,360
11596,2,5,2,1,3,0,28-01100,60,0,N,85
5174,1,6,1,0,0,0,17-03529,18,N,N,N
6025,2,3,2,1,7,0,17-03531,69,0,N,446
2478,2,1,6,2,8,0,06-07502,52,0,5,501
21578,1,6,1,1,0,0,51-01301,15,2,4,501
22408,1,1,6,1,9,0,51-51255,41,0,2,501
16310,2,6,8,2,0,1,36-03710,21,0,N,0
16255,2,6,2,2,6,4,36-03710,49,1,3,257
23794,2,N,1,2,N,0,06-08507,12,2,4,501
17606,2,6,2,2,8,0,36-03710,36,0,N,501
3284,1,6,1,2,3,0,08-00803,30,0,N,150
13098,1,4,2,1,0,0,29-01901,58,0,N,0
1652,1,6,6,2,9,0,06-08507,30,0,N,501
7494,2,4,1,1,6,0,19-01700,54,0,N,305
9668,2,4,1,1,9,0,24-01004,59,0,2,501
2560,1,1,1,1,7,0,06-08507,78,0,2,501
13275,2,6,1,0,2,0,30-00600,57,N,N,80
24664,1,N,1,1,N,0,08-00803,13,2,4,488
6292,1,1,2,1,8,0,17-03531,29,2,4,338
25992,1,N,1,2,N,0,51-01301,13,2,4,465
1984,2,6,1,2,8,0,06-07502,28,0,2,501
26771,2,N,2,1,N,0,28-01100,4,0,5,257
25939,2,N,1,1,N,0,51-01301,1,1,3,501
241,1,6,2,1,7,0,01-01301,27,0,2,501
14307,2,1,1,1,8,0,30-00600,38,2,5,344
16785,2,5,9,2,6,4,36-03710,40,0,3,387
18979,2,1,1,1,1,0,38-00100,69,0,2,201
4896,2,6,1,2,5,0,13-04600,23,0,N,226
2116,2,6,1,2,3,0,06-07502,33,0,N,90
26595,2,N,2,2,N,0,28-01100,9,3,5,200
12023,1,4,1,1,3,0,28-01100,52,0,N,72
5149,1,6,8,0,1,4,17-03529,17,N,N,37
13663,2,3,1,1,7,0,30-00600,64,0,N,372
1067,2,1,6,2,8,0,06-08507,45,1,3,501
10052,1,3,6,1,6,0,24-01004,89,1,5,501
22067,2,6,1,2,7,0,51-51255,43,0,N,501
25088,2,N,8,2,N,4,17-03529,9,4,5,191
24929,2,N,2,2,N,0,13-04600,10,2,3,243
3208,1,6,9,1,1,0,08-00803,15,3,4,28
11218,2,1,1,1,4,0,26-02702,64,0,2,501
9603,1,1,1,1,8,0,24-01004,78,0,2,501
15273,1,4,1,2,2,0,32-00405,63,0,N,68
12633,1,1,2,1,7,0,29-01901,75,0,3,323
23166,2,N,9,2,N,4,32-00405,0,5,6,71
23085,1,N,1,2,N,4,32-00405,11,2,3,98
2365,2,4,1,1,9,0,06-08507,44,2,3,501
12549,1,1,2,1,7,0,29-01901,65,0,2,460
14289,1,6,1,1,1,0,30-00600,16,1,4,99
1539,1,1,1,1,9,0,06-08507,36,3,5,501
19489,2,1,1,2,4,0,38-00100,58,0,4,501
22027,1,4,1,1,2,0,51-51255,61,0,N,94
24792,2,N,1,1,N,0,40-00200,1,1,5,97
11485,1,6,2,1,0,0,28-01100,19,0,6,219
26019,1,N,1,2,N,0,51-01301,6,4,6,387
25852,2,N,1,1,N,0,51-51255,1,2,4,501
26812,1,N,2,2,N,0,29-01901,6,3,4,0
13318,1,4,1,1,8,0,30-00600,44,0,N,501
8887,1,1,6,1,9,0,24-01004,63,0,2,501
19129,2,1,1,1,1,0,38-00100,60,0,2,285
24556,2,N,6,2,N,0,08-00803,12,3,5,501
6236,2,6,2,2,4,0,17-03529,21,0,4,193
27050,1,N,1,1,N,0,30-00600,7,0,7,501
15408,1,1,1,2,1,0,32-00405,74,0,2,11
15799,2,2,8,1,8,1,32-00405,45,0,8,219
1576,2,4,1,2,2,0,06-07502,82,0,N,69
22740,1,1,9,1,9,0,51-01301,47,0,2,501
16702,2,4,2,1,8,0,36-04010,56,0,3,501
25920,1,N,1,1,N,0,51-01301,11,3,5,501
1862,1,4,1,2,7,0,06-08507,71,0,N,484
15927,1,6,6,2,5,0,32-00405,44,0,N,234
22512,2,1,1,1,9,0,51-51255,51,2,4,501
2774,2,3,1,1,0,0,06-07502,72,0,N,0
9178,2,1,1,1,8,0,24-01004,56,1,3,501
23610,1,N,2,2,N,0,36-04010,12,3,5,397
19791,2,3,3,1,2,0,40-00200,61,0,N,74
4424,2,1,2,1,0,0,13-04600,62,0,3,2
27177,2,N,9,1,N,0,30-00600,7,5,7,265
4778,1,1,2,1,9,0,13-04600,62,0,2,501
19964,1,1,1,1,4,0,40-00200,40,0,3,256
8483,2,1,1,2,0,4,24-01004,41,1,4,90
10086,1,2,6,1,7,0,24-01004,27,2,5,501
25116,1,N,2,2,N,0,17-03529,0,1,2,17
284,2,6,2,2,2,0,01-01301,29,0,4,25
21520,1,1,1,1,6,0,51-51255,64,0,2,501
7199,2,6,1,2,6,0,17-03529,81,0,N,414
11297,2,1,6,2,0,0,26-02702,32,0,2,0
4777,2,1,2,1,2,0,13-04600,54,0,2,501
9350,2,1,6,1,1,0,24-01004,65,0,2,501
2423,2,4,6,1,1,0,06-08507,67,0,N,0
14585,1,1,1,1,6,0,30-00600,58,0,2,317
6210,2,1,2,1,3,0,17-03531,74,0,4,153
23376,1,N,2,2,N,0,01-01301,3,3,4,0
24225,2,N,1,1,N,1,38-00100,12,1,3,204
16626,1,6,2,1,2,0,36-04010,56,0,N,53
24047,2,N,9,1,N,0,06-07502,7,2,3,403
6955,1,1,1,1,9,0,17-03529,57,0,2,501
13069,2,1,2,1,7,0,29-01901,59,0,2,501
2140,2,3,1,1,9,0,06-07502,83,0,N,501
11847,2,6,2,2,3,0,28-01100,39,0,2,154
20334,2,1,1,1,0,1,40-00200,41,2,4,188
18500,1,6,1,2,7,0,38-00100,22,0,N,452
19059,1,1,1,1,8,0,38-00100,50,1,3,501
3910,1,1,1,1,7,0,08-00803,58,0,2,501
12863,1,4,2,1,3,0,29-01901,65,0,N,139
24952,2,N,2,2,N,0,13-04600,3,1,3,241
20238,1,2,1,1,4,0,40-00200,65,0,N,148
24945,2,N,2,2,N,0,13-04600,8,3,5,63
11902,2,6,2,2,1,0,28-01100,46,0,2,76
5013,1,6,2,2,4,0,13-04600,53,0,7,208
9604,1,1,1,1,9,0,24-01004,77,0,2,501
7723,1,1,1,1,8,0,19-01700,31,0,3,501
182,1,3,2,1,4,0,01-01301,68,0,N,128
19202,2,3,1,1,5,0,38-00100,87,0,N,268
27075,1,N,1,1,N,0,30-00600,7,2,4,501
4987,2,5,2,2,2,0,13-04600,58,0,N,70
24638,1,N,9,1,N,0,08-00803,13,1,3,501
23874,1,N,6,1,N,0,06-08507,13,2,4,501
19120,2,1,1,1,4,1,38-00100,34,0,2,348
1842,1,1,6,1,9,0,06-08507,42,2,4,501
24482,1,N,3,2,N,0,38-00100,5,0,6,37
13386,2,3,1,1,3,0,30-00600,75,0,N,143
8044,1,6,1,2,1,0,19-01700,22,0,N,37
26744,1,N,1,1,N,0,28-01100,14,1,3,459
8057,2,2,1,2,0,0,19-01700,18,0,2,209
17883,1,1,1,2,8,0,38-00100,41,3,6,301
1176,1,6,1,2,6,0,06-07502,32,0,N,351
17,2,6,1,0,1,0,01-01301,21,N,N,N
19503,2,6,1,1,0,0,38-00100,20,0,3,494
3091,1,6,6,2,4,0,08-00803,26,0,N,232
7885,2,6,1,2,2,0,19-01700,25,0,N,71
2985,2,6,1,0,1,1,08-00803,20,N,N,N
10235,1,1,1,2,7,2,24-01004,30,2,4,311
12075,2,6,2,2,0,0,28-01100,19,1,4,207
26446,2,N,9,1,N,0,24-01004,6,2,4,501
8422,2,1,1,1,8,0,24-01004,49,1,4,501
22213,2,1,1,1,4,0,51-01301,67,0,2,501
8305,2,6,1,1,5,0,19-01700,29,0,3,406
22645,2,4,1,1,9,0,51-01301,73,0,N,501
4154,2,6,2,0,0,0,13-04600,22,N,N,N
26676,2,N,3,2,N,0,28-01100,9,0,3,45
22145,1,6,1,2,6,0,51-01301,26,0,N,410
14394,2,1,1,1,5,0,30-00600,63,0,2,300
2183,2,1,6,2,5,0,06-08507,44,2,4,178
8055,1,3,1,1,7,0,19-01700,84,0,N,446
20865,2,1,1,1,8,0,51-51255,35,2,4,501
13968,2,1,1,1,5,0,30-00600,73,0,2,464
24245,1,N,1,1,N,0,38-00100,4,3,5,231
3641,1,1,7,1,6,0,08-00803,66,0,2,466
12355,1,6,1,0,1,0,29-01901,44,N,N,9
21425,1,1,2,2,6,0,51-51255,35,0,2,501
6035,2,6,2,1,9,0,17-03531,72,0,N,501
1154,2,2,6,2,2,0,06-07502,75,0,4,501
19121,1,1,1,1,5,0,38-00100,38,0,2,348
3955,2,1,1,1,6,0,08-00803,61,0,3,501
7628,2,1,2,1,5,0,19-01700,60,0,2,434
6646,2,4,2,2,4,0,17-03529,74,0,N,206
15376,1,3,8,1,0,1,32-00405,76,2,5,100
26686,2,N,2,2,N,0,28-01100,1,3,5,106
24980,2,N,2,2,N,0,13-04600,7,2,3,81
15051,1,1,8,1,8,1,32-00405,58,1,4,501
11709,1,6,1,2,7,0,28-01100,61,0,N,304
14450,2,4,1,1,5,0,30-00600,72,0,N,257
2386,1,4,1,1,5,0,06-08507,56,0,N,254
16931,1,6,8,2,3,4,36-03710,30,0,4,158
8786,1,1,1,2,8,0,24-01004,34,0,2,501
222,1,6,2,1,1,0,01-01301,23,0,2,358
9553,2,1,1,1,5,0,24-01004,58,0,2,501
4728,1,1,2,2,3,0,13-04600,67,0,2,144
14883,2,4,1,0,3,0,32-00405,72,N,N,N
7699,1,6,1,1,7,1,19-01700,26,0,4,501
17987,1,1,1,1,9,0,38-00100,43,2,4,501
24509,1,N,1,1,N,0,38-00100,5,2,4,0
15704,2,6,8,1,1,3,32-00405,63,0,N,11
22729,1,1,1,1,9,0,51-51255,74,0,2,501
9797,1,1,1,1,8,0,24-01004,76,0,2,501
15113,1,1,1,1,8,0,32-00405,67,0,3,482
11178,1,1,1,1,7,0,26-02702,39,1,3,501
17675,2,4,8,2,0,2,36-03710,42,0,3,0
20433,2,1,3,1,3,0,40-00200,73,0,2,157
14791,1,6,1,1,4,0,30-00600,23,0,4,501
18519,1,4,1,2,5,0,38-00100,59,0,N,244
9963,2,1,1,1,2,0,24-01004,54,0,2,501
10081,2,1,1,1,9,4,24-01004,51,1,3,501
14287,2,1,1,1,1,0,30-00600,45,1,4,99
6653,1,1,2,1,3,0,17-03529,67,0,2,114
24666,1,N,3,2,N,0,40-00200,2,1,3,435
13975,1,6,3,1,1,0,30-00600,19,0,4,501
8889,1,1,1,1,6,0,24-01004,82,0,3,501
9953,2,4,1,1,9,0,24-01004,52,1,3,501
4847,1,1,6,1,5,0,13-04600,52,2,9,199
25868,2,N,1,1,N,0,51-51255,6,3,5,501
4808,2,6,9,2,3,0,13-04600,24,0,N,91
21741,2,1,1,1,6,0,51-01301,59,0,2,501
16584,2,3,2,1,5,0,36-04010,78,1,5,338
14071,1,1,1,1,7,0,30-00600,44,0,2,425
7099,2,1,9,2,5,0,17-03529,36,0,2,188
24513,2,N,1,1,N,0,38-00100,4,2,4,477
22071,1,1,2,2,6,0,51-51255,61,0,2,501
3956,1,1,1,1,9,0,08-00803,66,0,3,501
1064,2,1,6,2,5,0,06-08507,41,2,5,501
18840,1,6,1,1,1,0,38-00100,19,1,5,342
14969,2,6,1,2,0,1,32-00405,15,2,5,124
8374,2,4,1,0,1,0,24-01004,81,N,N,N
23892,1,N,6,2,N,0,06-07502,9,0,5,297
9967,2,1,1,1,2,0,24-01004,79,0,2,501
547,1,1,2,2,5,0,01-01301,64,0,2,178
24324,2,N,1,2,N,0,38-00100,7,3,5,92
25248,2,N,1,2,N,1,17-03529,5,3,4,63
6834,1,6,2,2,3,0,17-03529,55,0,N,151
10562,2,6,1,0,5,3,26-02702,18,N,N,N
6766,2,4,2,1,4,0,17-03531,69,0,2,245
19347,2,1,1,1,4,0,38-00100,46,3,5,82
12956,2,1,1,1,9,0,29-01901,76,0,2,501
6887,1,4,2,2,0,0,17-03531,69,0,2,501
4897,2,6,2,2,3,0,13-04600,30,0,N,122
14689,2,1,1,1,4,0,30-00600,38,2,4,329
2346,1,1,1,2,9,0,06-07502,38,0,2,501
8988,1,3,1,1,9,0,24-01004,90,0,N,501
2432,2,1,9,2,0,0,06-08507,48,2,4,501
24497,1,N,1,1,N,0,38-00100,3,2,4,466
26998,2,N,1,1,N,0,30-00600,5,6,8,144
20454,2,6,1,2,5,0,40-00200,16,3,5,501
8510,1,1,1,2,8,4,24-01004,44,2,4,421
16575,2,1,8,2,3,1,36-03710,40,2,6,187
6071,1,1,2,1,2,0,17-03529,56,2,5,168
13569,2,6,1,1,5,0,30-00600,46,0,N,221
19091,1,1,1,1,9,0,38-00100,49,0,2,501
3212,1,6,1,2,8,0,08-00803,22,0,N,501
4162,1,6,2,0,2,0,13-04600,65,N,N,N
22640,1,1,1,1,4,0,51-01301,73,0,2,145
9303,1,1,1,1,9,0,24-01004,46,2,4,501
25073,1,N,2,2,N,0,17-03529,11,5,6,98
11656,1,6,1,1,7,0,28-01100,29,1,2,367
15112,1,6,8,1,5,4,32-00405,31,0,3,501
5617,2,3,2,2,2,0,17-03531,94,0,2,228
17603,2,5,2,2,1,0,36-04010,59,0,4,182
17104,1,6,2,2,1,0,36-03710,21,0,5,99
9199,1,6,2,1,0,0,24-01004,20,1,11,501
4949,1,1,2,1,7,0,13-04600,73,0,2,501
10266,2,1,1,2,1,0,24-01004,45,1,3,501
20803,1,6,1,1,9,0,51-01301,28,0,N,501
15700,1,6,1,1,2,1,32-00405,21,0,4,101
19693,2,4,1,1,6,0,40-00200,79,0,N,301
13338,1,6,1,1,4,0,30-00600,24,0,N,180
10691,2,4,1,1,8,0,26-02702,35,0,N,501
11203,1,6,9,2,1,0,26-02702,24,0,N,11
22835,2,1,1,1,0,0,51-51255,73,0,2,501
6930,2,1,2,1,3,0,17-03531,79,0,2,501
21717,2,2,1,1,1,4,51-01301,16,1,4,501
18675,1,6,1,2,5,0,38-00100,30,0,N,298
16254,2,3,8,2,2,4,36-03710,74,1,4,102
2046,1,1,1,1,9,0,06-08507,49,0,2,501
693,1,6,6,0,1,0,06-07502,19,N,N,N
19188,2,1,1,1,4,0,38-00100,61,0,2,500
17456,2,1,2,2,0,0,36-04010,42,2,4,69
26616,2,N,8,1,N,0,28-01100,0,3,5,331
21276,2,6,1,2,7,0,51-01301,28,0,N,467
5347,1,6,2,2,4,0,17-03529,38,0,N,211
10925,2,1,6,2,0,0,26-02702,28,2,4,1
23443,1,N,8,2,N,2,36-03710,7,2,3,45
13266,1,6,1,0,0,0,30-00600,16,N,N,N
13585,2,4,1,1,8,0,30-00600,38,2,3,325
5557,2,4,2,2,4,0,17-03529,63,0,2,143
27180,2,N,1,2,N,0,30-00600,4,1,3,249
18430,2,1,1,1,7,0,38-00100,39,2,4,305
26230,2,N,1,1,N,0,24-01004,11,2,4,501
22334,1,1,1,1,9,0,51-51255,32,0,2,501
15853,1,1,1,1,7,1,32-00405,37,3,8,211
1003,2,1,1,2,6,1,06-07502,34,0,2,501
14205,2,1,1,1,3,0,30-00600,69,0,2,361
14294,1,1,1,1,3,0,30-00600,73,0,2,280
11986,1,1,2,1,5,0,28-01100,76,0,2,326
1081,1,1,6,2,6,0,06-08507,50,3,6,147
14359,2,3,1,1,9,0,30-00600,85,0,N,501
11725,1,6,2,1,6,0,28-01100,27,0,3,256
25943,1,N,9,1,N,0,51-01301,14,2,4,501
20415,1,3,3,1,4,0,40-00200,78,0,N,149
14632,1,4,3,1,6,0,30-00600,35,0,5,314
9892,1,1,1,1,9,0,24-01004,83,0,2,501
18045,1,1,1,1,1,0,38-00100,64,0,2,324
7023,2,5,2,2,6,0,17-03529,49,0,3,274
23345,2,N,1,1,N,0,01-01301,6,0,3,76
1801,1,6,1,2,9,0,06-07502,34,0,N,501
4519,1,6,2,1,7,0,13-04600,45,0,4,431
17497,2,2,2,1,9,0,36-04010,60,0,4,501
3847,2,1,1,1,2,0,08-00803,70,0,2,109
3449,2,6,1,1,4,3,08-00803,39,0,5,501
8233,1,6,1,1,6,0,19-01700,29,1,4,330
10763,2,6,1,1,7,0,26-02702,54,0,N,348
9285,1,1,1,2,9,0,24-01004,42,2,4,501
15798,1,6,8,1,0,1,32-00405,15,0,8,219
7453,2,3,1,1,5,0,19-01700,80,0,N,261
25828,2,N,1,1,N,0,51-01301,1,1,3,501
8998,1,1,1,1,9,0,24-01004,79,0,2,501
5706,1,1,2,1,4,0,17-03531,55,1,3,221
14228,2,4,1,1,7,0,30-00600,42,1,2,312
18366,1,1,1,2,5,1,38-00100,39,2,4,288
9991,1,1,1,1,9,0,24-01004,47,2,4,501
13530,2,6,1,2,1,1,30-00600,16,2,3,136
11808,2,6,2,1,2,0,28-01100,20,0,N,38
12813,2,6,2,1,2,0,29-01901,22,0,N,67
20607,1,6,3,1,4,0,40-00200,20,1,5,194
23649,2,N,2,2,N,0,36-04010,7,2,4,441
16133,1,6,9,0,0,3,36-03710,41,N,N,N
9,2,6,1,0,0,0,01-01301,21,N,N,N
18434,1,1,1,1,1,0,38-00100,77,0,4,501
12757,2,1,2,1,3,0,29-01901,64,0,2,354
9968,2,4,2,2,3,4,24-01004,64,0,2,136
17298,1,6,2,2,0,0,36-04010,17,4,5,108
20133,1,1,1,2,5,0,40-00200,30,0,2,218
15677,1,1,8,1,5,1,32-00405,36,4,6,102
9666,2,1,1,2,0,0,24-01004,31,2,4,214
16964,2,3,2,1,3,0,36-04010,80,0,2,157
11358,1,6,2,0,0,0,28-01100,55,N,N,0
2467,1,1,9,1,9,0,06-08507,58,1,3,501
17509,2,4,2,1,8,0,36-04010,40,2,5,400
26848,2,N,1,2,N,0,29-01901,4,2,4,501
14677,2,2,1,1,5,0,30-00600,81,0,N,273
14429,1,6,1,1,3,0,30-00600,59,0,N,134
24117,2,N,7,1,N,0,38-00100,2,1,3,343
20100,2,1,1,1,5,0,40-00200,52,0,2,400
22712,1,6,1,2,8,0,51-01301,27,0,N,501
2376,1,6,6,2,0,0,06-08507,15,2,4,501
22300,1,6,1,2,5,0,51-51255,24,0,N,325
23932,1,N,6,2,N,0,06-08507,0,1,3,501
1160,1,6,1,2,0,0,06-08507,16,2,5,501
11437,1,6,1,0,2,0,28-01100,89,N,N,N
5515,2,6,2,2,6,0,17-03529,30,2,7,333
10161,1,1,1,1,8,0,24-01004,63,0,2,501
21319,2,1,1,2,9,0,51-51255,64,0,2,501
2007,2,1,1,1,9,0,06-07502,45,2,4,501
944,2,1,1,1,4,0,06-07502,73,0,2,501
20582,1,6,1,1,0,0,40-00200,17,3,7,84
26570,2,N,1,1,N,0,26-02702,9,1,2,62
202,2,1,2,1,3,0,01-01301,68,0,3,297
22661,1,6,1,2,8,0,51-51255,28,0,N,501
19894,2,1,1,1,6,0,40-00200,46,1,5,283
24089,2,N,1,2,N,0,06-07502,0,1,3,501
4914,2,4,2,2,3,0,13-04600,29,2,3,81
415,2,6,9,1,0,1,01-01301,15,2,4,121
1483,1,6,1,2,9,0,06-08507,26,0,N,501
25189,1,N,2,2,N,0,17-03529,14,2,5,151
2578,2,2,6,1,1,0,06-08507,72,0,3,501
7531,1,1,1,1,6,0,19-01700,51,0,3,427
22185,1,1,1,1,9,0,51-51255,40,2,4,501
22329,2,3,1,1,9,0,51-51255,80,0,N,501
10399,1,1,8,1,9,4,24-01004,53,2,4,501
22634,1,1,1,1,1,0,51-01301,94,0,2,93
2057,2,1,1,1,0,0,06-08507,61,0,2,501
27248,2,N,3,2,N,0,30-00600,4,4,6,103
16181,2,4,2,1,3,0,36-04010,50,0,4,149
18878,1,1,1,1,9,0,38-00100,61,0,3,501
8799,1,1,1,2,6,0,24-01004,75,0,2,501
5255,1,6,1,0,0,0,17-03529,40,N,N,N
14049,2,4,1,1,7,0,30-00600,69,0,N,420
25565,1,N,2,2,N,0,19-01700,3,5,7,98
17383,2,6,2,2,8,0,36-03710,50,0,N,501
6070,2,2,6,1,8,0,17-03529,32,0,N,501
5846,1,3,2,1,5,0,17-03529,84,0,3,474
13565,1,6,1,2,5,0,30-00600,25,0,N,226
19705,2,4,1,1,8,0,40-00200,56,0,N,501
17858,1,1,1,2,5,0,38-00100,34,4,6,254
22246,2,4,1,1,5,0,51-51255,38,1,2,301
17094,1,6,2,1,0,0,36-04010,53,1,6,0
4929,1,6,2,2,5,0,13-04600,44,0,2,437
2114,1,6,1,2,9,0,06-08507,49,0,N,501
25737,2,N,1,1,N,0,51-01301,14,1,2,501
13552,2,3,1,2,3,0,30-00600,72,0,N,129
720,2,4,1,2,5,0,06-08507,60,0,N,280
15685,1,6,1,1,0,1,32-00405,17,0,4,299
15413,2,6,1,1,3,1,32-00405,46,0,N,114
13068,1,1,9,1,7,0,29-01901,71,0,2,501
16017,1,6,2,0,0,0,36-03710,33,N,N,N
13850,1,1,1,1,8,0,30-00600,37,3,5,446
9351,2,1,1,1,9,0,24-01004,64,0,3,501
20804,2,6,1,1,7,0,51-01301,28,0,N,501
24900,2,N,2,2,N,0,13-04600,11,3,4,116
21715,1,1,1,1,9,0,51-01301,53,1,4,501
4049,1,6,1,0,1,0,13-04600,18,N,N,N
26102,1,N,6,1,N,0,24-01004,2,3,5,501
20980,2,1,1,1,9,0,51-01301,48,1,3,501
15000,2,1,1,1,6,3,32-00405,68,0,2,262
10551,2,6,2,0,5,0,26-02702,19,N,N,N
8082,2,6,1,1,6,0,19-01700,64,0,N,279
16984,1,6,8,2,2,4,36-03710,25,0,5,217
18006,1,3,1,2,9,0,38-00100,71,0,N,501
13666,1,1,1,1,9,0,30-00600,65,0,2,501
13203,2,4,2,2,2,0,29-01901,61,0,N,69
7089,1,6,1,2,5,0,17-03529,26,0,N,287
16672,2,4,2,2,0,0,36-04010,62,0,2,181
27018,1,N,1,1,N,0,30-00600,6,2,4,445
2529,1,1,1,1,7,0,06-07502,60,0,2,501
1017,2,1,1,1,8,0,06-08507,76,0,2,501
4214,2,6,2,0,0,0,13-04600,20,N,N,N
10090,1,1,1,1,9,0,24-01004,74,0,2,501
24788,2,N,3,1,N,0,40-00200,8,2,4,286
579,1,6,2,2,5,0,01-01301,32,0,N,228
4338,1,2,6,2,5,0,13-04600,25,0,N,191
184,1,5,2,1,4,0,01-01301,50,0,3,254
15391,2,1,2,1,5,0,32-00405,44,2,5,314
27175,2,N,9,1,N,0,30-00600,11,5,7,265
11527,1,4,2,2,6,0,28-01100,47,0,3,256
17775,1,3,1,0,3,0,38-00100,85,N,N,N
19515,1,6,1,2,6,1,38-00100,34,0,N,366
13138,2,6,2,1,3,0,29-01901,24,3,4,65
13364,1,6,3,1,0,0,30-00600,18,0,4,75
25415,2,N,2,2,N,0,19-01700,7,1,2,230
24222,1,N,1,1,N,0,38-00100,1,1,3,441
7079,2,1,2,2,5,0,17-03529,39,3,5,331
2402,1,6,6,1,8,0,06-07502,55,0,N,501
23808,1,N,6,2,N,0,06-07502,9,0,7,484
2392,1,1,1,1,9,0,06-08507,36,1,3,501
22857,2,3,1,1,8,0,51-01301,80,0,N,501
23056,2,N,1,2,N,1,32-00405,8,3,4,135
17571,2,1,2,2,7,0,36-03710,31,0,2,501
5984,2,6,6,2,0,0,17-03529,21,0,N,0
21376,2,1,1,2,8,0,51-51255,33,0,2,501
24467,2,N,1,2,N,0,38-00100,5,3,4,139
17489,1,1,2,2,5,4,36-03710,39,0,2,302
17787,1,4,1,1,7,0,38-00100,54,0,N,458
14892,2,6,2,0,0,0,32-00405,24,N,N,N
25270,1,N,2,1,N,0,17-03531,1,1,6,393
4210,1,6,6,0,2,0,13-04600,18,N,N,N
17202,1,6,2,2,0,0,36-04010,15,0,6,329
26440,2,N,9,2,N,2,24-01004,3,2,4,311
3750,2,6,1,2,1,0,08-00803,20,0,N,7
2048,2,6,1,2,5,0,06-07502,30,0,N,268
7107,1,1,6,2,7,0,17-03529,30,0,2,407
23055,2,N,1,2,N,1,32-00405,14,3,4,135
22905,1,1,1,1,8,0,51-51255,48,2,4,501
1724,2,1,6,1,2,0,06-07502,86,0,3,501
4950,1,6,2,1,8,0,13-04600,72,0,N,501
3030,1,6,1,0,6,0,08-00803,18,N,N,N
6143,1,6,2,1,1,0,17-03531,18,0,3,293
19242,1,1,1,1,9,0,38-00100,33,2,4,501
2690,2,6,1,2,9,0,06-07502,70,0,N,501
21462,1,4,1,1,8,0,51-51255,32,0,N,501
2323,2,1,1,1,6,0,06-08507,80,0,2,454
6579,1,1,1,1,9,0,17-03529,58,0,3,501
2422,2,1,1,2,8,0,06-07502,72,0,2,501
13020,2,6,1,2,3,0,29-01901,21,0,N,113
13017,1,2,1,2,9,0,29-01901,48,0,N,501
6396,2,5,2,1,3,0,17-03529,59,0,2,219
23008,2,N,1,1,N,4,32-00405,6,2,11,113
24695,1,N,3,1,N,0,40-00200,5,5,7,22
25564,2,N,2,2,N,0,19-01700,6,5,7,98
12856,1,6,2,2,0,0,29-01901,19,1,3,11
5919,1,5,2,1,6,0,17-03529,39,0,N,321
4668,2,6,2,2,5,0,13-04600,35,1,3,161
7161,2,4,2,2,2,0,17-03531,66,0,2,132
21708,2,6,1,1,7,0,51-51255,62,0,N,501
7616,2,1,1,1,0,0,19-01700,32,2,4,219
12438,2,6,2,0,1,0,29-01901,21,N,N,N
12395,2,6,2,0,1,0,29-01901,60,N,N,N
24287,1,N,1,1,N,0,38-00100,13,2,4,305
6944,2,4,2,2,2,0,17-03529,50,0,3,78
13252,1,6,3,0,0,0,30-00600,15,N,N,N
10642,1,6,1,1,9,0,26-02702,48,0,N,501
14079,2,1,1,1,6,0,30-00600,59,0,2,245
2466,1,6,1,1,1,0,06-08507,51,0,2,349
19199,1,6,1,1,7,0,38-00100,57,0,N,445
1702,2,3,1,1,8,0,06-08507,82,0,N,501
27026,2,N,1,1,N,0,30-00600,6,3,5,380
10408,1,1,1,1,9,0,24-01004,75,0,3,501
19525,2,1,1,1,5,0,38-00100,63,0,2,501
9645,2,3,1,1,6,0,24-01004,81,0,N,430
2640,2,6,6,2,6,0,06-07502,24,0,N,306
11795,1,6,2,2,0,0,28-01100,29,0,3,112
4100,2,6,2,0,0,0,13-04600,22,N,N,0
21534,1,1,1,1,8,0,51-01301,69,0,2,501
25860,2,N,8,2,N,4,51-01301,9,2,4,38
14735,2,1,1,1,6,0,30-00600,62,0,2,359
7067,2,3,2,1,8,0,17-03531,76,0,N,501
12177,1,1,2,2,0,0,28-01100,49,0,2,51
7762,2,1,1,2,4,0,19-01700,45,0,2,368
17844,2,1,1,1,2,0,38-00100,77,0,2,161
3516,2,1,9,1,2,0,08-00803,56,1,3,501
12416,1,6,2,0,0,0,29-01901,78,N,N,N
12196,2,6,1,2,0,1,28-01100,17,1,2,103
24502,1,N,1,1,N,0,38-00100,5,2,3,501
20775,2,1,1,1,8,0,51-51255,36,1,3,501
12230,1,4,2,1,2,0,28-01100,58,0,N,64
2975,2,6,1,0,1,0,08-00803,19,N,N,N
19583,1,1,1,2,9,0,38-00100,31,4,6,384
16605,2,6,2,2,5,0,36-03710,37,0,N,263
19742,1,6,3,2,0,0,40-00200,20,0,2,0
9023,2,6,1,2,9,0,24-01004,61,0,N,501
15595,2,6,2,2,4,0,32-00405,23,1,2,113
14288,2,6,1,1,0,0,30-00600,20,1,4,99
6283,2,6,2,2,3,0,17-03529,55,0,N,151
23291,2,N,2,2,N,0,01-01301,2,2,3,155
1820,1,6,8,1,7,1,06-08507,32,0,N,501
21182,1,6,6,2,7,0,51-51255,35,0,4,439
9449,1,1,6,1,9,0,24-01004,51,1,3,501
15410,2,5,1,2,5,1,32-00405,53,0,4,300
23496,2,N,2,2,N,0,36-03710,10,1,3,58
16117,2,6,1,0,0,0,36-04010,15,N,N,N
3760,1,6,9,2,1,0,08-00803,22,0,N,39
2854,1,6,1,0,1,0,08-00803,19,N,N,N
75,2,6,2,0,0,0,01-01301,18,N,N,N
11426,1,6,2,0,0,0,28-01100,41,N,N,N
22960,1,6,1,2,4,0,51-51255,54,0,N,227
5811,1,1,2,2,4,0,17-03531,75,0,2,224
13791,2,1,1,1,3,0,30-00600,67,0,2,300
6021,2,1,2,1,4,0,17-03531,70,0,5,324
26058,1,N,1,1,N,0,24-01004,13,2,4,501
13984,1,1,1,1,8,0,30-00600,34,0,3,501
25314,1,N,2,2,N,0,17-03529,14,1,2,109
17869,1,4,1,1,5,0,38-00100,40,0,N,294
7064,2,4,2,1,7,0,17-03531,67,0,N,501
22749,2,6,1,1,9,0,51-51255,76,0,N,501
24564,1,N,1,1,N,0,08-00803,8,2,4,501
25754,1,N,1,1,N,0,51-01301,8,2,4,501
23845,1,N,1,1,N,0,06-08507,13,2,4,501
1061,1,5,2,2,2,0,06-07502,63,0,N,68
1262,1,6,6,1,0,0,06-08507,16,3,7,394
14777,1,6,1,1,9,0,30-00600,41,0,N,501
3484,2,6,1,1,8,0,08-00803,29,0,N,501
10067,1,1,1,1,7,0,24-01004,76,0,2,501
25024,1,N,2,2,N,0,17-03531,13,4,5,148
23456,1,N,2,2,N,0,36-04010,6,2,5,408
21498,1,1,1,1,6,0,51-01301,67,0,3,501
23495,1,N,2,1,N,0,36-04010,7,0,5,270
3710,1,6,1,2,0,1,08-00803,16,5,7,186
25188,2,N,2,2,N,0,17-03531,0,0,6,N
15231,2,1,1,2,0,1,32-00405,25,2,5,178
15025,2,3,2,2,2,0,32-00405,43,0,N,77
5600,2,2,2,2,4,0,17-03529,57,0,3,501
16671,2,6,2,2,5,0,36-04010,31,0,2,181
17588,1,4,2,2,4,0,36-03710,52,0,N,195
15444,2,1,8,1,4,1,32-00405,24,0,2,384
1540,2,1,1,1,8,0,06-08507,34,3,5,501
20438,1,1,1,1,7,0,40-00200,61,0,2,501
27066,2,N,1,1,N,0,30-00600,13,3,6,162
16298,1,1,2,2,6,0,36-03710,41,3,5,501
20249,2,1,1,1,7,0,40-00200,65,0,3,341
26220,2,N,6,1,N,0,24-01004,13,2,4,501
24488,1,N,1,2,N,0,38-00100,4,2,4,370
15073,2,2,8,1,4,1,32-00405,29,1,2,120
17494,2,6,8,2,4,4,36-03710,54,0,2,166
13121,1,5,2,1,8,0,29-01901,47,0,2,501
22079,1,6,1,2,4,0,51-51255,30,0,N,183
24499,2,N,1,2,N,0,38-00100,1,2,4,214
5775,1,2,2,2,3,0,17-03529,34,0,N,152
9231,2,6,1,1,8,0,24-01004,46,2,3,501
7230,2,6,9,2,9,0,17-03529,30,0,N,501
9776,1,4,1,2,9,0,24-01004,77,0,N,501
20694,1,6,1,0,0,0,51-51255,52,N,N,N
378,1,4,2,1,5,0,01-01301,85,0,N,227
17577,1,1,8,2,6,1,36-03710,48,0,3,309
20151,2,1,1,1,2,0,40-00200,67,0,2,158
13359,2,6,1,1,0,0,30-00600,15,2,5,103
19090,2,1,1,1,9,0,38-00100,38,0,2,501
19474,2,6,5,1,0,0,38-00100,20,0,9,41
15970,1,6,2,0,2,0,36-04010,31,N,N,73
16787,2,6,9,2,3,4,36-03710,60,0,3,387
17579,1,6,8,2,2,1,36-03710,25,0,3,309
9029,2,1,1,2,1,0,24-01004,83,0,2,86
2131,1,1,1,1,8,0,06-08507,81,0,2,501
14264,2,6,1,1,5,0,30-00600,27,0,3,501
24464,1,N,1,2,N,1,38-00100,3,1,2,170
20661,1,6,1,0,1,0,51-51255,19,N,N,N
7717,2,1,1,1,3,0,19-01700,49,1,4,501
5367,2,4,2,2,0,0,17-03529,51,3,5,0
1528,1,6,6,1,0,0,06-08507,29,0,3,501
26429,1,N,6,1,N,0,24-01004,13,3,5,501
27145,1,N,3,2,N,0,30-00600,2,3,4,77
2479,1,1,6,2,0,0,06-07502,63,0,5,501
14610,1,1,1,1,7,0,30-00600,63,0,2,476
728,2,1,1,1,0,0,06-08507,67,0,3,501
2276,2,5,1,1,4,0,06-08507,48,0,5,427
12677,1,4,1,1,6,0,29-01901,44,0,N,301
23304,2,N,2,1,N,0,01-01301,6,0,4,244
11020,1,6,1,1,8,0,26-02702,64,0,N,501
1474,2,1,1,1,9,1,06-08507,69,0,2,501
18565,1,1,1,1,2,0,38-00100,36,1,3,501
4842,1,6,2,1,9,0,13-04600,49,0,4,501
6882,2,3,2,2,2,0,17-03529,85,0,N,99
8540,2,3,1,2,3,0,24-01004,86,0,N,163
19747,1,3,1,1,3,0,40-00200,56,0,N,100
9309,2,3,1,1,9,0,24-01004,73,0,N,501
725,1,6,1,2,8,0,06-07502,59,0,N,501
2090,1,1,6,1,9,0,06-07502,47,0,2,501
19645,2,3,1,0,2,0,40-00200,68,N,N,42
14661,2,6,3,1,0,0,30-00600,15,0,2,0
19369,2,1,1,1,6,0,38-00100,24,1,3,501
25723,1,N,2,2,N,0,51-51255,10,2,4,501
24041,1,N,2,1,N,0,06-08507,14,1,3,501
13828,2,1,1,2,0,0,30-00600,33,2,4,440
11566,1,1,1,1,9,0,28-01100,75,0,2,501
18968,1,6,1,1,2,0,38-00100,23,1,2,58
11834,1,6,2,2,2,0,28-01100,51,0,N,64
23453,2,N,2,2,N,0,36-03710,14,2,4,3
18624,2,1,1,1,8,0,38-00100,39,2,4,501
6428,1,6,2,2,2,0,17-03529,94,0,N,82
26197,2,N,6,1,N,0,24-01004,7,2,5,501
25445,1,N,1,1,N,0,19-01700,10,3,6,501
17889,1,1,1,1,8,0,38-00100,43,2,4,501
17231,2,4,1,2,5,2,36-04010,38,2,4,218
3395,1,6,1,1,9,0,08-00803,36,0,N,501
8750,1,6,1,1,6,4,24-01004,39,0,2,501
8770,2,1,6,1,9,0,24-01004,49,1,3,501
2869,2,6,1,0,0,0,08-00803,18,N,N,N
14555,2,1,5,1,3,0,30-00600,63,0,2,459
16705,2,3,1,2,2,2,36-03710,81,0,3,178
20369,2,6,3,1,7,0,40-00200,49,0,4,242
19548,1,1,1,1,6,0,38-00100,66,0,2,419
17777,1,1,1,1,8,0,38-00100,65,0,2,501
22500,2,6,6,1,3,0,51-51255,34,0,N,148
8565,2,1,2,2,9,0,24-01004,37,0,2,501
15692,2,6,1,2,0,4,32-00405,42,1,3,31
5981,2,6,2,2,0,0,17-03531,16,1,3,482
22605,2,1,1,1,9,0,51-51255,49,0,2,501
24547,2,N,1,2,N,0,08-00803,10,4,6,501
5060,2,6,2,2,2,0,13-04600,60,0,N,64
1049,1,1,1,1,9,0,06-08507,52,2,4,501
9334,2,1,8,1,6,1,24-01004,42,0,2,501
1778,2,1,6,1,7,0,06-08507,44,0,2,501
25606,1,N,1,1,N,0,51-01301,10,4,6,501
5185,1,6,1,0,1,0,17-03529,34,N,N,45
11100,2,4,1,2,3,0,26-02702,67,0,N,112
121,2,4,2,1,5,0,01-01301,70,0,N,242
11697,1,1,2,1,5,0,28-01100,77,0,3,405
36,2,6,2,0,2,0,01-01301,72,N,N,N
4753,2,6,1,1,8,0,13-04600,49,0,N,501
12858,2,6,2,1,3,0,29-01901,86,0,N,147
17952,2,1,1,1,5,0,38-00100,36,3,5,378
19927,1,1,1,1,8,0,40-00200,63,0,2,340
8916,2,6,1,1,5,0,24-01004,48,0,3,501
838,2,6,1,1,2,0,06-08507,20,1,4,501
22230,1,6,1,1,9,0,51-01301,36,0,N,501
5970,2,6,2,2,6,0,17-03529,65,0,N,407
27146,2,N,3,2,N,0,30-00600,1,3,4,77
13075,1,4,2,1,2,0,29-01901,61,0,2,217
26297,2,N,1,1,N,0,24-01004,6,2,4,68
6798,2,1,1,1,7,0,17-03529,39,2,4,438
5663,2,1,2,1,5,0,17-03531,71,0,2,501
26076,1,N,1,1,N,0,24-01004,10,3,5,501
21060,1,1,1,1,7,0,51-01301,89,0,3,501
8313,1,6,2,2,6,0,19-01700,55,0,N,317
11129,1,1,1,1,9,0,26-02702,40,2,4,501
19395,2,4,1,1,9,0,38-00100,36,0,N,501
21553,2,6,1,1,9,0,51-51255,86,0,N,501
22564,2,3,6,2,6,0,51-51255,66,2,5,501
9288,2,6,1,1,1,0,24-01004,17,2,4,501
2937,1,6,1,0,0,0,08-00803,20,N,N,N
2256,1,1,6,1,5,0,06-08507,65,0,2,501
21284,2,1,1,1,9,0,51-51255,69,0,2,501
11848,2,6,2,2,4,0,28-01100,67,0,N,138
2111,1,6,6,2,3,0,06-07502,33,0,N,132
15964,1,6,8,0,0,4,36-03710,28,N,N,0
15863,2,3,8,1,0,4,32-00405,86,0,5,188
23325,1,N,2,2,N,0,01-01301,1,0,4,25
25629,1,N,1,1,N,0,51-51255,10,3,5,501
25645,2,N,1,2,N,0,51-01301,11,1,2,501
15576,1,1,2,2,0,0,32-00405,55,0,2,124
19530,1,6,1,1,9,0,38-00100,27,0,N,501
1292,2,4,1,2,2,0,06-07502,37,0,2,57
10440,2,6,6,0,5,0,26-02702,18,N,N,N
8898,1,4,1,1,3,0,24-01004,95,1,4,501
8073,1,1,1,1,7,0,19-01700,67,0,2,345
1502,2,6,1,2,0,0,06-08507,16,2,4,501
13620,2,4,1,1,5,0,30-00600,68,0,N,248
24283,1,N,1,1,N,0,38-00100,12,3,5,422
8065,1,1,1,1,7,1,19-01700,29,1,3,428
19013,1,1,1,1,4,0,38-00100,52,0,2,287
17507,2,4,2,1,7,0,36-04010,55,0,2,406
4172,1,6,2,0,0,0,13-04600,18,N,N,N
8610,1,1,1,1,9,0,24-01004,54,1,3,501
13327,1,1,1,1,6,0,30-00600,42,1,4,396
1845,1,6,1,2,6,0,06-07502,34,0,N,318
26470,1,N,1,1,N,0,24-01004,10,2,4,501
12262,2,6,2,1,5,0,28-01100,67,0,3,169
23133,1,N,1,2,N,0,32-00405,12,3,4,214
85,1,2,2,0,5,0,01-01301,71,N,N,N
25781,2,N,9,1,N,0,51-51255,6,3,5,501
22831,2,1,1,2,8,0,51-01301,34,0,2,501
12038,2,1,2,1,0,0,28-01100,47,1,4,280
19492,1,2,8,2,6,1,38-00100,26,0,4,501
18116,1,1,1,1,9,0,38-00100,68,0,2,501
26374,1,N,1,1,N,0,24-01004,4,4,6,501
7612,1,6,8,1,9,1,19-01700,35,3,4,501
7314,1,6,1,0,2,0,19-01700,21,N,N,N
15142,2,4,1,1,6,1,32-00405,41,1,2,223
21236,2,4,2,2,6,3,51-51255,40,0,N,413
23995,1,N,1,2,N,0,06-08507,14,1,3,501
4634,2,1,3,1,9,0,13-04600,48,0,3,501
10705,1,1,1,1,0,0,26-02702,58,0,2,353
22725,1,1,1,2,5,0,51-01301,39,0,2,501
14502,2,6,1,2,5,0,30-00600,22,0,N,226
21268,1,1,1,2,8,0,51-51255,34,2,4,501
4982,2,1,2,2,2,0,13-04600,51,0,2,312
26371,1,N,2,2,N,0,24-01004,11,3,4,15
6754,1,5,2,2,3,0,17-03529,66,0,N,140
4871,2,4,2,2,3,0,13-04600,58,0,3,501
23213,1,N,8,1,N,0,32-00405,9,4,6,102
9880,1,1,1,1,9,0,24-01004,54,0,3,501
2,2,3,2,0,3,0,01-01301,74,N,N,N
16510,2,6,2,1,4,0,36-04010,34,0,N,151
2816,2,6,1,2,9,0,06-07502,32,0,N,501
12841,2,6,2,1,6,0,29-01901,28,0,N,273
14233,2,1,1,1,3,0,30-00600,26,0,2,501
22658,2,5,1,1,7,0,51-01301,56,0,N,501
16960,1,6,2,2,5,0,36-04010,32,0,N,305
21078,1,1,2,1,5,0,51-51255,61,0,2,383
11842,1,6,2,2,3,0,28-01100,37,0,N,90
21755,2,6,1,1,4,0,51-51255,28,0,2,199
24970,1,N,6,1,N,0,13-04600,11,2,9,199
24987,1,N,2,2,N,0,13-04600,6,0,7,208
20640,2,6,1,0,1,0,51-51255,18,N,N,N
26332,1,N,1,1,N,0,24-01004,9,5,7,501
14219,2,1,1,1,6,0,30-00600,61,0,2,501
12979,1,4,1,2,3,0,29-01901,70,0,3,177
1029,1,6,9,1,2,0,06-08507,19,0,3,501
11762,2,1,1,2,7,0,28-01100,22,0,2,294
17984,1,1,1,1,8,0,38-00100,48,0,3,490
9611,2,6,1,1,1,0,24-01004,19,0,3,501
6185,1,6,2,2,8,0,17-03529,50,1,2,447
13099,2,6,2,1,4,0,29-01901,57,0,N,151
19372,1,6,1,2,8,0,38-00100,39,0,N,501
5236,1,6,2,0,0,0,17-03529,41,N,N,0
16803,1,6,2,2,1,0,36-03710,50,1,2,36
20518,2,3,1,2,3,0,40-00200,80,0,N,118
7928,1,4,1,1,8,0,19-01700,52,1,2,404
11294,2,6,1,2,8,0,26-02702,26,0,N,501
2902,2,6,1,0,2,0,08-00803,75,N,N,N
14692,1,6,1,1,7,0,30-00600,33,0,N,364
15787,1,4,8,2,5,1,32-00405,35,5,6,90
22978,1,6,1,2,6,0,51-01301,22,0,N,333
10194,2,1,1,1,1,0,24-01004,65,0,3,501
21574,1,4,1,1,9,0,51-51255,68,0,2,501
4839,1,6,2,1,6,0,13-04600,63,0,4,286
25079,2,N,2,1,N,0,17-03531,14,1,3,221
10656,1,1,1,1,9,0,26-02702,63,0,4,501
2308,1,2,1,2,9,0,06-07502,87,0,N,501
3437,1,4,1,1,7,0,08-00803,62,0,N,454
14597,2,6,1,2,4,0,30-00600,18,0,N,152
2802,2,1,1,1,8,0,06-08507,80,0,2,501
24528,1,N,9,0,N,1,08-00803,10,N,N,N
9842,2,6,6,1,2,0,24-01004,33,1,2,97
9171,2,1,1,1,9,0,24-01004,62,0,4,501
5890,1,6,2,2,4,0,17-03529,25,0,N,173
6301,1,6,2,1,1,0,17-03531,17,2,5,153
17563,2,6,2,1,4,4,36-04010,48,0,3,501
21293,2,1,1,1,8,0,51-51255,31,1,3,501
8973,1,6,1,1,0,0,24-01004,15,1,4,501
26436,1,N,1,1,N,0,24-01004,13,1,3,501
25894,1,N,1,1,N,0,51-51255,8,3,5,501
7603,2,6,1,1,6,0,19-01700,28,1,2,259
15842,1,1,1,1,6,1,32-00405,56,2,5,206
8113,1,1,1,1,9,0,19-01700,30,0,2,501
24495,2,N,1,2,N,0,38-00100,3,2,3,0
9813,2,1,1,1,9,0,24-01004,41,2,4,501
17283,2,1,2,2,4,0,36-04010,61,0,2,501
8171,1,6,1,2,8,0,19-01700,25,0,N,501
22596,2,1,6,1,9,0,51-01301,35,1,3,501
5062,1,1,2,1,7,0,13-04600,76,0,2,501
12044,2,4,2,2,3,0,28-01100,74,0,3,211
5914,1,4,2,2,4,0,17-03529,64,0,N,191
18380,1,6,1,1,0,0,38-00100,17,4,6,285
25519,2,N,1,1,N,0,19-01700,13,3,5,332
2781,1,6,1,2,9,0,06-07502,28,0,N,501
22080,1,3,1,1,5,0,51-01301,86,0,N,338
19103,2,1,1,1,0,0,38-00100,36,4,6,443
3907,2,6,1,2,5,0,08-00803,29,0,N,291
20050,2,4,1,2,2,0,40-00200,49,0,N,68
25003,2,N,2,1,N,0,13-04600,4,2,4,284
14684,1,1,1,1,2,0,30-00600,60,0,2,266
26464,2,N,2,2,N,0,24-01004,10,1,4,501
4886,1,4,2,2,2,0,13-04600,64,0,N,47
22869,2,1,1,2,5,1,51-01301,32,1,3,501
5065,2,6,2,1,4,0,13-04600,45,2,5,397
23066,2,N,9,2,N,1,32-00405,3,0,5,99
12181,1,6,2,1,0,0,28-01100,16,1,4,293
9193,2,1,1,1,9,0,24-01004,44,2,4,501
17248,2,6,2,2,5,0,36-04010,52,0,3,243
19596,1,4,1,0,2,0,40-00200,50,N,N,N
21118,1,1,1,1,6,0,51-01301,68,2,6,501
19266,2,3,1,1,5,0,38-00100,65,0,N,319
26491,2,N,6,2,N,0,26-02702,12,2,4,108
27170,2,N,2,2,N,0,30-00600,13,1,2,206
22715,1,6,1,2,6,0,51-51255,22,0,N,341
8502,2,6,1,1,6,0,24-01004,66,0,N,484
20892,1,6,6,1,5,0,51-01301,23,1,4,501
18186,1,1,1,1,6,0,38-00100,58,0,2,352
9858,1,1,6,1,9,0,24-01004,53,0,2,501
22607,1,1,9,2,3,0,51-51255,56,1,4,136
21523,1,6,1,2,7,0,51-01301,24,0,N,501
22380,1,6,1,1,0,0,51-01301,15,2,4,501
4184,2,6,2,0,0,0,13-04600,21,N,N,N
8059,2,5,1,1,6,0,19-01700,44,1,2,259
25851,1,N,1,1,N,0,51-51255,4,2,4,501
12213,2,1,2,1,5,0,28-01100,68,0,3,192
6340,2,6,2,2,3,0,17-03531,46,0,4,89
3621,2,1,1,1,1,0,08-00803,56,0,4,501
22193,2,6,1,1,2,0,51-01301,28,3,6,501
3746,2,1,1,1,8,0,08-00803,79,0,2,501
20278,1,4,9,1,7,0,40-00200,57,0,N,364
14227,1,4,1,1,6,0,30-00600,64,0,N,321
27201,1,N,1,1,N,0,30-00600,11,2,4,310
12317,2,1,2,1,6,0,28-01100,67,0,2,350
4862,2,4,2,2,5,0,13-04600,56,0,3,322
4042,2,6,1,0,1,0,13-04600,18,N,N,N
13889,1,6,1,1,2,0,30-00600,22,0,3,365
5383,1,4,2,2,5,0,17-03531,26,0,N,271
16452,2,1,2,1,7,0,36-04010,57,0,9,501
9771,2,6,1,2,7,0,24-01004,25,0,N,501
12891,1,6,1,2,1,0,29-01901,23,0,N,1
23648,1,N,2,2,N,0,36-04010,6,4,5,266
14537,1,1,1,1,7,0,30-00600,67,0,2,501
18079,1,6,1,1,6,0,38-00100,49,0,2,501
6299,1,1,2,1,4,0,17-03531,62,2,5,153
23749,2,N,1,2,N,0,06-08507,9,2,4,501
24622,1,N,1,1,N,0,08-00803,8,2,4,501
18828,2,1,1,1,1,0,38-00100,76,0,3,501
12323,2,4,2,1,3,0,28-01100,79,0,N,84
19972,2,6,3,1,4,0,40-00200,30,2,5,186
22904,2,1,1,1,8,0,51-51255,43,2,4,501
24227,1,N,1,1,N,0,38-00100,3,2,4,501
26518,1,N,6,1,N,0,26-02702,6,2,4,95
698,2,2,2,0,0,0,06-07502,44,N,N,0
5469,1,1,2,1,9,0,17-03531,45,3,5,415
16994,1,1,2,1,3,0,36-04010,63,0,2,401
13742,2,1,1,1,0,0,30-00600,24,2,4,234
19180,1,1,5,1,6,0,38-00100,62,0,2,280
13088,2,1,2,1,2,0,29-01901,82,0,2,100
13731,1,6,1,2,3,0,30-00600,29,0,3,180
18157,2,1,1,1,3,0,38-00100,57,0,2,501
21490,1,1,2,2,7,0,51-51255,31,2,4,501
2683,2,6,1,1,1,0,06-08507,16,1,3,501
6701,1,1,2,1,4,0,17-03531,82,0,2,441
9947,1,1,1,1,9,0,24-01004,70,0,2,501
24692,2,N,3,1,N,2,40-00200,8,5,7,22
23189,2,N,1,1,N,1,32-00405,10,0,4,N
9526,2,1,1,1,9,0,24-01004,41,1,3,501
21955,1,1,1,1,8,0,51-51255,72,0,2,501
9899,2,1,6,1,9,0,24-01004,68,0,2,501
22106,1,6,1,2,3,0,51-01301,24,0,N,150
15228,1,6,8,2,2,2,32-00405,21,0,3,447
10029,2,3,1,2,9,0,24-01004,88,0,N,501
856,1,1,1,1,8,0,06-08507,94,0,2,501
3601,1,6,1,2,1,0,08-00803,21,0,N,7
13034,2,4,2,1,4,0,29-01901,72,0,N,169
16481,1,1,2,1,3,0,36-04010,49,2,4,497
19905,1,4,1,1,5,1,40-00200,37,0,3,377
23086,1,N,6,1,N,0,32-00405,12,1,7,465
12579,2,3,2,1,3,0,29-01901,79,0,2,155
14092,2,1,1,1,4,0,30-00600,68,0,2,338
9803,2,1,1,1,2,4,24-01004,69,0,2,348
15499,2,1,1,1,9,0,32-00405,41,1,4,501
21444,2,1,1,1,8,0,51-01301,40,2,4,501
13801,2,6,1,1,1,0,30-00600,52,0,4,92
24355,1,N,1,1,N,0,38-00100,6,3,5,435
21221,1,1,1,1,9,0,51-51255,57,0,2,501
16443,1,6,2,1,8,0,36-04010,43,0,N,501
19277,1,1,1,1,5,0,38-00100,53,0,2,235
16231,2,1,8,2,2,4,36-03710,55,0,2,107
20830,2,1,1,1,9,0,51-51255,38,4,6,501
14456,1,1,1,1,7,0,30-00600,58,0,2,339
5899,2,6,6,2,0,0,17-03529,70,0,N,0
4782,1,6,1,2,8,1,13-04600,27,0,N,501
981,1,6,6,2,6,0,06-07502,22,0,2,485
21608,1,6,1,1,7,4,51-51255,30,0,N,501
21286,2,6,6,1,0,0,51-01301,16,1,2,316
22674,1,6,9,2,7,4,51-51255,41,0,2,455
21634,2,6,1,2,7,0,51-51255,30,0,N,501
11528,1,6,2,2,5,0,28-01100,26,0,3,256
10331,1,1,2,2,7,0,24-01004,56,1,4,501
3490,2,4,1,1,4,0,08-00803,58,0,4,501
11581,1,1,2,2,7,0,28-01100,52,0,2,310
5906,1,1,2,2,7,0,17-03531,58,0,3,501
1999,2,6,6,2,8,0,06-07502,24,0,N,501
18081,1,1,1,1,6,0,38-00100,66,0,3,501
4367,2,1,2,1,7,0,13-04600,81,0,2,501
12133,1,6,2,1,6,0,28-01100,28,0,2,295
20695,2,4,1,0,2,0,51-01301,87,N,N,N
7233,2,3,2,2,2,0,17-03529,61,0,N,71
4672,2,4,9,1,9,0,13-04600,37,0,N,501
11458,1,1,2,1,8,0,28-01100,74,0,3,501
19855,2,1,1,1,2,0,40-00200,78,0,2,158
2765,1,6,8,2,4,1,06-08507,35,0,4,501
21170,2,1,1,1,5,0,51-01301,83,0,2,501
27072,1,N,1,2,N,0,30-00600,11,2,4,231
5357,1,6,2,1,0,0,17-03531,20,0,3,250
18564,2,1,1,1,9,0,38-00100,35,1,3,501
26245,1,N,1,1,N,0,24-01004,0,2,4,501
25440,1,N,6,1,N,0,19-01700,6,5,8,166
4349,2,6,2,2,5,0,13-04600,26,1,2,184
21277,2,1,1,1,7,0,51-51255,35,1,3,501
16835,1,5,2,2,3,0,36-03710,35,1,2,83
15922,2,1,8,1,4,1,32-00405,42,0,3,278
1655,1,6,1,2,7,0,06-07502,28,0,N,488
16643,2,1,2,2,4,0,36-04010,67,0,2,501
4339,1,2,6,2,0,0,13-04600,25,0,N,0
6747,2,6,2,2,1,0,17-03529,20,0,N,6
12913,1,1,2,2,2,0,29-01901,64,0,2,79
17396,2,3,2,2,4,0,36-04010,66,0,N,181
1138,2,6,1,2,8,0,06-07502,49,0,N,501
22939,1,4,1,2,5,0,51-51255,43,0,N,267
8643,2,1,1,1,9,4,24-01004,41,2,4,501
3104,1,1,1,1,7,0,08-00803,42,3,5,334
7741,2,4,1,2,5,0,19-01700,50,0,N,265
17637,2,2,8,1,4,4,36-03710,60,0,N,180
14411,1,1,1,1,7,0,30-00600,30,1,3,413
10100,2,6,1,1,1,0,24-01004,22,2,4,15
25123,1,N,2,2,N,0,17-03531,8,3,4,231
16592,1,6,2,1,1,0,36-04010,29,0,4,241
2606,1,1,1,1,9,0,06-08507,46,1,4,501
5270,2,6,2,0,1,0,17-03529,60,N,N,N
20408,2,1,3,1,2,0,40-00200,82,0,2,136
3798,1,4,1,1,6,0,08-00803,54,0,N,339
17371,2,6,1,2,5,4,36-03710,50,0,2,284
15093,2,1,1,2,4,1,32-00405,37,3,6,149
19312,2,1,1,1,3,0,38-00100,75,0,2,471
16979,2,4,8,2,2,2,36-03710,66,0,3,93
18932,1,4,1,1,9,0,38-00100,72,0,N,501
13207,1,6,2,1,1,0,29-01901,15,1,3,94
7359,1,4,1,1,8,0,19-01700,54,0,N,501
7992,1,6,1,2,1,1,19-01700,18,1,3,105
25607,2,N,1,1,N,0,51-01301,6,4,6,501
23641,1,N,8,2,N,1,36-03710,14,2,4,135
673,1,3,1,0,1,0,06-07502,66,N,N,N
26217,1,N,1,1,N,0,24-01004,12,2,4,501
22522,2,6,1,2,7,0,51-01301,32,0,N,455
7647,2,6,1,1,5,0,19-01700,69,0,N,280
16125,1,6,2,0,0,0,36-03710,38,N,N,N
7353,2,6,1,2,2,0,19-01700,67,0,N,74
20248,2,6,1,1,1,0,40-00200,40,0,7,6
23250,1,N,8,2,N,1,32-00405,2,5,6,90
4603,2,6,1,2,4,0,13-04600,31,4,5,64
17244,2,3,2,1,2,0,36-04010,89,0,5,501
979,1,1,1,2,9,0,06-08507,33,2,4,501
11784,1,1,2,2,6,0,28-01100,46,5,7,103
22395,2,1,1,1,9,0,51-01301,44,3,5,501
10137,1,6,1,1,0,0,24-01004,15,4,6,501
14284,1,1,1,1,7,0,30-00600,52,0,3,501
9623,1,1,1,1,9,0,24-01004,78,0,2,501
4390,2,4,2,1,7,0,13-04600,46,0,N,381
12188,2,6,2,2,2,0,28-01100,26,2,3,39
2406,1,1,1,2,6,0,06-07502,42,0,2,501
12004,1,6,2,1,7,0,28-01100,47,0,3,388
18455,2,4,1,2,5,0,38-00100,89,0,N,304
4195,1,4,1,0,0,1,13-04600,29,N,N,N
15180,2,4,1,1,1,0,32-00405,47,1,2,17
12610,1,6,2,1,8,0,29-01901,48,0,N,452
17696,1,2,8,2,2,2,36-03710,59,0,N,63
8915,1,6,1,1,4,0,24-01004,55,0,3,501
17997,2,2,3,2,3,0,38-00100,36,2,5,265
21695,2,4,2,2,9,0,51-51255,40,0,N,501
19232,2,4,1,1,4,0,38-00100,72,0,N,193
5910,2,1,2,1,2,0,17-03531,64,0,3,215
10471,1,4,2,0,3,0,26-02702,62,N,N,120
2713,2,6,1,2,9,0,06-07502,60,0,N,501
377,2,3,2,1,5,0,01-01301,85,0,N,213
17552,2,2,2,2,3,0,36-04010,60,1,6,182
23367,1,N,1,1,N,0,01-01301,2,2,4,87
7020,2,6,2,1,1,0,17-03531,19,0,4,260
16360,1,6,2,2,0,0,36-04010,20,1,3,188
2933,1,6,1,0,1,0,08-00803,18,N,N,11
9392,1,1,1,1,9,0,24-01004,57,0,2,501
24219,1,N,1,1,N,0,38-00100,7,4,6,439
2805,2,1,1,2,3,0,06-08507,52,0,2,501
6082,1,4,2,1,4,0,17-03531,65,0,N,170
17562,2,3,2,1,8,4,36-04010,67,0,3,501
15915,1,6,1,1,4,1,32-00405,38,5,8,176
21061,2,1,1,1,5,0,51-01301,87,0,3,501
7731,2,3,1,1,6,0,19-01700,63,0,N,334
11385,2,6,2,0,0,0,28-01100,21,N,N,N
9324,2,6,1,1,0,0,24-01004,17,2,4,501
22598,1,1,2,2,6,0,51-01301,49,2,4,289
16632,2,3,2,1,2,0,36-04010,62,0,2,65
13619,1,1,3,1,0,0,30-00600,63,0,2,185
25258,2,N,2,2,N,0,17-03529,12,0,2,213
4237,1,6,6,0,1,0,13-04600,18,N,N,N
17042,1,1,6,1,9,0,36-04010,64,0,7,501
18896,1,6,1,2,1,0,38-00100,44,0,N,14
21353,2,3,1,1,7,0,51-51255,88,0,N,501
26272,2,N,1,1,N,0,24-01004,7,2,6,169
26294,1,N,1,2,N,0,24-01004,8,2,4,467
9069,1,1,1,1,2,0,24-01004,49,2,5,152
3718,2,3,1,1,2,0,08-00803,93,0,3,501
10339,1,6,1,1,0,0,24-01004,15,3,5,501
1936,1,3,1,1,9,0,06-07502,87,0,N,501
3605,2,1,1,1,7,0,08-00803,43,2,4,501
10079,1,1,1,1,9,0,24-01004,64,0,2,501
19589,1,6,1,0,4,0,40-00200,58,N,N,164
4816,2,6,2,2,1,0,13-04600,36,1,2,4
3906,1,6,1,2,6,0,08-00803,27,0,N,380
27118,2,N,1,1,N,0,30-00600,5,3,5,326
3791,1,6,1,1,7,0,08-00803,33,0,N,487
13487,1,1,1,1,7,0,30-00600,41,2,4,337
5781,2,1,1,1,9,0,17-03529,58,0,3,501
10430,1,6,1,0,7,0,26-02702,24,N,N,N
5280,1,6,1,0,0,0,17-03529,20,N,N,N
19691,2,4,3,1,7,0,40-00200,59,0,2,461
16669,2,6,2,2,5,0,36-04010,50,0,N,274
18154,2,1,1,1,5,0,38-00100,26,1,3,441
22826,2,4,1,2,8,0,51-51255,71,0,N,501
7409,1,6,1,2,6,4,19-01700,24,0,N,309
23820,2,N,6,1,N,0,06-08507,5,2,4,501
25063,2,N,2,1,N,0,17-03531,10,2,7,142
20791,2,6,1,2,3,0,51-51255,28,0,N,152
15214,2,4,2,2,4,3,32-00405,64,0,N,203
11421,1,4,1,0,2,0,28-01100,72,N,N,74
3663,1,6,1,2,2,0,08-00803,28,0,N,111
9511,2,1,1,1,8,0,24-01004,43,2,4,501
3042,1,6,1,2,5,0,08-00803,24,0,N,272
17641,1,2,2,2,5,4,36-03710,49,0,2,234
18338,2,6,1,1,5,0,38-00100,41,2,3,314
10309,2,1,1,1,9,0,24-01004,49,2,4,501
18605,2,6,1,1,5,4,38-00100,19,1,7,501
5641,2,4,2,1,3,0,17-03529,80,0,3,310
14896,1,6,2,0,0,0,32-00405,56,N,N,N
22308,2,1,1,2,6,0,51-51255,33,0,2,501
23020,2,N,1,2,N,4,32-00405,7,4,5,19
13727,2,1,1,1,8,0,30-00600,58,0,2,501
3027,1,6,1,0,1,0,08-00803,20,N,N,N
9672,1,1,1,1,9,0,24-01004,68,0,2,501
3191,2,1,1,1,6,0,08-00803,64,0,2,501
24450,1,N,1,1,N,0,38-00100,4,1,3,501
5052,2,6,2,2,0,0,13-04600,60,0,2,54
23841,2,N,1,1,N,0,06-08507,8,5,7,501
8573,2,1,1,1,3,0,24-01004,59,0,2,501
27174,2,N,1,2,N,0,30-00600,14,2,3,99
9910,1,6,1,1,7,0,24-01004,33,0,2,501
96,1,6,2,1,3,0,01-01301,19,0,2,105
23423,2,N,2,2,N,0,36-03710,9,2,3,144
25550,1,N,1,1,N,0,19-01700,10,2,3,343
20690,2,6,2,0,2,0,51-01301,31,N,N,56
9755,1,1,1,1,9,0,24-01004,38,1,3,501
9691,2,1,1,2,2,0,24-01004,80,0,2,501
22825,2,6,1,1,7,0,51-51255,29,0,N,501
21881,1,1,1,2,8,0,51-51255,58,0,2,501
15432,2,2,2,2,1,0,32-00405,32,0,6,129
22119,1,1,1,2,6,0,51-51255,47,3,5,230
19288,2,1,1,1,9,0,38-00100,58,0,2,501
21818,2,1,1,1,7,0,51-01301,65,0,2,501
15939,1,6,2,0,0,0,36-03710,17,N,N,0
24129,2,N,9,1,N,0,38-00100,1,2,4,140
26767,1,N,1,2,N,0,28-01100,1,1,3,220
20340,1,3,1,1,1,0,40-00200,63,0,N,7
11491,2,1,2,2,7,0,28-01100,37,3,5,160
5679,2,3,2,1,5,0,17-03531,80,0,3,247
5783,1,6,2,2,5,0,17-03529,36,0,N,264
14861,1,6,9,0,0,0,32-00405,35,N,N,N
15630,1,1,8,1,6,4,32-00405,58,0,8,366
21734,2,1,1,2,0,0,51-51255,37,1,3,501
19388,1,1,1,1,4,0,38-00100,53,0,2,485
26866,1,N,2,2,N,0,29-01901,10,3,4,136
14157,1,6,1,1,0,0,30-00600,18,0,3,501
8810,1,1,1,1,9,0,24-01004,56,2,4,501
26728,2,N,1,1,N,0,28-01100,1,2,4,404
16528,1,1,2,1,2,0,36-04010,67,0,2,110
5277,2,6,2,0,0,0,17-03529,58,N,N,N
2837,2,4,6,2,3,0,06-08507,49,0,N,113
7481,2,4,1,2,3,0,19-01700,68,0,N,134
13193,2,1,1,2,3,0,29-01901,72,0,2,200
9549,2,6,6,1,0,0,24-01004,15,2,5,501
6045,1,6,2,1,2,0,17-03531,22,0,4,437
22221,2,1,1,1,9,0,51-51255,45,3,5,501
7500,1,4,1,2,3,0,19-01700,57,0,N,113
17712,2,6,1,0,3,0,38-00100,77,N,N,136
19441,1,1,1,1,5,0,38-00100,79,0,2,268
5588,2,6,2,2,3,0,17-03529,35,2,3,68
10770,2,3,1,1,3,0,26-02702,94,0,N,147
22569,1,1,1,2,4,0,51-51255,30,0,2,344
15895,2,1,1,1,6,0,32-00405,39,0,2,501
23167,1,N,1,2,N,1,32-00405,9,3,5,99
