,SEX,MSP,RAC1P,OWN_RENT,PINCP_DECILE,EDU,AGEP,HOUSING_TYPE,DVET,DEYE
2611,2,1,6,1,0,7,61,1,N,2
10685,1,6,6,1,0,5,18,1,N,2
1080,2,6,1,2,8,10,48,1,N,2
12300,2,1,1,1,3,10,74,1,N,1
14794,1,1,1,1,9,7,28,1,N,2
8839,2,6,1,1,0,4,16,1,N,2
3628,1,6,1,2,5,9,23,1,N,2
13838,2,1,1,1,0,9,63,1,N,2
17647,2,4,2,2,3,5,57,1,N,2
14837,1,1,1,1,9,11,60,1,N,2
13117,2,6,1,2,3,9,23,1,N,2
25365,1,N,2,1,N,2,5,1,N,2
5328,2,6,1,1,5,9,22,1,N,2
25409,1,N,1,1,N,2,3,1,N,2
106,2,1,2,1,7,5,60,1,N,2
9031,2,1,1,1,3,10,70,1,N,2
11934,1,6,2,1,7,9,53,1,N,2
16608,2,5,8,2,2,4,52,1,N,2
21190,2,6,1,2,9,10,37,1,N,2
17141,2,1,8,2,5,5,66,1,N,2
6024,1,6,2,1,2,4,66,1,N,2
8982,2,6,6,1,1,4,16,1,N,2
8501,2,1,9,2,0,9,31,1,N,2
24707,2,N,3,1,N,1,6,1,N,2
19492,1,2,8,2,6,7,26,1,N,2
20556,2,6,1,1,2,3,15,1,N,2
17640,1,6,1,1,6,9,24,1,N,2
4032,2,1,1,1,4,10,47,1,N,2
18012,1,4,1,1,6,7,58,1,N,2
20664,1,2,1,0,3,11,84,2,N,2
13212,2,6,1,1,0,4,15,1,N,2
6524,2,6,2,1,8,5,42,1,N,2
16555,2,4,2,2,6,7,45,1,N,2
4492,2,3,2,2,4,5,73,1,N,2
16875,1,1,6,1,5,6,72,1,N,2
3757,2,6,6,1,0,4,16,1,N,2
17060,2,4,8,2,3,7,44,1,N,2
4647,1,6,1,2,4,9,26,1,N,2
19651,2,1,3,2,5,7,27,1,N,2
20909,2,4,1,1,8,10,51,1,N,2
22209,1,6,1,2,8,12,33,1,N,2
20307,1,1,3,1,5,6,79,1,N,1
11995,2,1,1,1,5,7,58,1,N,2
3678,2,6,1,2,1,5,20,1,N,2
23650,1,N,2,2,N,2,5,1,N,2
22560,2,5,1,2,8,10,36,1,N,2
25997,2,N,1,2,N,2,6,1,N,2
14807,2,3,1,1,4,8,62,1,N,2
18744,1,1,1,1,9,5,55,1,N,2
4555,2,3,2,1,6,5,69,1,N,2
12434,2,6,2,0,0,8,47,2,N,2
11620,1,6,2,1,0,4,17,1,N,2
217,2,1,2,1,3,5,62,1,N,1
24501,1,N,1,1,N,2,7,1,N,2
25652,2,N,1,1,N,2,7,1,N,2
8626,2,3,1,1,9,12,68,1,N,2
3927,2,4,1,1,6,10,71,1,N,2
22382,2,1,1,1,6,9,32,1,N,2
14072,2,1,1,1,9,9,56,1,N,2
11265,1,6,1,2,4,5,21,1,N,2
7770,1,1,1,1,8,9,28,1,N,2
20543,1,6,9,1,2,5,20,1,N,2
4601,2,1,2,1,1,10,66,1,N,2
2160,1,1,6,1,8,11,76,1,N,2
3349,2,6,1,2,1,7,20,1,N,2
460,1,3,2,1,1,5,77,1,N,2
8259,1,6,1,2,0,5,54,1,N,2
5416,2,1,1,1,7,10,32,1,N,2
6539,2,4,2,2,4,7,72,1,N,2
23632,2,N,8,2,N,N,0,1,N,2
5555,2,6,2,1,2,5,25,1,N,2
23109,2,N,8,1,N,1,5,1,N,2
21509,1,6,1,1,5,7,68,1,N,1
25111,1,N,1,2,N,1,3,1,N,2
22842,1,6,2,2,1,4,18,1,N,2
17171,1,6,1,2,2,4,62,1,N,2
12573,2,4,1,1,2,5,47,1,N,2
7260,1,6,1,0,2,5,62,3,N,2
24176,2,N,1,1,N,3,9,1,N,2
893,2,1,1,2,7,8,35,1,N,2
18726,1,1,1,1,6,10,60,1,N,2
15528,1,4,1,2,7,10,61,1,N,2
15729,2,1,1,2,4,6,58,1,N,2
15282,1,4,2,2,7,7,61,1,5,2
4798,2,6,2,2,0,4,32,1,N,2
4951,1,6,2,1,4,5,71,1,N,2
15685,1,6,1,1,0,4,17,1,N,2
18701,2,1,1,1,6,8,50,1,N,2
7709,2,1,1,1,8,12,35,1,N,2
7221,2,6,2,1,2,2,67,1,N,1
17664,1,1,2,2,8,9,56,1,N,2
7991,2,6,8,2,5,1,34,1,N,2
24955,2,N,2,2,N,3,10,1,N,2
15297,1,1,1,1,6,3,60,1,N,2
7395,2,4,1,1,5,5,41,1,N,2
26235,1,N,1,1,N,N,1,1,N,2
10315,2,1,1,1,5,10,58,1,N,2
4098,1,6,2,0,0,7,18,3,N,2
6731,2,6,2,1,1,10,62,1,N,2
59,1,6,9,0,0,7,18,3,N,2
21550,1,6,1,2,9,9,32,1,N,2
11032,1,6,1,1,9,9,36,1,N,2
19948,1,4,1,1,2,5,69,1,N,2
9307,1,1,1,1,9,9,46,1,N,2
17117,2,6,9,2,5,7,24,1,N,2
5800,1,6,2,2,0,3,15,1,N,2
26221,2,N,6,1,N,3,9,1,N,2
8368,2,3,2,0,4,6,89,2,N,2
7515,2,3,1,2,6,8,63,1,N,2
6207,2,1,2,2,6,5,76,1,N,2
15849,1,6,8,2,4,5,25,1,N,2
5972,2,6,2,1,6,7,41,1,N,2
9391,2,1,1,1,7,10,50,1,N,2
19021,1,1,1,2,9,9,64,1,N,2
7340,2,2,1,1,2,7,42,1,N,2
6546,2,6,2,2,0,5,19,1,N,2
16461,2,4,2,2,7,7,52,1,N,2
19897,1,6,1,1,0,4,17,1,N,2
6319,2,4,2,1,7,4,64,1,N,2
23628,1,N,2,2,N,2,6,1,N,2
23761,1,N,9,1,N,N,0,1,N,2
5717,2,6,2,2,0,3,15,1,N,2
18803,2,1,1,1,3,5,70,1,N,2
14498,1,1,1,1,8,7,46,1,N,2
11690,2,2,2,2,0,8,23,1,N,2
13669,2,1,1,1,0,5,39,1,N,2
11085,2,6,9,1,4,9,25,1,N,2
21576,2,1,1,1,4,10,43,1,N,2
12013,1,1,1,1,8,9,32,1,N,2
16050,1,2,8,0,2,4,26,3,N,2
2920,1,6,1,0,1,7,18,3,N,2
19662,1,6,3,2,4,5,20,1,N,2
18575,2,1,1,2,2,6,57,1,N,2
19981,2,1,1,1,0,5,50,1,N,2
10372,2,1,1,1,4,5,49,1,N,2
9052,2,6,1,1,9,9,29,1,N,2
5583,1,2,2,2,7,4,54,1,N,2
27106,1,N,3,2,N,N,1,1,N,2
10212,1,1,2,2,8,11,39,1,N,2
933,2,1,1,1,5,9,85,1,N,2
3318,1,6,1,2,6,9,26,1,N,2
24964,1,N,2,2,N,N,1,1,N,2
12788,2,3,2,1,6,10,87,1,N,2
5638,1,6,2,2,2,7,59,1,N,2
21908,2,4,1,1,7,10,51,1,N,2
1272,2,1,6,1,9,11,41,1,N,2
10796,1,1,1,1,9,6,86,1,4,2
13667,2,1,1,1,0,9,59,1,N,2
27249,1,N,3,2,N,1,3,1,N,2
9237,2,1,1,1,9,10,56,1,N,2
14460,1,1,1,1,0,7,57,1,N,2
18751,1,1,1,1,8,6,53,1,N,2
26994,2,N,1,1,N,3,13,1,N,2
4658,1,6,2,1,1,5,25,1,N,2
12781,2,1,1,1,6,9,61,1,N,2
18240,1,6,1,1,7,7,34,1,N,2
19986,1,1,9,1,8,7,60,1,N,2
4010,2,1,1,1,0,10,53,1,N,2
15097,2,6,1,2,2,4,69,1,N,2
10822,1,1,1,1,9,12,52,1,N,2
3525,1,1,1,1,7,10,46,1,N,2
13563,1,1,1,1,5,7,63,1,N,2
25658,2,N,1,1,N,3,10,1,N,2
10414,1,1,1,1,9,11,59,1,N,2
25306,2,N,2,2,N,3,14,1,N,2
9655,2,3,2,1,3,10,70,1,N,2
4182,2,6,1,0,0,7,18,3,N,2
8557,1,1,2,2,7,9,82,1,N,2
8416,2,3,1,1,3,7,70,1,N,2
25081,1,N,2,2,N,3,7,1,N,2
17013,2,1,2,1,8,10,35,1,N,2
15568,1,4,9,2,3,7,61,1,N,2
20461,1,1,1,2,2,4,49,1,N,1
17433,1,6,6,2,5,10,30,1,N,2
506,1,1,1,1,4,9,26,1,N,2
7295,1,6,1,0,1,7,18,3,N,2
15247,2,1,1,1,0,2,60,1,N,2
10325,1,4,1,1,7,9,71,1,N,2
21813,2,6,1,1,7,7,55,1,N,2
18702,1,6,1,1,6,4,57,1,N,2
16447,2,1,2,1,9,6,58,1,N,2
25292,2,N,2,1,N,3,13,1,N,2
22597,1,1,1,1,9,9,37,1,N,2
2671,1,1,1,1,9,7,66,1,N,2
6026,1,6,2,1,8,5,63,1,N,2
11822,1,4,2,1,5,11,76,1,N,2
16825,1,6,8,1,6,9,27,1,N,2
22865,1,1,1,1,6,9,71,1,N,2
6870,1,6,2,1,3,7,34,1,N,2
21517,1,1,1,1,9,11,65,1,N,1
11459,2,1,2,1,7,9,62,1,N,2
8809,1,4,1,1,7,9,42,1,N,2
16326,2,1,2,2,6,7,58,1,N,2
11259,2,1,1,2,2,10,27,1,N,2
7074,1,1,1,2,1,10,36,1,N,2
1155,1,6,6,2,5,12,26,1,N,2
18742,2,1,1,1,2,9,34,1,N,2
23810,1,N,6,2,N,4,14,1,N,2
4665,1,1,2,1,9,9,52,1,N,2
4173,2,6,2,0,0,7,19,3,N,2
17406,2,6,2,1,0,5,61,1,N,2
18415,1,3,1,1,7,4,69,1,N,2
12938,1,6,1,1,5,9,24,1,N,2
5087,1,4,2,2,4,7,54,1,N,2
10557,2,6,1,0,5,7,18,3,N,2
18272,1,1,1,1,3,6,79,1,N,2
13750,1,1,1,1,8,8,46,1,N,2
5351,1,6,2,2,2,5,38,1,N,2
11050,2,6,1,2,1,9,22,1,N,2
2747,1,6,6,2,0,4,18,1,N,2
4345,1,5,2,2,5,8,69,1,N,2
16805,2,1,8,2,6,8,71,1,N,2
11660,2,1,2,1,0,4,56,1,N,2
18643,1,1,3,1,5,9,59,1,N,2
18591,1,1,1,1,2,5,74,1,N,2
20948,1,1,1,1,9,9,47,1,N,2
19267,1,6,1,2,7,6,32,1,N,1
7859,2,1,6,2,0,7,22,1,N,2
12928,1,6,2,1,0,7,36,1,N,2
19339,1,1,1,1,8,5,44,1,N,2
10422,1,6,1,0,3,7,18,3,N,2
3802,2,6,1,2,4,9,23,1,N,2
23789,2,N,1,2,N,2,4,1,N,2
7585,2,4,1,1,3,5,73,1,N,2
6329,1,6,1,2,5,9,37,1,N,2
12779,1,6,2,1,7,9,66,1,N,2
18587,2,6,1,1,1,4,18,1,N,2
949,1,1,6,1,9,12,39,1,N,2
11473,1,1,2,2,7,10,49,1,N,2
9491,1,1,1,1,8,9,53,1,N,2
210,2,4,2,1,5,8,61,1,N,2
2046,1,1,1,1,9,12,49,1,N,2
19899,1,1,1,1,4,4,45,1,N,2
22759,1,6,1,1,4,9,23,1,N,2
958,1,1,6,2,4,3,50,1,N,2
6276,1,6,2,1,1,6,26,1,N,2
13962,1,1,1,1,4,5,74,1,N,2
26059,2,N,1,2,N,3,9,1,N,2
15659,2,4,2,2,3,7,64,1,N,2
11732,2,6,2,2,0,5,39,1,N,2
13467,2,6,3,2,0,5,32,1,N,2
3194,2,1,1,1,0,8,31,1,N,2
26205,2,N,1,1,N,3,13,1,N,2
32,1,6,2,0,1,6,42,2,N,2
14408,2,1,1,1,2,7,75,1,N,2
8219,2,1,1,1,1,7,49,1,N,2
6310,2,1,1,1,2,12,66,1,N,2
22628,1,1,6,1,8,9,38,1,N,2
8097,2,6,1,1,3,8,35,1,N,2
26382,1,N,6,2,N,3,8,1,N,2
20899,1,6,1,2,7,11,54,1,N,2
24722,1,N,1,1,N,1,3,1,N,2
10502,1,2,6,0,7,12,40,3,N,2
8275,1,1,1,1,8,8,41,1,N,2
2877,1,6,1,0,1,7,19,3,N,2
24898,1,N,2,2,N,N,1,1,N,2
21409,2,4,1,1,9,10,46,1,N,2
16023,1,6,2,0,0,7,35,2,N,2
9608,1,6,1,1,3,9,31,1,N,2
652,2,6,1,0,2,4,24,3,N,2
12542,1,6,1,2,6,7,29,1,N,2
14584,2,1,1,1,3,7,58,1,N,2
239,1,6,2,2,1,5,48,1,N,2
18547,2,3,1,1,7,3,73,1,N,2
18353,2,3,1,1,3,6,85,1,N,2
25701,1,N,1,1,N,3,11,1,N,2
21827,1,1,1,2,9,11,38,1,N,2
15080,1,6,8,2,1,4,30,1,N,2
26422,2,N,6,2,N,2,4,1,N,2
13771,1,1,1,1,6,9,26,1,N,2
22365,2,6,1,2,8,9,79,1,N,2
6331,2,6,2,1,8,10,68,1,N,2
22003,1,1,1,1,9,11,60,1,4,2
35,1,6,9,0,0,4,17,2,N,2
20370,2,6,3,1,0,4,16,1,N,2
1452,1,1,6,1,2,9,88,1,N,2
19537,1,1,1,1,8,7,32,1,N,2
6468,1,6,2,1,6,7,50,1,N,2
16542,1,4,2,1,5,3,90,1,N,2
2828,2,6,6,1,3,9,28,1,N,2
24574,1,N,1,2,N,3,9,1,N,2
10319,2,1,1,2,6,10,42,1,N,2
9127,2,1,1,2,2,7,60,1,N,2
14014,2,1,1,1,5,7,68,1,N,2
24642,2,N,1,1,N,3,13,1,N,2
15884,1,1,1,1,9,8,45,1,N,2
24963,1,N,2,2,N,1,3,1,N,2
12471,2,1,2,1,2,9,68,1,N,2
2986,2,6,1,0,3,7,21,3,N,2
19664,2,6,3,2,4,5,21,1,N,2
4732,1,4,2,1,2,6,67,1,N,2
9516,1,1,1,1,8,10,76,1,N,2
14444,2,1,1,1,7,9,60,1,N,2
23618,2,N,1,2,N,3,14,1,N,2
17874,1,1,1,1,2,7,64,1,N,2
23891,1,N,9,1,N,N,0,1,N,2
25096,1,N,2,2,N,N,2,1,N,2
3228,1,1,1,1,2,12,67,1,N,2
102,2,2,1,1,4,10,68,1,N,2
1506,2,6,6,1,0,4,18,1,N,2
1980,2,1,6,1,9,10,59,1,N,2
25010,1,N,2,0,N,N,1,2,N,1
19367,2,4,1,1,2,7,64,1,N,2
25599,1,N,1,1,N,2,4,1,N,2
18033,1,4,1,1,7,7,83,1,N,2
7181,1,4,1,2,8,5,50,1,N,2
24111,2,N,1,1,N,3,12,1,N,2
8745,2,1,1,1,6,12,35,1,N,2
4203,1,2,2,0,3,7,54,2,N,2
1945,1,1,1,1,9,11,40,1,N,2
555,1,3,2,2,2,5,75,1,N,2
4803,2,6,1,1,9,10,31,1,N,2
742,1,1,6,1,9,12,55,1,N,2
9335,1,1,8,1,8,12,38,1,N,2
19472,1,6,3,1,0,4,18,1,N,2
2597,2,1,6,1,9,10,64,1,N,2
8363,2,6,1,2,5,7,26,1,N,2
9757,1,6,1,2,8,9,25,1,N,2
16064,1,6,2,0,0,4,31,2,N,2
22324,2,4,2,2,6,9,65,1,N,2
15709,1,1,1,2,7,4,44,1,N,2
2601,1,6,6,2,7,10,34,1,N,2
6821,1,6,6,2,8,9,62,1,N,2
23836,2,N,6,2,N,3,13,1,N,2
17999,2,1,1,1,1,5,54,1,N,2
3573,2,6,1,2,4,9,23,1,N,2
688,2,3,6,0,2,5,94,2,N,2
26279,1,N,1,1,N,N,2,1,N,2
22835,2,1,1,1,0,9,73,1,N,2
20504,1,4,1,2,1,7,59,1,N,2
3234,1,1,6,1,9,10,61,1,N,2
13861,2,1,1,1,5,7,25,1,N,2
5463,1,6,6,2,2,9,23,1,N,2
1684,2,1,6,1,9,10,62,1,N,2
15880,1,3,1,2,3,7,64,1,N,2
21807,2,4,1,1,9,10,63,1,N,2
20369,2,6,3,1,7,6,49,1,N,2
14706,2,1,1,2,3,5,66,1,N,2
815,2,1,1,1,9,7,56,1,N,2
16886,1,3,2,1,3,4,89,1,N,2
18219,1,6,3,1,0,7,19,1,N,2
19783,1,6,1,2,3,1,58,1,N,2
1567,1,1,6,1,9,12,60,1,N,2
16778,1,1,1,2,3,5,74,1,N,2
7000,1,6,2,2,5,7,26,1,N,2
8956,2,1,1,1,8,12,70,1,N,2
2236,1,6,1,2,9,10,31,1,N,2
4355,1,6,2,1,0,5,31,1,N,2
12740,1,5,1,1,8,5,63,1,N,2
5978,1,1,2,1,4,5,75,1,N,2
2380,2,1,1,2,5,9,41,1,N,2
24362,1,N,9,2,N,1,3,1,N,2
22496,1,6,6,2,1,9,23,1,N,2
23708,1,N,8,2,N,3,8,1,N,2
7409,1,6,1,2,6,4,24,1,N,2
8423,2,4,1,1,2,1,79,1,N,2
5822,2,6,2,2,5,4,28,1,N,2
18404,1,1,1,1,9,5,61,1,N,2
25763,2,N,1,2,N,3,8,1,N,2
18530,2,1,1,1,5,7,62,1,N,2
24911,2,N,2,2,N,3,12,1,N,2
21109,1,1,1,1,9,10,52,1,N,2
1832,2,4,1,2,8,9,30,1,N,2
12887,1,6,2,1,0,4,16,1,N,2
18222,1,1,1,1,5,5,27,1,N,2
8831,2,1,1,1,9,11,50,1,N,2
24234,1,N,9,1,N,3,8,1,N,2
1640,2,6,6,2,0,5,18,1,N,2
2866,2,6,1,0,1,5,18,3,N,2
15430,1,6,2,2,6,7,29,1,N,2
6400,2,6,2,2,7,10,22,1,N,2
12467,2,1,2,2,2,4,67,1,N,1
16782,1,6,2,2,4,9,37,1,N,2
3592,2,4,1,2,2,8,73,1,N,2
16702,2,4,2,1,8,8,56,1,N,2
22851,2,1,1,1,9,9,41,1,N,2
16754,2,1,1,1,2,6,40,1,N,2
22981,2,3,1,1,9,10,85,1,N,2
10464,2,6,6,0,3,5,18,3,N,2
26958,2,N,3,2,N,N,1,1,N,2
13752,1,4,1,1,2,5,94,1,N,1
19508,1,5,1,2,6,7,55,1,N,2
26229,1,N,1,1,N,3,13,1,N,2
14533,2,1,1,1,8,10,54,1,N,2
25773,1,N,1,1,N,2,3,1,N,2
10200,2,1,6,1,8,9,51,1,N,2
23562,2,N,2,2,N,1,3,1,N,2
15189,1,1,1,2,6,4,60,1,N,2
22994,1,1,1,1,9,10,68,1,N,2
2530,2,1,6,1,4,9,58,1,N,2
15009,1,6,8,2,1,5,19,1,N,2
17871,2,6,9,2,1,8,19,1,N,2
16802,2,6,2,2,0,4,46,1,N,2
9935,1,1,1,1,9,11,53,1,N,2
2549,2,3,1,2,0,7,78,1,N,2
17052,2,4,9,1,6,7,65,1,N,2
24968,2,N,2,2,N,3,14,1,N,2
3751,2,6,1,2,1,7,20,1,N,2
22696,2,3,1,1,9,5,90,1,N,2
13498,1,1,1,1,6,8,68,1,N,2
26190,2,N,1,1,N,2,5,1,N,2
10415,2,6,1,1,3,9,24,1,N,2
4950,1,6,2,1,8,7,72,1,N,2
3323,2,6,1,2,4,10,27,1,N,2
24334,1,N,1,2,N,3,12,1,N,2
16066,1,6,1,0,0,5,27,2,N,2
7977,1,6,1,1,1,4,17,1,N,2
8561,2,1,1,1,2,11,47,1,N,2
2079,1,1,1,1,9,9,36,1,N,2
11706,2,4,2,1,2,10,70,1,N,2
20345,2,1,3,1,2,6,77,1,N,2
7696,1,6,1,1,0,1,54,1,N,2
14857,1,6,1,0,3,4,54,2,N,2
25303,1,N,1,2,N,3,9,1,N,2
187,2,3,2,1,4,8,84,1,N,2
22848,2,1,1,1,8,12,56,1,N,2
26621,2,N,2,2,N,3,10,1,N,2
23528,1,N,2,1,N,3,14,1,N,2
11052,2,1,1,1,7,10,52,1,N,2
20212,2,4,1,1,3,5,28,1,N,1
9512,1,1,1,1,8,9,52,1,N,2
19071,1,1,1,1,8,7,52,1,N,2
8899,2,6,1,1,9,12,67,1,N,2
11356,1,6,2,0,0,6,55,3,N,2
5438,2,1,2,1,9,11,43,1,N,2
20828,2,3,1,2,2,1,76,1,N,2
25614,2,N,9,1,N,1,4,1,N,2
13147,2,6,2,1,0,3,15,1,N,2
2676,1,1,6,2,9,10,39,1,N,2
17167,2,1,2,1,6,9,56,1,N,2
26271,2,N,1,1,N,3,14,1,N,2
16599,2,1,2,2,8,7,40,1,N,2
13128,2,6,2,1,1,4,17,1,N,2
15505,1,1,1,1,7,5,66,1,N,2
8424,1,1,1,1,8,12,63,1,N,2
14228,2,4,1,1,7,5,42,1,N,2
7800,1,6,1,2,3,7,25,1,N,2
16527,2,1,2,1,2,5,65,1,N,2
11271,1,2,6,2,4,12,30,1,N,2
1464,2,1,1,2,9,9,36,1,N,2
13564,2,6,1,2,6,8,25,1,N,2
13505,2,1,3,1,9,10,58,1,N,2
7321,1,6,1,2,4,5,36,1,N,2
3012,2,6,6,0,1,5,19,3,N,2
10045,2,3,1,1,5,7,79,1,N,2
14490,1,1,1,1,1,7,58,1,5,1
3469,2,4,9,1,4,9,74,1,N,2
10718,1,6,6,2,3,7,21,1,N,2
3117,1,3,1,1,8,12,93,1,N,1
25943,1,N,9,1,N,3,14,1,N,2
21300,2,4,9,2,7,9,64,1,N,2
2199,2,1,6,1,7,9,48,1,N,2
21317,2,6,1,1,8,10,40,1,N,2
6497,2,6,2,2,2,4,74,1,N,1
10928,2,6,1,2,9,12,63,1,N,2
11605,1,6,2,1,4,7,20,1,N,2
7511,1,6,1,2,5,7,34,1,N,2
16065,1,6,1,0,0,3,42,3,N,2
5662,1,1,2,1,6,3,82,1,N,2
7809,2,6,1,2,5,8,31,1,N,2
25043,1,N,2,2,N,2,6,1,N,2
26510,1,N,1,1,N,3,8,1,N,2
7763,1,1,1,2,6,4,35,1,N,2
11364,1,6,2,0,0,7,22,3,N,2
12627,2,6,1,2,4,10,24,1,N,2
20663,1,2,1,0,2,5,42,3,N,2
3131,1,1,1,1,9,10,52,1,N,2
26055,1,N,6,1,N,3,13,1,N,2
12329,2,6,1,1,8,10,28,1,N,2
9929,1,6,2,1,2,7,23,1,N,2
19200,1,1,1,1,8,7,68,1,2,2
15053,1,6,8,1,6,5,27,1,N,2
13164,1,1,2,2,5,7,53,1,N,2
26549,2,N,1,1,N,N,0,1,N,2
14800,1,1,1,1,8,5,37,1,N,2
19442,2,1,1,1,1,8,78,1,N,2
674,1,6,6,0,1,5,17,3,N,2
12017,1,1,1,1,6,7,72,1,N,2
22973,2,4,1,1,7,12,65,1,N,2
1308,2,1,1,1,6,5,51,1,N,2
11407,2,3,2,0,3,4,89,2,N,2
15113,1,1,1,1,8,5,67,1,N,2
11090,2,1,6,1,9,9,50,1,N,2
27145,1,N,3,2,N,N,2,1,N,2
20640,2,6,1,0,1,5,18,3,N,2
24796,2,N,3,1,N,1,5,1,N,2
22295,1,1,1,1,9,9,49,1,N,2
21224,1,6,6,2,2,9,31,1,N,2
17033,1,2,2,2,5,5,40,1,N,2
8495,2,6,6,1,0,3,15,1,N,2
6690,2,6,9,2,2,10,27,1,N,2
83,2,2,1,0,2,5,93,2,N,1
21144,2,1,1,1,9,9,55,1,N,2
24026,1,N,6,1,N,3,13,1,N,2
13137,2,6,2,2,0,4,17,1,N,2
25808,1,N,1,1,N,2,6,1,N,2
11158,2,1,1,1,3,10,68,1,N,2
17817,1,1,1,1,9,8,44,1,5,2
19073,2,1,5,1,0,6,61,1,N,2
22854,1,1,1,1,9,9,54,1,N,2
3031,1,6,1,0,4,1,58,3,N,2
1456,1,6,6,1,0,4,17,1,N,2
10092,1,1,6,2,0,12,52,1,N,2
22236,1,6,1,1,0,4,17,1,N,2
16791,1,5,2,1,5,9,49,1,N,2
26764,2,N,2,2,N,3,13,1,N,2
9536,1,4,2,2,8,10,54,1,N,2
21739,2,1,1,1,8,12,33,1,N,2
18819,1,1,1,1,3,5,65,1,N,2
26260,2,N,8,1,N,3,7,1,N,2
16287,2,6,2,1,8,10,37,1,N,2
2756,2,1,1,1,2,7,94,1,N,2
10808,1,1,1,2,9,12,44,1,N,2
4903,2,1,2,1,2,4,82,1,N,2
15469,2,6,9,2,0,4,17,1,N,2
22592,2,1,1,2,6,7,31,1,N,2
18911,2,1,1,1,0,8,58,1,N,2
16347,1,4,1,2,1,5,67,1,N,2
44,1,6,2,0,3,5,61,3,N,2
11893,1,6,2,1,9,10,33,1,N,2
17795,1,4,1,1,3,7,71,1,N,2
12736,1,6,2,1,8,7,57,1,N,2
25555,1,N,6,1,N,3,10,1,N,2
6111,1,1,2,1,6,7,74,1,N,2
8347,1,6,1,2,0,6,24,1,N,2
19548,1,1,1,1,6,7,66,1,N,2
11008,1,6,2,1,7,9,66,1,N,2
17941,1,1,1,1,9,7,49,1,N,2
14833,2,1,1,1,4,9,67,1,N,2
16669,2,6,2,2,5,5,50,1,N,2
16475,2,3,1,1,2,3,84,1,N,1
23416,1,N,2,2,N,3,13,1,N,2
15396,2,4,8,2,2,3,75,1,N,2
21099,2,1,1,1,8,9,30,1,N,2
18679,2,1,9,1,7,5,60,1,N,2
14873,1,6,1,0,0,6,56,3,N,2
12550,2,1,2,1,4,6,70,1,N,2
10369,2,1,8,1,7,12,41,1,N,2
16604,2,6,2,2,7,5,37,1,N,2
20779,2,1,1,2,0,5,49,1,N,2
1978,2,1,6,1,0,9,64,1,N,2
23397,2,N,2,0,N,N,2,3,N,2
4560,2,4,2,2,3,9,69,1,N,2
5550,2,1,1,1,8,10,38,1,N,2
17854,1,1,1,1,0,7,75,1,N,2
26649,2,N,2,1,N,3,9,1,N,2
19301,1,6,1,1,6,5,27,1,N,2
14982,2,6,8,1,3,5,20,1,N,2
13326,1,1,1,1,9,8,31,1,N,2
11429,2,6,2,0,0,5,18,3,N,2
11876,1,6,2,1,0,4,16,1,N,2
7591,2,6,1,2,6,5,41,1,N,2
17973,2,1,1,1,7,10,38,1,N,2
6119,2,5,2,2,3,4,61,1,N,2
4808,2,6,9,2,3,8,24,1,N,2
6603,1,1,1,1,9,10,60,1,N,2
12953,1,6,2,1,0,4,17,1,N,2
5461,2,3,2,1,2,5,85,1,N,1
15678,2,1,8,1,0,1,29,1,N,2
21161,2,2,1,1,3,5,35,1,N,2
17383,2,6,2,2,8,7,50,1,N,2
16652,2,6,2,1,7,9,44,1,N,2
7818,2,6,1,2,2,7,23,1,N,2
27220,1,N,1,1,N,N,1,1,N,2
13934,1,6,1,2,3,7,40,1,N,2
15190,2,6,1,2,2,4,58,1,N,2
16833,1,6,8,2,4,3,36,1,N,2
7255,2,6,1,0,2,7,43,3,N,2
26800,1,N,2,2,N,3,8,1,N,2
24545,1,N,1,2,N,3,13,1,N,2
19587,2,1,1,1,2,8,53,1,N,2
25373,1,N,1,2,N,2,3,1,N,2
18041,1,6,9,1,5,6,31,1,N,2
15675,1,4,2,2,2,4,65,1,N,2
21628,1,6,1,1,6,9,23,1,N,2
25483,2,N,1,2,N,1,4,1,N,2
9002,1,6,1,2,5,9,25,1,N,2
6976,1,6,2,1,2,5,20,1,N,2
3017,1,2,1,0,5,5,85,2,N,2
8054,2,6,1,2,1,5,41,1,N,2
22633,2,6,1,2,7,9,26,1,N,2
2827,2,1,6,1,9,10,63,1,N,2
3382,2,1,1,1,4,10,77,1,N,2
22917,1,1,6,1,9,11,73,1,N,2
23012,1,N,1,1,N,N,0,1,N,2
24735,1,N,3,1,N,N,1,1,N,2
23866,1,N,6,2,N,3,13,1,N,2
1970,2,1,6,1,0,10,54,1,N,2
605,2,6,2,1,0,5,56,1,N,2
14543,1,1,1,1,7,9,68,1,N,2
20164,2,4,3,1,3,5,33,1,N,2
18708,2,6,1,1,4,5,25,1,N,2
4212,1,6,2,0,5,5,35,2,N,2
9500,2,1,1,1,7,10,32,1,N,2
12355,1,6,1,0,1,1,44,3,N,2
21114,2,6,1,1,9,9,33,1,N,2
525,1,3,2,1,4,4,73,1,N,2
11648,1,6,2,2,7,5,22,1,N,2
14236,1,6,1,2,3,8,21,1,N,2
18048,2,1,5,1,6,5,58,1,N,2
6073,2,3,2,1,1,7,19,1,N,2
24143,2,N,1,1,N,3,9,1,N,2
11316,1,1,1,1,9,9,45,1,N,2
24616,1,N,1,1,N,3,13,1,N,2
24358,1,N,1,1,N,N,1,1,N,2
26204,1,N,1,1,N,N,2,1,N,2
14197,1,6,1,2,4,6,33,1,N,2
2521,1,1,6,1,8,9,70,1,N,2
24195,1,N,9,1,N,3,10,1,N,2
10306,2,1,6,1,9,9,45,1,N,2
9061,1,1,1,1,8,10,35,1,N,2
15132,2,6,6,1,0,4,16,1,N,2
16381,1,6,8,2,0,4,17,1,N,2
11557,1,6,2,1,2,4,46,1,N,2
23535,1,N,1,2,N,3,7,1,N,2
1434,1,1,1,1,9,10,43,1,N,2
3230,2,1,1,1,7,9,58,1,N,2
22466,1,1,1,1,9,10,46,1,2,2
477,1,1,2,1,8,7,64,1,N,2
12375,2,6,2,0,1,7,60,2,N,1
27151,2,N,1,1,N,3,9,1,N,2
15269,2,6,2,1,3,5,24,1,N,2
18951,1,1,1,1,7,4,67,1,N,2
27209,2,N,3,1,N,1,5,1,N,2
25322,1,N,2,2,N,3,11,1,N,2
27084,1,N,9,1,N,3,12,1,N,2
13703,2,1,1,1,0,5,28,1,N,2
26218,1,N,1,1,N,3,9,1,N,2
1111,1,3,1,1,9,10,65,1,N,2
3487,2,1,1,1,5,10,54,1,N,2
1424,1,6,6,1,0,5,18,1,N,2
10647,2,1,1,2,5,9,29,1,N,2
9550,2,6,6,1,0,4,15,1,N,2
396,2,6,2,1,0,7,61,1,N,2
19394,1,1,1,1,7,5,55,1,N,2
20248,2,6,1,1,1,4,40,1,N,2
6491,2,6,2,2,0,4,16,1,N,2
2280,1,2,1,2,2,10,63,1,N,2
2268,1,6,1,1,9,9,44,1,N,2
13464,2,1,1,1,0,9,33,1,N,2
22459,1,6,1,2,6,9,38,1,N,2
25284,2,N,2,2,N,3,9,1,N,2
18430,2,1,1,1,7,9,39,1,N,2
17878,1,6,1,2,7,7,45,1,N,2
20430,1,1,1,1,8,5,27,1,N,2
12523,2,3,2,2,4,7,75,1,N,2
898,1,2,1,2,7,7,94,1,5,2
18349,2,1,1,1,7,7,54,1,N,2
6624,1,6,2,1,7,9,65,1,N,2
16880,1,2,2,1,1,10,54,1,N,2
8386,1,2,1,0,4,9,64,3,N,1
11782,2,4,1,1,7,10,69,1,N,2
1038,1,1,6,1,9,10,48,1,N,2
26515,2,N,9,1,N,2,5,1,N,2
4474,2,6,8,1,7,9,28,1,N,2
16806,1,1,2,2,4,4,71,1,N,2
9977,1,1,1,1,9,9,59,1,N,2
17520,2,1,3,1,0,4,30,1,N,2
15562,1,1,1,1,6,5,57,1,N,2
14555,2,1,5,1,3,5,63,1,N,2
8093,2,2,1,2,1,4,34,1,N,2
18231,1,1,1,1,9,5,35,1,N,2
23779,2,N,6,2,N,3,11,1,N,2
12496,2,1,2,1,5,7,73,1,N,2
12374,2,4,2,0,1,7,55,2,N,2
23888,2,N,1,1,N,3,9,1,N,2
7778,2,6,1,1,8,11,53,1,N,2
17957,2,1,1,1,2,5,54,1,N,2
3517,1,6,1,2,1,7,45,1,N,2
9631,1,2,1,2,5,8,57,1,N,2
16881,2,1,2,2,7,10,54,1,N,2
18118,2,1,1,1,4,9,67,1,N,2
8474,1,6,1,1,0,4,15,1,N,2
13342,1,1,1,1,9,8,59,1,N,2
6579,1,1,1,1,9,11,58,1,N,2
18426,2,1,5,1,6,8,54,1,N,2
22502,2,1,1,1,9,11,46,1,N,2
10980,1,6,1,2,1,9,23,1,N,2
11092,2,6,9,1,0,4,15,1,N,2
2171,1,1,6,1,0,1,79,1,N,2
17173,2,6,9,2,0,3,40,1,N,2
16068,1,6,2,0,0,4,34,2,N,2
10581,1,6,6,0,8,9,23,3,N,2
5559,1,1,2,1,6,8,80,1,N,2
11975,1,4,2,2,2,9,62,1,N,2
19217,1,6,5,2,5,7,34,1,N,2
26482,1,N,8,1,N,3,11,1,N,2
17923,2,1,1,1,0,5,63,1,N,2
25593,1,N,1,1,N,3,11,1,N,2
20754,2,1,6,1,9,11,29,1,N,2
14531,2,6,9,1,0,4,16,1,N,2
2768,1,1,6,1,9,10,54,1,N,2
21349,2,6,1,1,9,9,52,1,N,2
9258,2,1,1,1,1,9,80,1,N,2
18693,2,6,1,1,0,4,15,1,N,2
16811,2,6,2,2,2,4,66,1,N,2
26702,2,N,2,2,N,3,11,1,N,2
11238,2,1,1,1,9,9,60,1,N,2
18327,2,3,1,1,1,1,80,1,N,2
4296,1,6,6,0,0,7,19,3,N,2
2749,1,3,6,2,5,5,47,1,N,2
26910,1,N,1,2,N,2,4,1,N,2
19196,2,6,3,2,0,4,16,1,N,2
18661,1,1,1,1,7,5,50,1,N,2
15641,2,6,1,1,0,4,15,1,N,2
1165,2,6,1,2,7,9,79,1,N,2
14354,2,1,1,1,8,9,64,1,N,2
8967,2,1,1,1,4,9,82,1,N,2
2966,1,6,1,0,0,7,20,3,N,2
19151,2,6,1,1,2,9,36,1,N,2
24395,2,N,9,1,N,3,10,1,N,2
1299,1,1,1,2,8,8,40,1,N,2
99,2,3,2,1,6,5,69,1,N,2
16690,1,1,2,2,0,5,53,1,N,2
10035,2,6,1,1,3,9,58,1,N,2
23554,2,N,2,2,N,3,7,1,N,2
7669,2,4,1,1,9,9,59,1,4,2
7915,1,1,1,1,5,7,48,1,N,2
24912,1,N,2,2,N,3,11,1,N,2
8792,1,1,2,1,9,10,51,1,N,2
16348,1,1,1,1,4,9,64,1,N,2
5263,1,6,1,0,2,7,20,3,N,2
981,1,6,6,2,6,9,22,1,N,2
14507,2,1,3,1,0,5,38,1,N,2
8808,2,1,1,1,2,5,78,1,N,2
25327,2,N,6,2,N,2,6,1,N,2
14928,2,6,1,2,0,5,20,1,N,2
7343,2,6,1,2,3,5,24,1,N,2
9056,1,6,1,1,6,8,27,1,N,2
19331,1,6,1,2,0,7,29,1,N,2
37,1,6,1,0,1,5,53,3,N,2
26470,1,N,1,1,N,3,10,1,N,2
22879,2,6,6,2,7,9,30,1,N,2
3190,2,4,1,1,8,10,71,1,N,2
11147,1,6,6,2,4,7,27,1,N,2
17408,2,6,2,2,3,7,24,1,N,2
4270,2,6,1,0,0,7,18,3,N,2
11967,2,4,2,2,6,7,68,1,N,2
10938,1,6,1,2,1,9,23,1,N,2
21522,2,6,1,2,7,9,27,1,N,2
5692,1,1,2,1,5,9,34,1,N,2
5594,2,5,2,1,0,7,54,1,N,2
16308,2,3,2,1,2,4,83,1,N,2
1757,1,1,8,2,5,4,76,1,N,2
7045,2,1,2,1,7,6,56,1,N,2
536,1,1,2,1,4,5,53,1,N,2
13929,2,1,1,2,2,7,57,1,N,2
16172,1,1,9,2,3,4,83,1,6,1
5285,1,6,2,0,1,6,65,2,N,2
8079,1,6,1,1,0,4,16,1,N,2
15213,1,4,8,2,1,4,26,1,N,2
21607,1,6,2,1,8,9,41,1,N,2
3535,2,3,1,1,3,8,72,1,N,2
4913,2,6,2,2,4,6,66,1,N,2
10596,1,6,1,0,5,7,18,3,N,2
23144,2,N,8,2,N,3,10,1,N,2
7241,2,6,1,0,0,9,89,3,N,2
4456,2,3,2,2,2,7,55,1,N,1
8737,2,4,1,1,8,12,56,1,N,2
2718,1,6,2,1,9,9,35,1,N,2
26888,2,N,3,1,N,1,3,1,N,2
20120,1,1,5,1,9,10,30,1,N,2
4916,2,6,2,1,7,8,50,1,N,2
20017,1,1,9,1,5,7,68,1,N,2
14056,2,1,1,1,5,10,37,1,N,2
7443,2,6,1,2,0,4,15,1,N,2
21924,1,1,1,1,9,9,58,1,N,2
12687,1,4,2,2,9,1,64,1,N,2
7062,2,4,2,2,2,7,63,1,N,2
5359,2,1,2,1,4,5,53,1,N,2
18595,2,1,1,1,2,5,66,1,N,2
4896,2,6,1,2,5,9,23,1,N,2
12201,2,4,2,2,3,5,60,1,N,1
20103,1,6,1,2,3,9,27,1,N,1
6081,2,6,2,2,8,9,43,1,N,2
4989,2,6,2,1,3,9,37,1,N,2
11606,2,6,2,1,2,7,20,1,N,2
3985,2,1,6,2,0,9,32,1,N,2
499,2,1,2,1,7,9,48,1,N,2
26766,2,N,2,2,N,1,3,1,N,2
4834,2,6,2,1,7,9,67,1,N,2
20473,1,1,9,1,4,5,84,1,N,2
19277,1,1,1,1,5,4,53,1,N,2
23565,1,N,8,2,N,3,11,1,N,2
8523,1,1,1,1,9,10,49,1,N,2
8049,1,5,1,2,7,6,61,1,N,2
7684,2,4,1,1,3,6,57,1,N,2
10906,2,1,1,1,7,11,32,1,N,2
890,1,1,1,1,9,9,49,1,N,1
8062,2,3,1,1,5,8,71,1,N,2
15541,2,3,1,2,4,4,80,1,N,2
6364,2,1,2,1,7,7,60,1,N,2
19886,1,1,1,2,8,5,46,1,N,2
8018,1,1,1,1,4,9,40,1,5,2
19752,1,1,1,1,8,5,40,1,N,2
3375,1,1,1,2,9,10,45,1,N,2
18211,2,4,1,1,9,9,49,1,N,2
25206,1,N,2,2,N,2,5,1,N,2
5181,1,6,1,0,0,1,55,3,N,1
9110,2,3,1,1,5,5,71,1,N,2
15798,1,6,8,1,0,3,15,1,N,2
7546,2,1,1,1,6,5,56,1,N,2
1066,1,1,6,2,8,9,45,1,N,2
15070,2,6,1,2,8,10,38,1,N,2
7814,1,3,1,1,3,5,64,1,2,2
13081,1,6,1,2,2,7,22,1,N,2
6145,2,4,2,2,4,9,63,1,N,2
17683,1,1,2,1,6,7,74,1,N,2
15175,1,5,1,2,3,1,35,1,N,2
7292,1,4,2,0,4,7,51,3,N,2
6991,1,1,2,1,7,1,52,1,N,2
21235,2,6,1,1,0,4,18,1,N,2
22201,1,1,1,1,8,7,39,1,N,2
10405,1,6,1,2,4,5,62,1,N,2
12042,2,6,1,1,6,10,64,1,N,2
15052,2,1,8,1,6,3,53,1,N,2
4853,2,6,6,1,0,4,17,1,N,2
21399,1,1,1,1,9,10,37,1,N,2
4592,1,4,2,2,4,5,66,1,N,2
21059,2,1,2,2,4,7,44,1,N,2
23009,2,N,1,1,N,2,6,1,N,2
5006,2,4,2,1,4,7,74,1,N,2
14044,2,1,1,1,8,10,50,1,N,2
3426,1,6,1,2,6,10,25,1,N,2
7910,1,6,1,1,5,8,25,1,N,2
21471,2,6,1,1,4,5,21,1,N,2
12192,1,1,1,1,9,10,47,1,N,2
11684,2,4,2,2,4,7,42,1,N,2
10102,2,6,1,1,0,10,38,1,N,2
14152,2,1,1,1,6,8,24,1,N,2
4149,1,6,2,0,2,4,30,2,N,2
26211,1,N,1,1,N,3,8,1,N,2
7952,1,6,1,1,8,9,30,1,N,2
17662,2,6,2,2,5,11,66,1,N,2
23064,1,N,8,1,N,2,5,1,N,2
22220,1,1,1,2,9,9,38,1,N,2
2234,2,6,1,2,8,9,26,1,N,2
12436,2,6,1,0,1,7,21,3,N,2
6008,1,6,1,2,5,10,27,1,N,2
24422,1,N,1,1,N,3,6,1,N,2
14695,2,1,1,1,7,5,59,1,N,2
1251,2,1,6,1,0,10,47,1,N,2
14619,1,1,1,1,9,7,50,1,N,2
16470,2,3,2,1,6,5,57,1,N,2
7139,2,6,2,1,5,7,45,1,N,2
3360,1,3,1,1,1,1,51,1,N,2
19631,2,6,2,0,2,7,21,3,N,2
5643,2,6,2,2,0,4,16,1,N,2
15122,2,4,1,1,0,7,30,1,N,2
1788,2,6,1,2,9,9,29,1,N,2
11622,2,1,8,2,3,9,43,1,N,2
22093,2,4,1,1,4,1,57,1,N,2
10243,1,1,6,1,9,11,48,1,N,2
11300,2,6,1,1,0,4,15,1,N,2
167,1,4,2,2,8,5,75,1,N,2
22422,1,6,1,1,1,4,16,1,N,2
1734,1,1,1,1,9,12,66,1,N,2
11943,1,1,2,2,5,7,53,1,N,2
10744,2,1,1,1,0,4,31,1,N,2
23749,2,N,1,2,N,3,9,1,N,2
14613,1,3,1,1,4,3,66,1,N,2
15033,2,4,1,2,3,5,69,1,N,2
27043,1,N,3,2,N,3,8,1,N,2
16568,2,6,2,1,0,9,24,1,N,2
6665,2,4,2,1,2,5,53,1,N,2
18288,2,6,1,1,1,4,15,1,N,2
661,1,6,1,0,3,7,23,3,N,2
20028,1,1,1,1,7,10,82,1,N,2
9107,1,1,1,1,5,9,41,1,N,2
19763,2,3,3,1,8,9,51,1,N,2
7821,2,2,1,2,3,5,30,1,N,2
10554,1,6,6,0,7,9,24,3,N,2
26936,1,N,3,2,N,1,3,1,N,2
8441,1,1,1,1,9,9,55,1,N,2
14251,1,6,1,1,1,4,20,1,N,2
9634,2,1,2,2,8,12,52,1,N,2
22214,1,1,1,1,7,11,31,1,N,2
16459,2,3,1,1,6,5,67,1,N,2
23513,1,N,8,2,N,3,9,1,N,2
3384,1,1,1,1,6,8,73,1,N,2
9712,2,6,1,2,6,12,34,1,N,2
20206,2,1,1,1,3,5,55,1,N,2
21798,1,1,1,1,9,9,56,1,N,2
3433,1,6,1,1,2,4,18,1,N,2
7940,1,1,1,1,6,8,67,1,3,2
8595,2,6,1,2,2,7,50,1,N,2
6454,1,4,2,1,3,7,67,1,N,2
20096,2,3,1,1,3,7,80,1,N,2
2413,2,1,1,1,1,10,64,1,N,2
12122,1,1,1,1,9,10,32,1,N,2
20789,2,1,1,2,4,9,22,1,N,2
9573,1,2,2,1,4,9,47,1,N,2
5759,2,6,1,2,5,9,26,1,N,2
19475,1,6,5,1,0,4,18,1,N,2
14350,2,6,1,1,3,7,30,1,N,2
17849,2,1,1,1,3,9,60,1,N,2
22996,2,1,1,2,9,11,37,1,N,2
25714,1,N,2,1,N,3,12,1,N,2
18876,1,6,1,1,1,9,76,1,N,2
13988,1,3,1,1,6,9,61,1,N,2
8491,2,4,6,1,7,4,45,1,N,2
2570,1,3,1,1,9,10,77,1,N,2
8732,1,1,1,1,9,9,56,1,N,2
24609,1,N,1,2,N,3,9,1,N,2
5805,2,6,2,2,0,4,18,1,N,2
22189,1,6,1,1,8,9,53,1,N,2
10263,1,2,1,1,5,5,73,1,N,2
19063,2,1,1,1,1,5,75,1,N,2
22394,1,1,1,1,8,10,45,1,N,2
20065,1,6,5,1,5,1,78,1,N,2
8565,2,1,2,2,9,10,37,1,N,2
26832,2,N,2,2,N,3,13,1,N,1
19672,2,6,1,2,2,6,32,1,N,2
1679,1,1,1,1,8,9,71,1,N,2
26103,2,N,1,2,N,3,14,1,N,2
5194,2,6,6,0,1,9,24,3,N,2
12260,1,6,2,1,0,5,23,1,N,2
17464,1,1,8,2,0,5,61,1,N,2
20257,1,1,1,1,0,5,63,1,N,2
1610,1,1,1,1,8,10,60,1,N,2
16971,1,6,2,2,0,4,15,1,N,2
13302,2,3,1,1,6,10,77,1,N,2
13940,1,4,1,1,6,7,73,1,N,1
281,1,4,2,2,3,5,62,1,N,2
17682,2,1,2,1,5,5,66,1,N,2
5837,2,1,1,2,4,10,33,1,N,2
16621,1,1,8,2,6,3,52,1,N,2
2762,2,1,1,1,9,9,78,1,N,2
17747,1,6,1,0,3,7,21,3,N,2
10257,1,6,6,2,8,11,32,1,N,2
18928,1,1,1,1,6,8,29,1,N,2
17668,2,6,2,2,7,9,45,1,4,2
16252,1,4,8,2,4,7,59,1,N,2
7611,2,6,8,1,7,7,31,1,N,2
8602,2,6,1,1,1,4,16,1,N,2
22174,2,1,1,1,1,9,66,1,N,2
10561,2,6,1,0,2,7,20,3,N,2
7355,1,1,2,2,1,9,38,1,N,2
18741,2,1,1,1,7,9,63,1,N,2
13787,2,1,1,1,7,9,52,1,N,2
24399,2,N,1,1,N,1,3,1,N,2
8294,1,6,1,2,7,9,29,1,N,2
16558,1,1,2,2,8,5,46,1,N,2
1130,1,1,6,1,9,12,40,1,N,2
22960,1,6,1,2,4,10,54,1,N,2
2960,2,6,1,0,0,7,19,3,N,2
19226,1,6,1,2,3,7,57,1,N,2
27131,2,N,1,1,N,N,1,1,N,2
18271,2,4,1,2,5,7,66,1,N,2
17846,2,1,1,1,1,5,65,1,N,2
16687,2,2,2,1,4,9,37,1,N,2
7793,1,6,1,2,7,9,30,1,N,2
4554,1,6,1,1,2,9,33,1,N,2
24688,1,N,3,2,N,3,8,1,N,2
20958,2,6,9,1,8,9,35,1,N,2
2831,2,1,1,2,7,10,35,1,N,2
5277,2,6,2,0,0,7,58,2,N,2
17808,2,5,1,2,4,9,31,1,N,2
5668,2,6,2,1,2,10,45,1,N,2
22322,1,1,1,2,8,9,30,1,N,2
21425,1,1,2,2,6,10,35,1,N,2
22795,2,1,1,1,2,9,84,1,N,2
6954,2,4,2,1,1,7,88,1,N,2
25492,2,N,1,1,N,3,14,1,N,2
8364,1,6,1,2,5,7,33,1,N,2
12919,2,1,1,1,7,10,70,1,N,2
22289,1,1,1,1,9,9,76,1,N,2
14399,1,1,1,1,4,7,51,1,N,2
8189,2,6,2,1,1,4,17,1,N,2
25513,1,N,2,1,N,3,11,1,N,2
6757,2,1,2,1,9,10,39,1,N,2
17573,1,4,2,1,7,8,80,1,N,2
3475,1,5,8,2,3,7,31,1,N,2
8444,2,6,9,2,4,9,27,1,N,2
13219,2,6,1,2,7,7,43,1,5,2
14428,1,4,1,1,2,3,85,1,N,2
10739,1,4,1,1,9,9,37,1,N,2
23030,2,N,2,2,N,N,0,1,N,2
5561,1,6,2,1,6,9,29,1,N,2
13900,1,1,1,1,8,5,55,1,N,2
4,2,6,1,0,0,7,18,3,N,2
19619,1,6,1,0,3,7,59,3,N,2
16258,2,4,2,2,3,4,42,1,N,2
18457,2,1,1,1,2,5,29,1,N,2
2048,2,6,1,2,5,9,30,1,N,2
15717,2,6,2,2,2,6,61,1,N,2
4968,2,6,2,1,4,7,30,1,N,2
7697,2,6,1,1,6,9,60,1,N,2
24800,1,N,9,1,N,2,4,1,N,2
23654,2,N,8,2,N,2,6,1,N,2
16676,1,4,2,2,5,7,66,1,N,2
7148,1,4,2,1,9,8,70,1,N,2
18666,1,1,1,1,7,8,71,1,6,2
16458,1,4,1,1,1,10,33,1,N,2
19530,1,6,1,1,9,8,27,1,N,2
5878,1,6,2,2,7,10,28,1,N,2
19994,1,6,3,2,3,4,22,1,N,2
5659,2,1,2,1,5,9,34,1,N,2
1204,2,1,6,1,9,9,30,1,N,2
26806,1,N,2,2,N,3,14,1,N,2
17436,1,4,2,2,7,8,76,1,N,2
9177,1,1,1,1,9,10,56,1,N,2
6924,1,2,2,2,2,5,78,1,N,2
16089,1,6,1,0,0,4,51,2,N,2
1194,2,1,1,1,3,9,75,1,N,2
14660,1,6,3,1,0,5,18,1,N,2
8040,2,6,9,2,0,4,17,1,N,2
3735,2,6,1,1,7,9,26,1,N,1
2103,1,1,6,2,6,9,39,1,N,2
18452,2,1,1,1,6,5,66,1,N,2
2811,2,1,6,2,0,9,45,1,N,2
6638,2,6,2,2,1,5,33,1,N,2
8131,2,6,1,2,2,8,24,1,N,2
19577,2,6,1,2,6,9,28,1,N,2
24872,1,N,2,2,N,1,3,1,N,1
21362,1,4,1,2,8,10,42,1,N,2
27104,1,N,1,1,N,3,13,1,N,2
9256,2,1,6,1,4,9,77,1,N,2
5602,2,3,2,1,2,7,77,1,N,2
22889,1,6,2,2,2,6,52,1,N,2
14304,1,6,1,1,3,6,73,1,N,2
16954,2,6,1,2,1,4,43,1,N,2
18212,2,6,1,2,4,7,25,1,N,2
1896,2,6,1,2,8,9,28,1,N,2
7080,2,6,2,2,5,5,31,1,N,2
6616,2,1,2,1,5,7,69,1,N,2
5441,2,3,2,2,1,4,64,1,N,2
24944,2,N,2,2,N,N,1,1,N,2
142,2,4,2,2,5,7,45,1,N,2
9752,2,6,1,1,5,10,25,1,N,2
4695,1,6,2,1,3,8,65,1,N,2
10256,1,1,2,2,2,5,31,1,N,2
19856,1,6,1,2,3,5,18,1,N,2
8547,2,3,1,1,8,9,95,1,N,2
23420,1,N,2,2,N,3,8,1,N,2
3214,2,3,1,1,9,9,79,1,N,2
20944,2,1,1,1,9,10,32,1,N,2
12616,1,6,2,1,9,9,59,1,N,2
5536,2,6,2,2,7,5,81,1,N,2
13352,1,6,3,1,4,8,31,1,N,2
27184,2,N,1,1,N,3,11,1,N,2
8734,2,1,1,1,5,9,35,1,N,2
19542,2,1,1,1,4,7,68,1,N,2
27015,2,N,1,1,N,3,11,1,N,2
15173,2,6,1,1,7,9,70,1,N,2
10914,2,6,2,2,0,8,28,1,N,2
4735,1,6,2,1,2,4,64,1,N,2
17757,1,2,1,0,2,5,82,2,N,2
13541,1,1,1,1,6,5,63,1,N,2
457,2,5,2,2,8,7,35,1,N,2
17198,2,3,2,2,6,9,62,1,N,2
5007,1,6,2,1,6,5,37,1,N,2
4491,2,6,2,2,1,6,30,1,N,2
25006,1,N,6,2,N,2,4,1,N,2
11536,2,1,2,2,3,5,66,1,N,2
16240,1,1,9,2,1,4,83,1,N,2
18021,2,1,1,1,3,10,35,1,N,2
27059,2,N,1,1,N,3,11,1,N,2
12576,2,6,2,1,3,7,59,1,N,1
19287,1,1,1,1,7,7,61,1,N,2
14187,1,1,1,1,9,5,54,1,N,2
12231,1,1,2,1,3,7,30,1,N,2
13094,2,1,2,1,4,5,50,1,N,2
8505,1,6,1,1,1,5,18,1,N,2
22989,2,6,1,2,9,10,32,1,N,2
17419,1,1,1,2,2,5,67,1,N,2
10516,1,6,6,0,3,5,18,3,N,2
10308,1,1,1,1,9,9,49,1,N,2
6517,1,1,2,1,6,9,88,1,N,2
22099,2,3,1,1,6,5,84,1,N,2
5146,2,2,2,0,5,4,76,2,N,2
3503,2,6,6,2,8,12,34,1,N,2
12432,2,6,1,0,1,7,21,3,N,2
17232,2,6,1,2,4,5,20,1,N,2
2558,1,1,1,1,9,10,48,1,N,2
3793,1,6,1,2,4,9,27,1,N,2
7192,2,3,2,2,2,7,65,1,N,2
292,1,6,2,1,0,4,16,1,N,2
15780,1,6,8,2,0,4,17,1,N,2
9731,1,1,1,1,9,7,64,1,N,2
2418,1,1,1,1,5,7,70,1,N,2
16219,1,6,2,2,0,4,21,1,N,2
24060,2,N,6,1,N,2,4,1,N,2
23037,1,N,1,1,N,1,4,1,N,2
13978,2,1,1,1,0,7,35,1,N,2
3361,1,6,1,1,8,10,26,1,N,2
4984,1,1,1,1,9,9,35,1,N,2
3274,1,6,1,1,9,10,52,1,N,2
18735,1,6,3,2,3,4,41,1,N,2
16873,1,6,8,2,2,4,21,1,N,2
18496,1,1,1,1,9,7,67,1,N,2
20033,1,1,1,1,7,7,65,1,N,2
14441,2,6,1,1,3,5,21,1,N,2
24207,2,N,3,1,N,3,10,1,N,2
18610,2,3,1,1,5,11,69,1,N,2
26107,2,N,1,1,N,2,3,1,N,2
3021,2,6,1,0,1,7,18,3,N,2
18052,2,4,1,1,5,8,57,1,N,2
8558,1,1,1,1,8,9,80,1,N,2
5554,2,3,2,1,2,1,60,1,N,2
10794,1,1,1,1,6,11,46,1,N,2
27026,2,N,1,1,N,2,6,1,N,2
6381,1,4,2,1,7,9,42,1,N,2
19431,2,4,1,1,4,9,47,1,N,2
2467,1,1,9,1,9,10,58,1,N,2
537,2,6,2,1,6,7,41,1,N,2
11267,2,1,1,1,7,10,73,1,N,2
2759,1,1,1,1,9,9,50,1,N,2
26717,2,N,2,2,N,3,11,1,N,2
498,2,4,2,2,0,8,55,1,N,2
9542,1,1,1,1,9,9,57,1,N,2
8299,2,1,1,1,3,7,38,1,N,2
24236,1,N,9,1,N,N,2,1,N,2
25977,2,N,1,2,N,3,9,1,N,2
8072,2,6,1,1,4,9,24,1,N,2
18730,1,4,3,2,5,7,84,1,N,2
12991,2,3,2,1,2,3,72,1,N,2
17001,1,6,1,2,1,6,41,1,N,2
11800,2,4,2,1,5,7,54,1,N,2
13152,2,1,2,2,5,8,54,1,N,2
24674,1,N,3,1,N,3,13,1,N,2
11287,2,6,1,1,8,10,37,1,N,2
13150,1,1,2,2,1,4,50,1,N,2
18103,1,4,1,2,1,5,62,1,N,2
13824,2,1,1,1,1,10,60,1,N,2
3852,1,1,1,1,7,10,73,1,N,2
1655,1,6,1,2,7,9,28,1,N,2
13623,1,1,1,1,7,5,66,1,N,2
9823,2,1,1,1,9,9,47,1,N,2
21602,2,6,6,1,7,9,63,1,N,2
5184,1,6,1,0,0,7,19,3,N,2
2598,1,1,6,2,9,10,34,1,N,2
8003,2,6,1,1,5,10,62,1,N,2
1890,1,1,6,2,2,4,79,1,N,2
12494,2,3,2,1,6,5,57,1,N,2
3518,1,6,1,2,8,9,28,1,N,2
22271,1,6,6,2,7,7,29,1,N,2
14744,2,6,1,1,1,5,20,1,N,2
2189,2,1,1,2,8,12,69,1,N,2
24823,2,N,1,2,N,3,13,1,N,2
8625,2,2,8,1,6,7,59,1,N,2
18729,1,4,1,1,9,7,42,1,N,2
16938,2,6,2,1,8,9,39,1,N,2
4195,1,4,1,0,0,5,29,2,N,2
4439,2,6,2,1,0,7,58,1,N,2
2852,1,6,1,0,1,7,19,3,N,2
3071,1,6,1,2,9,11,33,1,N,2
15776,2,4,1,1,9,10,38,1,N,2
17835,2,1,6,1,7,10,34,1,N,2
2712,2,6,1,2,5,10,59,1,N,2
22826,2,4,1,2,8,7,71,1,N,2
16590,2,5,8,2,3,7,39,1,N,2
10215,1,1,1,1,8,10,67,1,N,2
10807,2,1,1,2,8,12,34,1,N,2
10631,2,6,1,2,2,9,22,1,N,2
23360,2,N,2,2,N,3,13,1,N,2
14650,2,6,3,1,0,5,59,1,N,2
25709,2,N,2,2,N,1,4,1,N,2
22497,1,6,1,2,7,9,22,1,N,2
4558,2,6,2,1,0,5,22,1,N,2
11312,2,6,6,1,8,9,23,1,N,2
23540,2,N,8,2,N,3,9,1,N,2
1468,1,1,1,1,9,9,34,1,N,2
5431,1,6,2,1,0,5,63,1,N,1
19137,2,1,1,1,2,5,69,1,N,2
1861,1,6,1,1,7,9,23,1,N,2
21872,1,1,1,2,9,9,63,1,N,2
1798,2,6,6,1,9,9,34,1,N,2
22286,2,1,1,1,0,9,39,1,N,2
22024,2,1,1,1,3,8,62,1,N,2
26965,2,N,1,1,N,3,10,1,N,2
2818,1,6,1,2,9,9,25,1,N,2
16611,2,3,2,2,2,6,55,1,N,2
15599,2,4,1,1,5,8,55,1,N,2
5601,1,6,2,2,0,7,57,1,N,2
12459,2,6,1,2,8,9,36,1,N,2
10885,1,6,1,2,9,9,29,1,N,2
2415,1,1,1,2,9,9,56,1,N,2
11302,2,1,1,1,9,10,53,1,N,2
25866,2,N,1,1,N,3,11,1,N,2
13628,2,6,3,2,1,5,32,1,N,2
17977,2,1,1,1,4,8,67,1,N,2
1820,1,6,8,1,7,5,32,1,N,2
4815,2,6,2,2,1,4,16,1,N,2
7058,1,6,2,2,2,7,63,1,2,2
8986,1,1,1,2,9,11,39,1,N,2
25171,2,N,1,1,N,N,2,1,N,2
5364,2,6,2,1,1,7,30,1,N,2
6156,1,1,1,2,0,12,45,1,N,2
18251,2,3,1,1,2,5,81,1,N,2
19155,1,1,1,1,4,5,36,1,N,2
26442,2,N,6,1,N,3,9,1,N,2
13423,1,1,1,2,8,7,53,1,N,2
24870,2,N,9,2,N,1,3,1,N,2
25299,1,N,2,1,N,3,14,1,N,2
7405,1,1,1,1,7,9,33,1,N,2
16005,1,6,2,0,0,5,52,2,N,2
21229,2,1,1,2,9,12,60,1,N,2
16911,1,1,2,2,1,5,33,1,N,2
14363,1,1,1,1,3,6,79,1,N,2
14166,2,1,1,1,1,10,41,1,N,2
17550,1,6,2,2,0,4,61,1,N,2
9506,1,6,1,1,1,4,18,1,N,2
3585,1,6,1,1,3,9,43,1,N,2
25574,1,N,1,1,N,1,5,1,N,2
23130,1,N,2,1,N,3,9,1,N,2
25183,2,N,2,1,N,3,7,1,N,2
8164,2,1,1,1,7,7,38,1,N,2
11698,2,1,2,1,2,3,66,1,N,2
26662,2,N,2,2,N,N,1,1,N,2
9467,1,6,1,2,7,9,30,1,N,2
3773,2,1,1,1,2,9,85,1,N,2
5428,1,6,8,2,3,11,27,1,N,2
25221,2,N,2,2,N,3,7,1,N,2
12499,2,3,2,1,3,7,77,1,N,2
16261,1,1,2,2,8,6,51,1,N,2
22273,1,6,1,2,6,8,49,1,N,2
9363,1,1,1,1,8,11,37,1,N,2
11803,1,6,2,2,6,7,29,1,N,2
1958,1,4,6,1,7,10,73,1,N,2
23238,1,N,8,2,N,3,11,1,N,2
3380,1,6,1,2,1,9,23,1,N,2
20356,1,1,3,1,5,4,48,1,N,2
19895,1,6,1,1,5,5,24,1,N,2
8021,1,6,1,1,2,4,15,1,N,2
7720,1,6,1,1,8,1,45,1,N,2
20585,1,6,1,1,4,5,46,1,N,2
22629,2,1,6,1,8,11,39,1,N,2
13025,2,1,2,1,6,5,83,1,N,2
6387,2,6,2,1,8,10,38,1,N,2
17624,1,4,2,2,3,4,70,1,N,1
24391,2,N,1,1,N,3,13,1,N,2
17104,1,6,2,2,1,5,21,1,N,1
19377,2,1,1,1,5,7,45,1,N,2
5024,1,4,2,2,5,5,51,1,N,2
21091,2,4,1,1,9,10,60,1,N,2
10448,2,6,1,0,6,7,21,3,N,2
16472,2,6,1,2,5,7,30,1,N,2
329,2,3,2,2,8,7,69,1,N,2
2830,1,4,1,2,9,9,67,1,N,2
9401,2,5,1,1,5,9,49,1,N,2
2367,1,6,6,1,9,11,31,1,N,2
21912,1,1,1,1,8,10,40,1,N,2
5758,2,4,1,2,3,10,39,1,N,2
3016,1,6,1,0,1,7,18,3,N,2
14811,1,1,1,1,6,7,75,1,N,2
13926,2,1,1,1,3,7,62,1,N,2
19914,2,1,1,1,6,7,38,1,N,2
7187,2,6,2,2,2,5,73,1,N,2
8284,2,1,1,1,8,7,73,1,N,2
24534,1,N,1,1,N,N,0,1,N,2
1041,1,1,1,2,9,9,47,1,N,2
1988,1,1,1,1,8,5,63,1,N,2
25802,2,N,2,2,N,3,12,1,N,2
15473,1,4,1,1,9,9,58,1,N,2
18071,1,1,1,1,7,9,73,1,N,2
18988,2,6,5,2,0,8,40,1,N,2
11150,1,2,1,1,3,9,27,1,N,2
21075,1,6,1,2,8,9,26,1,N,2
10289,2,1,1,1,2,10,74,1,N,2
11244,2,6,1,2,3,9,23,1,N,2
5930,1,5,2,2,9,7,69,1,N,2
14609,2,3,1,1,6,5,74,1,N,2
23067,1,N,9,2,N,N,0,1,N,2
10701,2,1,1,1,9,12,50,1,N,2
15055,1,1,1,1,6,1,54,1,N,2
19760,2,3,3,1,3,9,79,1,N,2
23087,1,N,6,1,N,N,0,1,N,2
21368,1,6,1,2,7,9,30,1,N,2
22283,1,6,1,1,1,11,52,1,N,2
8821,1,1,1,1,7,9,64,1,N,2
12002,1,6,2,1,7,7,27,1,N,2
5958,1,1,2,1,8,10,74,1,N,2
17631,2,5,8,2,2,10,60,1,N,2
3691,1,1,1,1,4,10,55,1,N,2
10288,1,1,1,1,9,11,74,1,N,2
4830,1,6,2,2,5,1,63,1,N,2
16539,1,4,2,2,5,8,50,1,N,2
26601,1,N,2,2,N,2,6,1,N,2
5373,1,2,2,1,2,5,39,1,N,2
4214,2,6,2,0,0,7,20,3,N,2
16926,2,6,8,2,0,4,15,1,N,2
17073,1,6,2,2,0,7,21,1,N,2
16120,2,6,2,0,1,5,38,3,N,2
54,1,5,1,0,1,4,56,3,N,1
1856,2,1,6,1,0,4,42,1,N,2
12343,2,3,2,2,3,4,69,1,N,2
4846,1,6,2,2,2,4,58,1,N,2
6425,2,1,2,1,7,10,72,1,N,2
20860,1,1,1,1,8,9,27,1,N,2
20924,2,6,1,2,7,10,24,1,N,2
6797,2,6,2,2,4,5,34,1,N,2
4383,2,4,2,2,6,9,36,1,N,2
16250,2,4,2,2,3,7,60,1,N,2
9325,1,1,1,1,8,10,76,1,N,2
16202,2,1,2,1,6,8,64,1,N,2
5119,1,4,1,1,9,8,42,1,N,2
11221,1,6,6,2,2,5,22,1,N,2
24687,2,N,1,1,N,3,6,1,N,2
26334,2,N,9,1,N,3,6,1,N,2
12265,2,3,9,1,2,5,62,1,N,2
9653,1,1,1,1,2,5,64,1,N,2
10347,1,1,1,1,8,9,38,1,N,2
6860,1,6,2,2,1,7,20,1,N,2
8376,2,6,1,0,3,9,74,3,N,2
15236,2,4,8,2,6,3,59,1,N,2
20587,1,3,1,1,0,4,55,1,N,2
25631,2,N,1,1,N,N,0,1,N,2
12956,2,1,1,1,9,10,76,1,N,2
5973,2,6,2,2,8,5,49,1,N,2
21363,2,4,1,2,9,9,30,1,N,2
5796,1,6,2,2,5,7,30,1,N,2
3562,1,6,1,1,2,9,61,1,N,2
6469,2,6,2,1,6,9,38,1,N,2
20319,1,1,1,1,7,5,35,1,N,2
13539,2,1,1,1,4,5,56,1,N,2
17551,2,2,2,2,4,7,61,1,N,2
16192,1,6,6,2,8,9,27,1,N,2
7135,1,1,2,1,3,10,74,1,N,2
13129,1,6,2,2,2,5,71,1,N,2
16866,2,6,2,2,0,8,35,1,N,2
26609,2,N,1,1,N,2,3,1,N,2
15191,1,6,2,2,3,6,65,1,N,2
1057,2,1,6,1,4,9,45,1,N,2
19871,1,1,1,1,6,6,44,1,N,2
13933,1,3,1,1,4,5,88,1,N,2
14561,1,6,1,2,7,8,30,1,N,2
3263,1,4,1,2,9,9,40,1,N,2
23741,1,N,1,2,N,3,12,1,N,2
11503,2,6,1,2,4,3,20,1,N,2
6891,1,6,2,2,2,4,18,1,N,2
14420,2,1,1,1,5,10,66,1,N,2
2076,2,1,8,2,6,9,32,1,N,2
20594,1,1,1,1,8,8,60,1,N,2
16576,1,1,8,2,6,7,37,1,N,2
21163,2,2,6,1,5,9,53,1,N,2
20342,2,1,3,1,7,7,53,1,N,1
15384,1,1,5,1,5,5,59,1,N,2
11639,1,1,1,1,9,9,35,1,N,2
6504,2,6,2,2,5,9,25,1,N,2
7322,1,6,1,1,2,7,66,1,N,2
19438,1,6,1,2,2,6,39,1,N,2
12699,2,5,2,2,2,5,57,1,N,2
24776,2,N,1,1,N,N,2,1,N,2
21744,2,1,2,2,9,11,43,1,N,2
9998,2,1,6,2,1,10,37,1,N,2
14355,2,1,1,1,8,9,37,1,N,2
6905,2,4,2,2,2,5,61,1,N,1
632,2,1,2,2,3,5,26,1,N,2
15894,2,2,1,1,5,4,27,1,N,2
22350,2,6,1,2,2,9,23,1,N,2
22377,1,6,9,2,9,10,38,1,N,2
21914,2,4,2,2,3,7,61,1,N,2
4694,1,6,2,2,6,10,61,1,N,2
25585,1,N,6,1,N,N,1,1,N,2
16081,2,6,2,0,1,4,52,2,N,2
24766,2,N,9,1,N,3,13,1,N,2
18491,2,1,1,1,2,7,85,1,N,2
5217,2,6,6,0,0,3,60,3,N,2
10432,2,6,2,0,5,5,18,3,N,2
8361,2,1,1,1,6,9,67,1,N,2
19135,1,4,3,2,8,4,51,1,N,2
4076,2,6,2,0,0,7,18,3,N,2
