{
    "data_description": {
        "target": {
            "filename": "national2019",
            "records": 27253,
            "features": 24
        },
        "deid": {
            "filename": "pram_default_pram_feats_quasi_except_sex_demographic_focused_na2019",
            "records": 27253,
            "features": 10,
            "labels": {
                "algorithm name": "pram",
                "library": "sdcmicro",
                "feature set": "demographic-focused",
                "target dataset": "national2019",
                "default values": "pd: 0.8, alpha: 0.5",
                "pram features": "MSP, RAC1P, OWN_RENT, EDU",
                "pram features exception": "SEX selected as required categorical key variable",
                "variant label": "subset categorical except SEX",
                "variant label detail": "default, pram features: quasi cat. except SEX",
                "privacy": "Statistical Disclosure Control"
            },
            "validations": {
                "values_out_of_bound": {}
            }
        },
        "features": [
            {
                "Feature Name": "AGEP",
                "Feature Description": "Person's age",
                "Feature Type": "int64",
                "Feature Has 'N' (N/A) values?": false
            },
            {
                "Feature Name": "SEX",
                "Feature Description": "Person's gender",
                "Feature Type": "int64",
                "Feature Has 'N' (N/A) values?": false
            },
            {
                "Feature Name": "MSP",
                "Feature Description": "Marital Status",
                "Feature Type": "object of type string",
                "Feature Has 'N' (N/A) values?": true
            },
            {
                "Feature Name": "RAC1P",
                "Feature Description": "Person's Race",
                "Feature Type": "int64",
                "Feature Has 'N' (N/A) values?": false
            },
            {
                "Feature Name": "HOUSING_TYPE",
                "Feature Description": "Housing unit or group quarters",
                "Feature Type": "int64",
                "Feature Has 'N' (N/A) values?": false
            },
            {
                "Feature Name": "OWN_RENT",
                "Feature Description": "Housing unit rented or owned",
                "Feature Type": "int64",
                "Feature Has 'N' (N/A) values?": false
            },
            {
                "Feature Name": "EDU",
                "Feature Description": "Educational attainment",
                "Feature Type": "object of type string",
                "Feature Has 'N' (N/A) values?": true
            },
            {
                "Feature Name": "PINCP_DECILE",
                "Feature Description": "Person's total income rank (with respect to their state) discretized into 10% bins.",
                "Feature Type": "object of type string",
                "Feature Has 'N' (N/A) values?": true
            },
            {
                "Feature Name": "DVET",
                "Feature Description": "Veteran service connected disability rating (percentage)",
                "Feature Type": "object of type string",
                "Feature Has 'N' (N/A) values?": true
            },
            {
                "Feature Name": "DEYE",
                "Feature Description": "Vision difficulty",
                "Feature Type": "int32",
                "Feature Has 'N' (N/A) values?": false
            }
        ]
    },
    "Univariate": {
        "divergence": "univariate/divergence.csv",
        "counts": {
            "EDU": {
                "counts": "univariate/EDU_counts.csv",
                "plot": "univariate/EDU.jpg"
            },
            "MSP": {
                "counts": "univariate/MSP_counts.csv",
                "plot": "univariate/MSP.jpg"
            },
            "RAC1P": {
                "counts": "univariate/RAC1P_counts.csv",
                "plot": "univariate/RAC1P.jpg"
            },
            "OWN_RENT": {
                "counts": "univariate/OWN_RENT_counts.csv",
                "plot": "univariate/OWN_RENT.jpg"
            },
            "AGEP": {
                "counts": "univariate/AGEP_counts.csv",
                "plot": "univariate/AGEP.jpg"
            },
            "SEX": {
                "counts": "univariate/SEX_counts.csv",
                "plot": "univariate/SEX.jpg"
            },
            "HOUSING_TYPE": {
                "counts": "univariate/HOUSING_TYPE_counts.csv",
                "plot": "univariate/HOUSING_TYPE.jpg"
            },
            "PINCP_DECILE": {
                "counts": "univariate/PINCP_DECILE_counts.csv",
                "plot": "univariate/PINCP_DECILE.jpg"
            },
            "DVET": {
                "counts": "univariate/DVET_counts.csv",
                "plot": "univariate/DVET.jpg"
            },
            "DEYE": {
                "counts": "univariate/DEYE_counts.csv",
                "plot": "univariate/DEYE.jpg"
            }
        }
    },
    "Correlations": {
        "kendall correlation difference": {
            "correlation_difference": "correlation_difference/correlation_difference.csv",
            "plot": "correlation_difference/corr_diff.jpg"
        },
        "pearson correlation difference": {
            "correlation_difference": "pearson_correlation/correlation_difference.csv",
            "plot": "pearson_correlation/pearson_corr_diff.jpg"
        }
    },
    "k_marginal": {
        "k_marginal_synopsys": {
            "subsample_error_comparison": "k_marginal_synopsys/subsample_error_comparison.csv",
            "k_marginal_score": 986
        }
    },
    "propensity mean square error": {
        "pmse_score": 0.009256782473155797,
        "propensity_distribution": "propensity/propensity_distribution.csv"
    },
    "linear_regression": {
        "total_population": {
            "target_counts": "linear_regression/total_population/target_counts.csv",
            "target_deidentified_counts_difference": "linear_regression/total_population/target_deidentified_counts_difference.csv",
            "target_deidentified_difference_plot": "linear_regression/total_population/density_plot.svg",
            "target_regression_slope_and_intercept": [
                0.63,
                -0.1
            ],
            "deidentified_regression_slope_and_intercept": [
                0.51,
                0.83
            ]
        },
        "white_men": {
            "target_counts": "linear_regression/white_men/target_counts.csv",
            "target_deidentified_counts_difference": "linear_regression/white_men/target_deidentified_counts_difference.csv",
            "target_deidentified_difference_plot": "linear_regression/white_men/density_plot.svg",
            "target_regression_slope_and_intercept": [
                0.68,
                0.39
            ],
            "deidentified_regression_slope_and_intercept": [
                0.54,
                1.48
            ]
        },
        "white_women": {
            "target_counts": "linear_regression/white_women/target_counts.csv",
            "target_deidentified_counts_difference": "linear_regression/white_women/target_deidentified_counts_difference.csv",
            "target_deidentified_difference_plot": "linear_regression/white_women/density_plot.svg",
            "target_regression_slope_and_intercept": [
                0.66,
                -0.6
            ],
            "deidentified_regression_slope_and_intercept": [
                0.54,
                0.39
            ]
        },
        "black_men": {
            "target_counts": "linear_regression/black_men/target_counts.csv",
            "target_deidentified_counts_difference": "linear_regression/black_men/target_deidentified_counts_difference.csv",
            "target_deidentified_difference_plot": "linear_regression/black_men/density_plot.svg",
            "target_regression_slope_and_intercept": [
                0.52,
                0.45
            ],
            "deidentified_regression_slope_and_intercept": [
                0.4,
                1.25
            ]
        },
        "black_women": {
            "target_counts": "linear_regression/black_women/target_counts.csv",
            "target_deidentified_counts_difference": "linear_regression/black_women/target_deidentified_counts_difference.csv",
            "target_deidentified_difference_plot": "linear_regression/black_women/density_plot.svg",
            "target_regression_slope_and_intercept": [
                0.51,
                0.3
            ],
            "deidentified_regression_slope_and_intercept": [
                0.4,
                1.1
            ]
        },
        "asian_men": {
            "target_counts": "linear_regression/asian_men/target_counts.csv",
            "target_deidentified_counts_difference": "linear_regression/asian_men/target_deidentified_counts_difference.csv",
            "target_deidentified_difference_plot": "linear_regression/asian_men/density_plot.svg",
            "target_regression_slope_and_intercept": [
                0.7,
                -0.68
            ],
            "deidentified_regression_slope_and_intercept": [
                0.52,
                1.05
            ]
        },
        "asian_women": {
            "target_counts": "linear_regression/asian_women/target_counts.csv",
            "target_deidentified_counts_difference": "linear_regression/asian_women/target_deidentified_counts_difference.csv",
            "target_deidentified_difference_plot": "linear_regression/asian_women/density_plot.svg",
            "target_regression_slope_and_intercept": [
                0.55,
                -0.19
            ],
            "deidentified_regression_slope_and_intercept": [
                0.42,
                0.9
            ]
        },
        "aiannh_men": {
            "target_counts": "linear_regression/aiannh_men/target_counts.csv",
            "target_deidentified_counts_difference": "linear_regression/aiannh_men/target_deidentified_counts_difference.csv",
            "target_deidentified_difference_plot": "linear_regression/aiannh_men/density_plot.svg",
            "target_regression_slope_and_intercept": [
                0.42,
                1.18
            ],
            "deidentified_regression_slope_and_intercept": [
                0.5,
                0.89
            ]
        },
        "aiannh_women": {
            "target_counts": "linear_regression/aiannh_women/target_counts.csv",
            "target_deidentified_counts_difference": "linear_regression/aiannh_women/target_deidentified_counts_difference.csv",
            "target_deidentified_difference_plot": "linear_regression/aiannh_women/density_plot.svg",
            "target_regression_slope_and_intercept": [
                0.54,
                -0.19
            ],
            "deidentified_regression_slope_and_intercept": [
                0.47,
                0.26
            ]
        }
    },
    "pca": {
        "components_eigenvector": "pca/components_eigenvector.csv",
        "target_all_components_plot": "pca/target.png",
        "deidentified_all_components_plot": "pca/deidentified.png",
        "highlighted_plots": {
            "MSP-MSP_N-Children (AGEP < 15)": [
                "pca/target_highlighted_MSP/MSP_N.png",
                "pca/deidentified_highlighted_MSP/MSP_N.png"
            ]
        }
    },
    "inconsistencies": {
        "age": {
            "title": "Age-Based Inconsistencies",
            "description": "These inconsistencies deal with the AGE feature; records with age-based inconsistencies might have children who are married, or infants with high school diplomas",
            "inconsistencies": [
                {
                    "inconsistency_name": "child_MSP",
                    "inconsistency_description": "Children (< 15) can't be married",
                    "inconsistency_features": [
                        "AGEP",
                        "MSP"
                    ],
                    "inconsistency_violations": 544,
                    "inconsistent_data_indexes": [
                        23032,
                        23033,
                        23036,
                        23038,
                        23039,
                        23056,
                        23057,
                        23064,
                        23075,
                        23081,
                        23089,
                        23100,
                        23109,
                        23110,
                        23125,
                        23141,
                        23146,
                        23147,
                        23153,
                        23156,
                        23168,
                        23172,
                        23179,
                        23182,
                        23189,
                        23197,
                        23214,
                        23218,
                        23229,
                        23260,
                        23264,
                        23274,
                        23283,
                        23286,
                        23288,
                        23296,
                        23298,
                        23301,
                        23310,
                        23313,
                        23328,
                        23345,
                        23358,
                        23365,
                        23370,
                        23372,
                        23375,
                        23376,
                        23381,
                        23394,
                        23400,
                        23414,
                        23418,
                        23432,
                        23433,
                        23445,
                        23448,
                        23449,
                        23455,
                        23463,
                        23476,
                        23478,
                        23484,
                        23486,
                        23487,
                        23520,
                        23522,
                        23527,
                        23541,
                        23545,
                        23554,
                        23564,
                        23577,
                        23584,
                        23597,
                        23610,
                        23611,
                        23624,
                        23641,
                        23645,
                        23648,
                        23655,
                        23656,
                        23657,
                        23674,
                        23679,
                        23690,
                        23699,
                        23712,
                        23717,
                        23730,
                        23732,
                        23737,
                        23742,
                        23761,
                        23770,
                        23776,
                        23778,
                        23779,
                        23783,
                        23784,
                        23789,
                        23792,
                        23797,
                        23804,
                        23808,
                        23823,
                        23832,
                        23842,
                        23856,
                        23861,
                        23868,
                        23870,
                        23872,
                        23874,
                        23875,
                        23884,
                        23892,
                        23909,
                        23912,
                        23913,
                        23936,
                        23937,
                        23938,
                        23945,
                        23957,
                        23960,
                        23963,
                        23978,
                        23986,
                        23991,
                        23993,
                        24000,
                        24008,
                        24025,
                        24030,
                        24031,
                        24039,
                        24053,
                        24054,
                        24063,
                        24069,
                        24070,
                        24077,
                        24093,
                        24110,
                        24119,
                        24130,
                        24147,
                        24160,
                        24165,
                        24184,
                        24189,
                        24200,
                        24209,
                        24212,
                        24230,
                        24232,
                        24236,
                        24243,
                        24253,
                        24254,
                        24267,
                        24270,
                        24272,
                        24288,
                        24290,
                        24293,
                        24297,
                        24313,
                        24321,
                        24322,
                        24338,
                        24387,
                        24389,
                        24397,
                        24413,
                        24414,
                        24420,
                        24433,
                        24434,
                        24436,
                        24442,
                        24448,
                        24449,
                        24451,
                        24458,
                        24462,
                        24474,
                        24480,
                        24485,
                        24506,
                        24509,
                        24518,
                        24539,
                        24542,
                        24543,
                        24547,
                        24589,
                        24595,
                        24619,
                        24620,
                        24629,
                        24631,
                        24646,
                        24648,
                        24649,
                        24653,
                        24672,
                        24679,
                        24680,
                        24685,
                        24693,
                        24694,
                        24698,
                        24700,
                        24701,
                        24702,
                        24711,
                        24717,
                        24718,
                        24721,
                        24739,
                        24741,
                        24761,
                        24766,
                        24777,
                        24784,
                        24786,
                        24788,
                        24789,
                        24791,
                        24792,
                        24800,
                        24808,
                        24812,
                        24814,
                        24820,
                        24832,
                        24835,
                        24837,
                        24839,
                        24852,
                        24860,
                        24867,
                        24870,
                        24874,
                        24876,
                        24880,
                        24892,
                        24895,
                        24919,
                        24932,
                        24942,
                        24951,
                        24952,
                        24959,
                        24960,
                        24963,
                        24964,
                        24966,
                        24971,
                        25005,
                        25009,
                        25027,
                        25044,
                        25069,
                        25073,
                        25080,
                        25106,
                        25114,
                        25129,
                        25131,
                        25141,
                        25154,
                        25156,
                        25187,
                        25195,
                        25230,
                        25231,
                        25264,
                        25266,
                        25271,
                        25272,
                        25275,
                        25277,
                        25279,
                        25286,
                        25299,
                        25300,
                        25305,
                        25307,
                        25311,
                        25321,
                        25334,
                        25337,
                        25343,
                        25355,
                        25356,
                        25358,
                        25365,
                        25369,
                        25384,
                        25385,
                        25393,
                        25400,
                        25406,
                        25419,
                        25423,
                        25429,
                        25431,
                        25433,
                        25434,
                        25442,
                        25447,
                        25458,
                        25486,
                        25511,
                        25514,
                        25526,
                        25545,
                        25547,
                        25552,
                        25561,
                        25562,
                        25593,
                        25601,
                        25605,
                        25613,
                        25614,
                        25630,
                        25642,
                        25644,
                        25659,
                        25690,
                        25711,
                        25723,
                        25735,
                        25746,
                        25749,
                        25752,
                        25757,
                        25758,
                        25761,
                        25788,
                        25791,
                        25793,
                        25801,
                        25804,
                        25810,
                        25812,
                        25813,
                        25815,
                        25827,
                        25853,
                        25867,
                        25879,
                        25881,
                        25883,
                        25893,
                        25907,
                        25912,
                        25919,
                        25931,
                        25939,
                        25942,
                        25948,
                        25950,
                        25955,
                        25963,
                        25965,
                        25967,
                        25970,
                        25980,
                        25985,
                        25999,
                        26007,
                        26010,
                        26021,
                        26028,
                        26031,
                        26046,
                        26047,
                        26048,
                        26049,
                        26050,
                        26057,
                        26061,
                        26067,
                        26074,
                        26097,
                        26102,
                        26118,
                        26122,
                        26125,
                        26136,
                        26143,
                        26151,
                        26161,
                        26201,
                        26202,
                        26204,
                        26217,
                        26243,
                        26246,
                        26249,
                        26258,
                        26262,
                        26265,
                        26267,
                        26272,
                        26280,
                        26285,
                        26301,
                        26303,
                        26308,
                        26318,
                        26327,
                        26328,
                        26331,
                        26334,
                        26335,
                        26358,
                        26369,
                        26381,
                        26384,
                        26387,
                        26392,
                        26405,
                        26407,
                        26410,
                        26420,
                        26433,
                        26444,
                        26445,
                        26451,
                        26453,
                        26465,
                        26469,
                        26470,
                        26481,
                        26485,
                        26486,
                        26491,
                        26498,
                        26501,
                        26507,
                        26519,
                        26530,
                        26535,
                        26552,
                        26558,
                        26560,
                        26563,
                        26574,
                        26599,
                        26602,
                        26606,
                        26608,
                        26620,
                        26622,
                        26623,
                        26633,
                        26641,
                        26649,
                        26650,
                        26672,
                        26680,
                        26681,
                        26684,
                        26685,
                        26702,
                        26706,
                        26709,
                        26715,
                        26716,
                        26729,
                        26742,
                        26743,
                        26755,
                        26762,
                        26772,
                        26788,
                        26801,
                        26805,
                        26819,
                        26820,
                        26848,
                        26850,
                        26855,
                        26857,
                        26868,
                        26873,
                        26879,
                        26886,
                        26899,
                        26903,
                        26914,
                        26928,
                        26931,
                        26936,
                        26940,
                        26941,
                        26949,
                        26952,
                        26964,
                        26969,
                        26985,
                        26994,
                        26999,
                        27010,
                        27012,
                        27020,
                        27021,
                        27024,
                        27032,
                        27035,
                        27055,
                        27057,
                        27066,
                        27068,
                        27082,
                        27085,
                        27106,
                        27112,
                        27115,
                        27121,
                        27122,
                        27126,
                        27130,
                        27137,
                        27142,
                        27151,
                        27159,
                        27160,
                        27168,
                        27191,
                        27194,
                        27196,
                        27207,
                        27219,
                        27237,
                        27240,
                        27249
                    ],
                    "inconsistent_record_example": "inconsistencies/age/child_MSP_example.csv"
                },
                {
                    "inconsistency_name": "child_phd",
                    "inconsistency_description": "Children (< 15) don't have PhDs",
                    "inconsistency_features": [
                        "AGEP",
                        "EDU"
                    ],
                    "inconsistency_violations": 13,
                    "inconsistent_data_indexes": [
                        23197,
                        23374,
                        23835,
                        24175,
                        24939,
                        24983,
                        25538,
                        25970,
                        26294,
                        26580,
                        26727,
                        26813,
                        27248
                    ],
                    "inconsistent_record_example": "inconsistencies/age/child_phd_example.csv"
                },
                {
                    "inconsistency_name": "adult_N",
                    "inconsistency_description": "Adults ( > 14) must specify values (other than N) for all adult features",
                    "inconsistency_features": [
                        "AGEP",
                        "MSP",
                        "PINCP",
                        "PINCP_DECILE",
                        "EDU",
                        "DPHY",
                        "DREM"
                    ],
                    "inconsistency_violations": 691,
                    "inconsistent_data_indexes": [
                        7,
                        63,
                        114,
                        138,
                        149,
                        187,
                        199,
                        247,
                        252,
                        286,
                        316,
                        395,
                        527,
                        595,
                        720,
                        743,
                        763,
                        766,
                        769,
                        775,
                        776,
                        784,
                        791,
                        817,
                        849,
                        959,
                        1059,
                        1080,
                        1082,
                        1172,
                        1213,
                        1227,
                        1231,
                        1233,
                        1265,
                        1304,
                        1324,
                        1370,
                        1393,
                        1394,
                        1410,
                        1426,
                        1432,
                        1453,
                        1528,
                        1541,
                        1601,
                        1604,
                        1706,
                        1732,
                        1775,
                        1785,
                        1787,
                        1793,
                        1824,
                        1837,
                        1881,
                        1902,
                        1934,
                        1966,
                        1976,
                        1977,
                        1993,
                        1999,
                        2016,
                        2037,
                        2053,
                        2115,
                        2124,
                        2147,
                        2150,
                        2160,
                        2206,
                        2214,
                        2337,
                        2359,
                        2402,
                        2482,
                        2527,
                        2532,
                        2579,
                        2689,
                        2697,
                        2767,
                        2777,
                        2863,
                        2870,
                        2872,
                        2900,
                        2909,
                        2930,
                        2934,
                        2967,
                        2992,
                        2999,
                        3008,
                        3009,
                        3033,
                        3064,
                        3124,
                        3158,
                        3180,
                        3224,
                        3250,
                        3276,
                        3279,
                        3284,
                        3289,
                        3302,
                        3323,
                        3346,
                        3348,
                        3410,
                        3421,
                        3436,
                        3485,
                        3493,
                        3499,
                        3514,
                        3551,
                        3562,
                        3577,
                        3594,
                        3609,
                        3706,
                        3720,
                        3804,
                        3848,
                        3854,
                        3876,
                        3951,
                        3964,
                        4002,
                        4032,
                        4034,
                        4139,
                        4172,
                        4174,
                        4205,
                        4213,
                        4231,
                        4236,
                        4257,
                        4291,
                        4310,
                        4322,
                        4428,
                        4435,
                        4466,
                        4494,
                        4501,
                        4585,
                        4588,
                        4619,
                        4641,
                        4684,
                        4689,
                        4728,
                        4730,
                        4784,
                        4785,
                        4794,
                        4828,
                        4834,
                        4851,
                        4890,
                        4893,
                        4907,
                        4916,
                        4928,
                        4930,
                        4941,
                        4953,
                        4959,
                        4998,
                        5061,
                        5102,
                        5115,
                        5248,
                        5263,
                        5301,
                        5335,
                        5342,
                        5359,
                        5378,
                        5404,
                        5432,
                        5475,
                        5519,
                        5526,
                        5586,
                        5665,
                        5925,
                        5978,
                        5992,
                        6014,
                        6043,
                        6072,
                        6085,
                        6142,
                        6154,
                        6188,
                        6247,
                        6251,
                        6253,
                        6292,
                        6315,
                        6363,
                        6399,
                        6419,
                        6468,
                        6479,
                        6512,
                        6562,
                        6586,
                        6600,
                        6672,
                        6710,
                        6728,
                        6733,
                        6741,
                        6812,
                        6824,
                        6917,
                        6933,
                        6961,
                        7053,
                        7060,
                        7095,
                        7099,
                        7124,
                        7199,
                        7210,
                        7236,
                        7238,
                        7268,
                        7298,
                        7324,
                        7325,
                        7409,
                        7472,
                        7636,
                        7697,
                        7710,
                        7722,
                        7724,
                        7830,
                        7866,
                        7888,
                        7892,
                        7905,
                        7929,
                        8005,
                        8013,
                        8018,
                        8081,
                        8101,
                        8125,
                        8145,
                        8167,
                        8237,
                        8263,
                        8319,
                        8328,
                        8365,
                        8368,
                        8384,
                        8435,
                        8449,
                        8538,
                        8569,
                        8619,
                        8680,
                        8681,
                        8693,
                        8702,
                        8713,
                        8755,
                        8769,
                        8803,
                        8839,
                        8858,
                        8861,
                        8870,
                        8892,
                        8901,
                        8946,
                        8996,
                        9187,
                        9195,
                        9337,
                        9361,
                        9376,
                        9383,
                        9418,
                        9430,
                        9456,
                        9522,
                        9553,
                        9555,
                        9573,
                        9585,
                        9614,
                        9726,
                        9730,
                        9740,
                        9751,
                        9752,
                        9779,
                        9802,
                        9805,
                        9866,
                        9867,
                        9916,
                        9942,
                        9989,
                        10082,
                        10143,
                        10203,
                        10214,
                        10228,
                        10302,
                        10341,
                        10361,
                        10362,
                        10374,
                        10449,
                        10515,
                        10529,
                        10532,
                        10542,
                        10552,
                        10565,
                        10604,
                        10644,
                        10645,
                        10652,
                        10714,
                        10716,
                        10724,
                        10727,
                        10734,
                        10768,
                        10776,
                        10830,
                        10920,
                        10964,
                        10983,
                        10993,
                        11043,
                        11170,
                        11249,
                        11259,
                        11290,
                        11389,
                        11399,
                        11416,
                        11426,
                        11446,
                        11520,
                        11543,
                        11596,
                        11602,
                        11616,
                        11653,
                        11673,
                        11726,
                        11769,
                        11789,
                        11808,
                        11839,
                        11852,
                        11872,
                        11883,
                        11886,
                        11906,
                        11920,
                        11945,
                        12032,
                        12036,
                        12040,
                        12065,
                        12081,
                        12121,
                        12126,
                        12140,
                        12253,
                        12289,
                        12291,
                        12321,
                        12377,
                        12439,
                        12469,
                        12493,
                        12585,
                        12590,
                        12625,
                        12639,
                        12753,
                        12768,
                        12820,
                        12945,
                        12952,
                        12961,
                        12991,
                        13028,
                        13062,
                        13098,
                        13108,
                        13151,
                        13278,
                        13300,
                        13429,
                        13444,
                        13462,
                        13575,
                        13577,
                        13621,
                        13707,
                        13736,
                        13770,
                        13772,
                        13815,
                        13827,
                        13882,
                        13897,
                        13905,
                        13911,
                        13921,
                        13978,
                        14096,
                        14107,
                        14119,
                        14146,
                        14265,
                        14295,
                        14302,
                        14325,
                        14368,
                        14373,
                        14376,
                        14378,
                        14425,
                        14525,
                        14582,
                        14591,
                        14607,
                        14616,
                        14632,
                        14660,
                        14705,
                        14707,
                        14710,
                        14718,
                        14766,
                        14815,
                        14870,
                        14943,
                        14952,
                        14965,
                        14991,
                        15067,
                        15099,
                        15106,
                        15153,
                        15184,
                        15304,
                        15339,
                        15431,
                        15448,
                        15466,
                        15552,
                        15586,
                        15621,
                        15634,
                        15640,
                        15655,
                        15666,
                        15711,
                        15728,
                        15768,
                        15791,
                        15817,
                        15879,
                        15900,
                        15996,
                        16121,
                        16123,
                        16152,
                        16156,
                        16281,
                        16301,
                        16332,
                        16396,
                        16425,
                        16429,
                        16431,
                        16504,
                        16511,
                        16538,
                        16610,
                        16627,
                        16647,
                        16694,
                        16719,
                        16720,
                        16749,
                        16759,
                        16812,
                        16814,
                        16842,
                        16989,
                        17009,
                        17012,
                        17022,
                        17119,
                        17122,
                        17149,
                        17158,
                        17206,
                        17223,
                        17250,
                        17257,
                        17262,
                        17271,
                        17362,
                        17372,
                        17379,
                        17447,
                        17450,
                        17479,
                        17541,
                        17547,
                        17557,
                        17562,
                        17616,
                        17636,
                        17648,
                        17665,
                        17677,
                        17712,
                        17758,
                        17765,
                        17813,
                        17832,
                        17903,
                        17907,
                        17940,
                        17998,
                        18138,
                        18151,
                        18154,
                        18159,
                        18179,
                        18263,
                        18314,
                        18330,
                        18349,
                        18371,
                        18442,
                        18476,
                        18525,
                        18548,
                        18562,
                        18565,
                        18566,
                        18577,
                        18593,
                        18639,
                        18645,
                        18653,
                        18714,
                        18721,
                        18766,
                        18848,
                        18869,
                        18917,
                        18963,
                        19109,
                        19157,
                        19177,
                        19212,
                        19222,
                        19258,
                        19260,
                        19293,
                        19304,
                        19324,
                        19380,
                        19401,
                        19409,
                        19432,
                        19461,
                        19502,
                        19536,
                        19556,
                        19586,
                        19632,
                        19701,
                        19706,
                        19728,
                        19792,
                        19801,
                        19811,
                        19866,
                        19958,
                        19975,
                        19979,
                        19992,
                        20061,
                        20085,
                        20091,
                        20096,
                        20123,
                        20171,
                        20172,
                        20231,
                        20361,
                        20377,
                        20413,
                        20432,
                        20501,
                        20514,
                        20523,
                        20524,
                        20525,
                        20569,
                        20573,
                        20609,
                        20656,
                        20693,
                        20698,
                        20703,
                        20774,
                        20793,
                        20871,
                        20955,
                        20961,
                        20969,
                        20975,
                        21060,
                        21076,
                        21205,
                        21303,
                        21309,
                        21379,
                        21419,
                        21424,
                        21447,
                        21497,
                        21627,
                        21667,
                        21671,
                        21762,
                        21837,
                        21854,
                        21859,
                        21918,
                        21932,
                        21936,
                        21971,
                        22019,
                        22023,
                        22108,
                        22158,
                        22164,
                        22245,
                        22318,
                        22335,
                        22339,
                        22345,
                        22431,
                        22449,
                        22466,
                        22499,
                        22583,
                        22601,
                        22603,
                        22625,
                        22633,
                        22664,
                        22668,
                        22673,
                        22681,
                        22713,
                        22718,
                        22720,
                        22751,
                        22770,
                        22837,
                        22931
                    ],
                    "inconsistent_record_example": "inconsistencies/age/adult_N_example.csv"
                },
                {
                    "inconsistency_name": "toddler_diploma",
                    "inconsistency_description": "Toddlers (< 5) don't have high school diplomas",
                    "inconsistency_features": [
                        "AGEP",
                        "EDU"
                    ],
                    "inconsistency_violations": 177,
                    "inconsistent_data_indexes": [
                        23011,
                        23018,
                        23032,
                        23039,
                        23067,
                        23076,
                        23089,
                        23090,
                        23106,
                        23113,
                        23117,
                        23161,
                        23250,
                        23257,
                        23260,
                        23265,
                        23292,
                        23315,
                        23328,
                        23353,
                        23361,
                        23374,
                        23418,
                        23484,
                        23492,
                        23561,
                        23562,
                        23575,
                        23614,
                        23692,
                        23696,
                        23711,
                        23748,
                        23787,
                        23800,
                        23835,
                        23869,
                        23922,
                        23929,
                        23944,
                        23963,
                        23980,
                        24071,
                        24118,
                        24153,
                        24175,
                        24222,
                        24232,
                        24301,
                        24313,
                        24320,
                        24323,
                        24331,
                        24377,
                        24403,
                        24408,
                        24450,
                        24464,
                        24480,
                        24487,
                        24512,
                        24536,
                        24563,
                        24648,
                        24726,
                        24733,
                        24735,
                        24752,
                        24754,
                        24775,
                        24799,
                        24808,
                        24885,
                        24893,
                        24952,
                        24977,
                        24981,
                        24989,
                        25006,
                        25023,
                        25032,
                        25039,
                        25044,
                        25060,
                        25096,
                        25112,
                        25114,
                        25152,
                        25240,
                        25280,
                        25296,
                        25324,
                        25328,
                        25356,
                        25412,
                        25435,
                        25498,
                        25500,
                        25501,
                        25508,
                        25509,
                        25551,
                        25561,
                        25594,
                        25604,
                        25611,
                        25626,
                        25670,
                        25682,
                        25686,
                        25707,
                        25743,
                        25775,
                        25786,
                        25790,
                        25824,
                        25838,
                        25858,
                        25862,
                        25912,
                        25914,
                        25923,
                        25939,
                        25941,
                        25968,
                        25970,
                        25979,
                        25991,
                        25998,
                        26008,
                        26026,
                        26102,
                        26127,
                        26164,
                        26194,
                        26247,
                        26249,
                        26251,
                        26284,
                        26292,
                        26355,
                        26374,
                        26388,
                        26409,
                        26426,
                        26448,
                        26479,
                        26512,
                        26530,
                        26555,
                        26562,
                        26587,
                        26597,
                        26612,
                        26643,
                        26644,
                        26687,
                        26727,
                        26730,
                        26761,
                        26781,
                        26795,
                        26802,
                        26809,
                        26885,
                        26889,
                        26894,
                        26899,
                        26944,
                        27012,
                        27125,
                        27130,
                        27153,
                        27179,
                        27187,
                        27225,
                        27248
                    ],
                    "inconsistent_record_example": "inconsistencies/age/toddler_diploma_example.csv"
                },
                {
                    "inconsistency_name": "infant_EDU",
                    "inconsistency_description": "Infants (< 3) aren't in school",
                    "inconsistency_features": [
                        "AGEP",
                        "EDU"
                    ],
                    "inconsistency_violations": 110,
                    "inconsistent_data_indexes": [
                        23011,
                        23032,
                        23067,
                        23090,
                        23091,
                        23250,
                        23265,
                        23292,
                        23315,
                        23353,
                        23361,
                        23374,
                        23418,
                        23419,
                        23483,
                        23484,
                        23563,
                        23575,
                        23616,
                        23644,
                        23692,
                        23711,
                        23748,
                        23800,
                        23835,
                        23869,
                        23929,
                        23963,
                        24118,
                        24153,
                        24164,
                        24222,
                        24321,
                        24403,
                        24408,
                        24487,
                        24506,
                        24523,
                        24536,
                        24735,
                        24752,
                        24808,
                        24885,
                        24893,
                        24940,
                        24944,
                        24977,
                        24981,
                        24989,
                        25018,
                        25023,
                        25032,
                        25044,
                        25055,
                        25060,
                        25096,
                        25112,
                        25114,
                        25240,
                        25296,
                        25324,
                        25356,
                        25412,
                        25435,
                        25496,
                        25500,
                        25501,
                        25509,
                        25545,
                        25561,
                        25604,
                        25611,
                        25615,
                        25670,
                        25686,
                        25707,
                        25743,
                        25790,
                        25824,
                        25912,
                        25914,
                        25923,
                        25939,
                        25991,
                        26008,
                        26102,
                        26127,
                        26194,
                        26249,
                        26251,
                        26292,
                        26355,
                        26512,
                        26555,
                        26562,
                        26597,
                        26687,
                        26761,
                        26802,
                        26809,
                        26845,
                        26885,
                        26889,
                        26909,
                        26944,
                        26983,
                        27012,
                        27125,
                        27153,
                        27179
                    ],
                    "inconsistent_record_example": "inconsistencies/age/infant_EDU_example.csv"
                },
                {
                    "inconsistency_name": "gq_own_jail",
                    "inconsistency_description": "Inmates don't own jails, patients don't own hospitals: Group quarters residents aren't owners",
                    "inconsistency_features": [
                        "HOUSING_TYPE",
                        "OWN_RENT"
                    ],
                    "inconsistency_violations": 271,
                    "inconsistent_data_indexes": [
                        1,
                        3,
                        9,
                        15,
                        18,
                        26,
                        27,
                        32,
                        34,
                        35,
                        44,
                        49,
                        64,
                        73,
                        87,
                        643,
                        646,
                        655,
                        673,
                        696,
                        699,
                        2852,
                        2864,
                        2868,
                        2878,
                        2893,
                        2896,
                        2906,
                        2911,
                        2914,
                        2916,
                        2924,
                        2926,
                        2929,
                        2930,
                        2933,
                        2935,
                        2943,
                        2947,
                        2955,
                        2968,
                        2969,
                        2980,
                        2989,
                        3002,
                        3003,
                        3007,
                        3010,
                        3017,
                        3026,
                        4040,
                        4044,
                        4048,
                        4049,
                        4054,
                        4055,
                        4064,
                        4067,
                        4068,
                        4071,
                        4072,
                        4087,
                        4088,
                        4100,
                        4103,
                        4105,
                        4108,
                        4113,
                        4124,
                        4126,
                        4140,
                        4151,
                        4155,
                        4174,
                        4175,
                        4182,
                        4184,
                        4188,
                        4211,
                        4218,
                        4224,
                        4244,
                        4245,
                        4262,
                        4263,
                        4269,
                        4272,
                        5133,
                        5134,
                        5137,
                        5141,
                        5145,
                        5153,
                        5155,
                        5159,
                        5163,
                        5165,
                        5167,
                        5171,
                        5181,
                        5185,
                        5195,
                        5198,
                        5201,
                        5202,
                        5203,
                        5209,
                        5218,
                        5221,
                        5230,
                        5256,
                        5262,
                        5268,
                        5271,
                        7244,
                        7245,
                        7254,
                        7260,
                        7261,
                        7265,
                        7279,
                        7282,
                        7283,
                        7294,
                        7296,
                        7298,
                        7309,
                        7312,
                        7315,
                        8370,
                        8374,
                        8377,
                        8380,
                        8393,
                        8401,
                        8404,
                        8411,
                        8413,
                        8414,
                        10429,
                        10438,
                        10440,
                        10441,
                        10445,
                        10448,
                        10458,
                        10461,
                        10471,
                        10473,
                        10474,
                        10476,
                        10483,
                        10488,
                        10511,
                        10517,
                        10522,
                        10523,
                        10540,
                        10549,
                        10554,
                        10572,
                        10574,
                        10577,
                        10581,
                        10590,
                        10591,
                        10595,
                        10602,
                        11378,
                        11383,
                        11388,
                        11390,
                        11401,
                        11416,
                        11421,
                        11422,
                        11432,
                        11437,
                        11445,
                        12350,
                        12366,
                        12368,
                        12370,
                        12377,
                        12385,
                        12403,
                        12408,
                        12420,
                        12421,
                        12426,
                        12432,
                        12438,
                        12439,
                        12456,
                        12458,
                        13257,
                        13265,
                        13272,
                        13274,
                        13282,
                        13284,
                        14866,
                        14870,
                        14875,
                        14879,
                        14882,
                        14885,
                        14904,
                        15941,
                        15965,
                        15966,
                        15976,
                        15979,
                        15988,
                        15991,
                        15996,
                        16003,
                        16004,
                        16011,
                        16015,
                        16024,
                        16025,
                        16056,
                        16062,
                        16082,
                        16084,
                        16096,
                        16099,
                        16100,
                        16106,
                        16114,
                        16115,
                        16125,
                        16126,
                        16135,
                        17710,
                        17717,
                        17730,
                        17733,
                        17745,
                        17751,
                        17763,
                        17772,
                        17776,
                        19589,
                        19592,
                        19594,
                        19598,
                        19603,
                        19607,
                        19617,
                        19621,
                        19622,
                        19629,
                        19638,
                        19643,
                        20641,
                        20643,
                        20645,
                        20647,
                        20648,
                        20660,
                        20663,
                        20677,
                        20683,
                        20691,
                        20701,
                        23395,
                        23396,
                        23398,
                        23402
                    ],
                    "inconsistent_record_example": "inconsistencies/work/gq_own_jail_example.csv"
                },
                {
                    "inconsistency_name": "gq_own_dorm",
                    "inconsistency_description": "Students don't own dorms, soldiers don't own barracks: Group quarters residents aren't owners",
                    "inconsistency_features": [
                        "HOUSING_TYPE",
                        "OWN_RENT"
                    ],
                    "inconsistency_violations": 44,
                    "inconsistent_data_indexes": [
                        30,
                        58,
                        661,
                        681,
                        2922,
                        2925,
                        2928,
                        2990,
                        2995,
                        2997,
                        2998,
                        3016,
                        4079,
                        4085,
                        4115,
                        4118,
                        4134,
                        4200,
                        4250,
                        4274,
                        5161,
                        5168,
                        7258,
                        7289,
                        8382,
                        10426,
                        10428,
                        10470,
                        10479,
                        10519,
                        10536,
                        10580,
                        10598,
                        11366,
                        11399,
                        11423,
                        12376,
                        12440,
                        13263,
                        14908,
                        15978,
                        17705,
                        19609,
                        20650
                    ],
                    "inconsistent_record_example": "inconsistencies/work/gq_own_dorm_example.csv"
                },
                {
                    "inconsistency_name": "house_OWN_RENT",
                    "inconsistency_description": "Individuals who live in houses must specify if they rent or own",
                    "inconsistency_features": [
                        "HOUSING_TYPE",
                        "OWN_RENT"
                    ],
                    "inconsistency_violations": 286,
                    "inconsistent_data_indexes": [
                        189,
                        306,
                        320,
                        322,
                        558,
                        808,
                        1039,
                        1043,
                        1066,
                        1236,
                        1318,
                        1357,
                        1501,
                        1555,
                        1633,
                        1692,
                        1725,
                        1743,
                        1763,
                        1791,
                        1947,
                        1973,
                        2040,
                        2078,
                        2083,
                        2124,
                        2137,
                        2327,
                        2354,
                        2462,
                        2479,
                        2569,
                        2574,
                        2665,
                        2716,
                        2745,
                        2758,
                        2769,
                        2786,
                        2816,
                        3060,
                        3086,
                        3351,
                        3369,
                        3462,
                        3639,
                        3710,
                        3760,
                        3802,
                        3929,
                        3939,
                        4340,
                        4370,
                        4414,
                        4463,
                        4552,
                        4863,
                        4926,
                        4928,
                        4965,
                        5016,
                        5025,
                        5034,
                        5047,
                        5078,
                        5084,
                        5098,
                        5366,
                        5579,
                        5601,
                        5678,
                        5704,
                        5970,
                        6110,
                        6140,
                        6326,
                        6520,
                        6700,
                        6842,
                        6845,
                        6882,
                        6909,
                        6948,
                        7006,
                        7034,
                        7082,
                        7107,
                        7111,
                        7523,
                        7659,
                        7929,
                        8002,
                        8016,
                        8216,
                        8438,
                        8483,
                        8539,
                        8617,
                        8715,
                        9109,
                        9240,
                        9299,
                        9367,
                        9418,
                        9689,
                        9729,
                        9757,
                        9802,
                        10062,
                        10091,
                        10121,
                        10225,
                        10719,
                        10752,
                        10787,
                        10901,
                        11029,
                        11256,
                        11259,
                        11265,
                        11295,
                        11471,
                        11562,
                        11684,
                        11686,
                        11696,
                        11723,
                        11858,
                        11913,
                        12109,
                        12341,
                        12565,
                        12643,
                        12650,
                        12679,
                        12709,
                        12716,
                        12817,
                        12847,
                        12857,
                        13113,
                        13161,
                        13231,
                        13373,
                        13393,
                        13430,
                        13432,
                        13498,
                        13570,
                        14086,
                        14196,
                        14545,
                        14926,
                        15040,
                        15074,
                        15087,
                        15120,
                        15148,
                        15171,
                        15201,
                        15311,
                        15337,
                        15357,
                        15445,
                        15650,
                        15689,
                        15898,
                        16227,
                        16299,
                        16315,
                        16355,
                        16387,
                        16391,
                        16403,
                        16412,
                        16484,
                        16558,
                        16571,
                        16609,
                        16748,
                        16768,
                        16797,
                        16913,
                        16932,
                        17110,
                        17224,
                        17365,
                        17410,
                        17418,
                        17469,
                        17479,
                        17551,
                        17643,
                        17819,
                        17857,
                        18215,
                        18432,
                        18578,
                        18658,
                        18739,
                        18847,
                        18935,
                        19030,
                        19243,
                        19337,
                        19390,
                        19710,
                        19986,
                        20049,
                        20187,
                        20323,
                        20455,
                        20466,
                        20487,
                        20545,
                        20602,
                        20708,
                        20715,
                        21009,
                        21011,
                        21132,
                        21209,
                        21218,
                        21245,
                        21401,
                        21415,
                        21800,
                        22089,
                        22105,
                        22302,
                        22349,
                        22388,
                        22408,
                        22569,
                        22693,
                        22815,
                        22902,
                        23022,
                        23127,
                        23217,
                        23241,
                        23255,
                        23424,
                        23467,
                        23498,
                        23507,
                        23511,
                        23580,
                        23598,
                        23624,
                        23710,
                        23743,
                        23754,
                        23894,
                        23994,
                        24006,
                        24070,
                        24073,
                        24170,
                        24223,
                        24283,
                        24484,
                        24709,
                        24916,
                        24940,
                        24961,
                        25087,
                        25090,
                        25125,
                        25251,
                        25279,
                        25285,
                        25647,
                        25712,
                        25731,
                        25827,
                        25966,
                        25984,
                        25994,
                        26018,
                        26065,
                        26630,
                        26643,
                        26737,
                        26742,
                        26774
                    ],
                    "inconsistent_record_example": "inconsistencies/work/house_OWN_RENT_example.csv"
                }
            ]
        },
        "work": {
            "title": "Work-Based Inconsistencies",
            "description": "These inconsistencies deal with the work and finance features; records with work-based inconsistencies might have high incomes while being in poverty, or have conflicts between their industry code and industry category.",
            "inconsistencies": []
        },
        "housing": {
            "title": "Housing-Based Inconsistencies",
            "description": "These inconsistencies deal with housing and family features; records with household-based inconsistencies might have more children in the house than the total household size, or be residents of group quarters (such as prison inmates) who are listed as owning their residences.",
            "inconsistencies": []
        },
        "summary": [
            {
                "Inconsistency Group": "Age",
                "Number of Records Inconsistent": 1408,
                "Percent Records Inconsistent": 5.2
            },
            {
                "Inconsistency Group": "Work",
                "Number of Records Inconsistent": 0,
                "Percent Records Inconsistent": 0.0
            },
            {
                "Inconsistency Group": "Housing",
                "Number of Records Inconsistent": 601,
                "Percent Records Inconsistent": 2.2
            }
        ]
    },
    "unique_exact_matches": {
        "records matched in target data": 10160,
        "percent records matched in target data": 37.28,
        "unique target records": 14918,
        "percent unique target records": 54.74
    },
    "apparent_match_distribution": {
        "unique_matched_percents": "apparent_match_distribution/unique_matched_percents.csv",
        "plot": "apparent_match_distribution/apparent_match_distribution.jpg"
    },
    "created_on": "May 19, 2023 18:03:13"
}