{
    "data_description": {
        "target": {
            "filename": "ma2019",
            "records": 7634,
            "features": 24
        },
        "deid": {
            "filename": "tvae_industry",
            "records": 7634,
            "features": 9,
            "labels": {
                "algorithm name": "tvae",
                "library": "sdv",
                "feature set": "industry-focused",
                "target dataset": "ma2019",
                "variant label": ""
            },
            "validations": {
                "values_out_of_bound": {}
            }
        },
        "features": [
            {
                "Feature Name": "PUMA",
                "Feature Description": "Public use microdata area code",
                "Feature Type": "object of type string",
                "Feature Has 'N' (N/A) values?": false
            },
            {
                "Feature Name": "SEX",
                "Feature Description": "Person's gender",
                "Feature Type": "int64",
                "Feature Has 'N' (N/A) values?": false
            },
            {
                "Feature Name": "MSP",
                "Feature Description": "Marital Status",
                "Feature Type": "object of type string",
                "Feature Has 'N' (N/A) values?": true
            },
            {
                "Feature Name": "HISP",
                "Feature Description": "Hispanic origin",
                "Feature Type": "int64",
                "Feature Has 'N' (N/A) values?": false
            },
            {
                "Feature Name": "RAC1P",
                "Feature Description": "Person's Race",
                "Feature Type": "int64",
                "Feature Has 'N' (N/A) values?": false
            },
            {
                "Feature Name": "OWN_RENT",
                "Feature Description": "Housing unit rented or owned",
                "Feature Type": "int64",
                "Feature Has 'N' (N/A) values?": false
            },
            {
                "Feature Name": "INDP_CAT",
                "Feature Description": "Industry categories",
                "Feature Type": "object of type string",
                "Feature Has 'N' (N/A) values?": true
            },
            {
                "Feature Name": "EDU",
                "Feature Description": "Educational attainment",
                "Feature Type": "object of type string",
                "Feature Has 'N' (N/A) values?": true
            },
            {
                "Feature Name": "PINCP_DECILE",
                "Feature Description": "Person's total income rank (with respect to their state) discretized into 10% bins.",
                "Feature Type": "object of type string",
                "Feature Has 'N' (N/A) values?": true
            }
        ]
    },
    "Univariate": {
        "divergence": "univariate/divergence.csv",
        "counts": {
            "PUMA": {
                "counts": "univariate/PUMA_counts.csv",
                "plot": "univariate/PUMA.jpg"
            },
            "PINCP_DECILE": {
                "counts": "univariate/PINCP_DECILE_counts.csv",
                "plot": "univariate/PINCP_DECILE.jpg"
            },
            "EDU": {
                "counts": "univariate/EDU_counts.csv",
                "plot": "univariate/EDU.jpg"
            },
            "INDP_CAT": {
                "counts": "univariate/INDP_CAT_counts.csv",
                "plot": "univariate/INDP_CAT.jpg"
            },
            "MSP": {
                "counts": "univariate/MSP_counts.csv",
                "plot": "univariate/MSP.jpg"
            },
            "SEX": {
                "counts": "univariate/SEX_counts.csv",
                "plot": "univariate/SEX.jpg"
            },
            "OWN_RENT": {
                "counts": "univariate/OWN_RENT_counts.csv",
                "plot": "univariate/OWN_RENT.jpg"
            },
            "RAC1P": {
                "counts": "univariate/RAC1P_counts.csv",
                "plot": "univariate/RAC1P.jpg"
            },
            "HISP": {
                "counts": "univariate/HISP_counts.csv",
                "plot": "univariate/HISP.jpg"
            }
        }
    },
    "Correlations": {
        "kendall correlation difference": {
            "correlation_difference": "correlation_difference/correlation_difference.csv",
            "plot": "correlation_difference/corr_diff.jpg"
        },
        "pearson correlation difference": {
            "correlation_difference": "pearson_correlation/correlation_difference.csv",
            "plot": "pearson_correlation/pearson_corr_diff.jpg"
        }
    },
    "k_marginal": {
        "k_marginal_synopsys": {
            "subsample_error_comparison": "k_marginal_synopsys/subsample_error_comparison.csv",
            "k_marginal_score": 517,
            "score_in_each_puma": "k_marginal_synopsys/score_in_each_puma.csv"
        },
        "k_marginal_breakdown": {
            "worst_2_puma_univariate": {
                "divergence": "k_marginal_breakdown/univariate/divergence.csv",
                "counts": {
                    "PINCP_DECILE": {
                        "counts": "k_marginal_breakdown/univariate/PINCP_DECILE_counts.csv",
                        "plot": "k_marginal_breakdown/univariate/PINCP_DECILE.jpg"
                    },
                    "EDU": {
                        "counts": "k_marginal_breakdown/univariate/EDU_counts.csv",
                        "plot": "k_marginal_breakdown/univariate/EDU.jpg"
                    },
                    "INDP_CAT": {
                        "counts": "k_marginal_breakdown/univariate/INDP_CAT_counts.csv",
                        "plot": "k_marginal_breakdown/univariate/INDP_CAT.jpg"
                    },
                    "PUMA": {
                        "counts": "k_marginal_breakdown/univariate/PUMA_counts.csv",
                        "plot": "k_marginal_breakdown/univariate/PUMA.jpg"
                    },
                    "MSP": {
                        "counts": "k_marginal_breakdown/univariate/MSP_counts.csv",
                        "plot": "k_marginal_breakdown/univariate/MSP.jpg"
                    },
                    "OWN_RENT": {
                        "counts": "k_marginal_breakdown/univariate/OWN_RENT_counts.csv",
                        "plot": "k_marginal_breakdown/univariate/OWN_RENT.jpg"
                    },
                    "RAC1P": {
                        "counts": "k_marginal_breakdown/univariate/RAC1P_counts.csv",
                        "plot": "k_marginal_breakdown/univariate/RAC1P.jpg"
                    },
                    "HISP": {
                        "counts": "k_marginal_breakdown/univariate/HISP_counts.csv",
                        "plot": "k_marginal_breakdown/univariate/HISP.jpg"
                    },
                    "SEX": {
                        "counts": "k_marginal_breakdown/univariate/SEX_counts.csv",
                        "plot": "k_marginal_breakdown/univariate/SEX.jpg"
                    }
                }
            },
            "worst_2_puma_k_marginal_scores": "k_marginal_breakdown/worst_2_puma_k_marginal_scores.csv",
            "correlation_difference": {
                "pearson_correlation_difference": {
                    "correlation_difference": "k_marginal_breakdown/pearson_correlation/correlation_difference.csv",
                    "plot": "k_marginal_breakdown/pearson_correlation/pearson_corr_diff.jpg"
                }
            }
        }
    },
    "propensity mean square error": {
        "pmse_score": 0.07795909131377701,
        "propensity_distribution": "propensity/propensity_distribution.csv"
    },
    "linear_regression": {
        "total_population": {
            "target_counts": "linear_regression/total_population/target_counts.csv",
            "target_deidentified_counts_difference": "linear_regression/total_population/target_deidentified_counts_difference.csv",
            "target_deidentified_difference_plot": "linear_regression/total_population/density_plot.svg",
            "target_regression_slope_and_intercept": [
                0.62,
                0.12
            ],
            "deidentified_regression_slope_and_intercept": [
                0.87,
                -1.57
            ]
        },
        "white_men": {
            "target_counts": "linear_regression/white_men/target_counts.csv",
            "target_deidentified_counts_difference": "linear_regression/white_men/target_deidentified_counts_difference.csv",
            "target_deidentified_difference_plot": "linear_regression/white_men/density_plot.svg",
            "target_regression_slope_and_intercept": [
                0.63,
                0.8
            ],
            "deidentified_regression_slope_and_intercept": [
                0.81,
                -0.13
            ]
        },
        "white_women": {
            "target_counts": "linear_regression/white_women/target_counts.csv",
            "target_deidentified_counts_difference": "linear_regression/white_women/target_deidentified_counts_difference.csv",
            "target_deidentified_difference_plot": "linear_regression/white_women/density_plot.svg",
            "target_regression_slope_and_intercept": [
                0.59,
                -0.18
            ],
            "deidentified_regression_slope_and_intercept": [
                0.91,
                -2.69
            ]
        },
        "black_men": {
            "target_counts": "linear_regression/black_men/target_counts.csv",
            "target_deidentified_counts_difference": "linear_regression/black_men/target_deidentified_counts_difference.csv",
            "target_deidentified_difference_plot": "linear_regression/black_men/density_plot.svg",
            "target_regression_slope_and_intercept": [
                0.72,
                -1.31
            ],
            "deidentified_regression_slope_and_intercept": [
                0.63,
                -2.82
            ]
        },
        "black_women": {
            "target_counts": "linear_regression/black_women/target_counts.csv",
            "target_deidentified_counts_difference": "linear_regression/black_women/target_deidentified_counts_difference.csv",
            "target_deidentified_difference_plot": "linear_regression/black_women/density_plot.svg",
            "target_regression_slope_and_intercept": [
                0.7,
                -1.07
            ],
            "deidentified_regression_slope_and_intercept": [
                0.51,
                -1.72
            ]
        },
        "asian_men": {
            "target_counts": "linear_regression/asian_men/target_counts.csv",
            "target_deidentified_counts_difference": "linear_regression/asian_men/target_deidentified_counts_difference.csv",
            "target_deidentified_difference_plot": "linear_regression/asian_men/density_plot.svg",
            "target_regression_slope_and_intercept": [
                0.83,
                -1.31
            ],
            "deidentified_regression_slope_and_intercept": [
                1.0,
                -2.36
            ]
        },
        "asian_women": {
            "target_counts": "linear_regression/asian_women/target_counts.csv",
            "target_deidentified_counts_difference": "linear_regression/asian_women/target_deidentified_counts_difference.csv",
            "target_deidentified_difference_plot": "linear_regression/asian_women/density_plot.svg",
            "target_regression_slope_and_intercept": [
                0.64,
                -1.43
            ],
            "deidentified_regression_slope_and_intercept": [
                0.96,
                -3.93
            ]
        },
        "aiannh_men": {
            "target_counts": "linear_regression/aiannh_men/target_counts.csv",
            "target_deidentified_counts_difference": "linear_regression/aiannh_men/target_deidentified_counts_difference.csv",
            "target_deidentified_difference_plot": "linear_regression/aiannh_men/density_plot.svg",
            "target_regression_slope_and_intercept": [
                -0.83,
                7.33
            ],
            "deidentified_regression_slope_and_intercept": [
                0,
                0
            ]
        },
        "aiannh_women": {
            "target_counts": "linear_regression/aiannh_women/target_counts.csv",
            "target_deidentified_counts_difference": "linear_regression/aiannh_women/target_deidentified_counts_difference.csv",
            "target_deidentified_difference_plot": "linear_regression/aiannh_women/density_plot.svg",
            "target_regression_slope_and_intercept": [
                -0.5,
                5.17
            ],
            "deidentified_regression_slope_and_intercept": [
                0,
                0
            ]
        }
    },
    "pca": {
        "components_eigenvector": "pca/components_eigenvector.csv",
        "target_all_components_plot": "pca/target.png",
        "deidentified_all_components_plot": "pca/deidentified.png",
        "highlighted_plots": {
            "MSP-MSP_N-Children (AGEP < 15)": [
                "pca/target_highlighted_MSP/MSP_N.png",
                "pca/deidentified_highlighted_MSP/MSP_N.png"
            ]
        }
    },
    "inconsistencies": {
        "age": {
            "title": "Age-Based Inconsistencies",
            "description": "These inconsistencies deal with the AGE feature; records with age-based inconsistencies might have children who are married, or infants with high school diplomas",
            "inconsistencies": [
                {
                    "inconsistency_name": "adult_child",
                    "inconsistency_description": "Even when the AGEP feature is not explicitly used, features which use N to indicate children ( < 15) must agree",
                    "inconsistency_features": [
                        "MSP",
                        "PINCP",
                        "PINCP_DECILE"
                    ],
                    "inconsistency_violations": 210,
                    "inconsistent_data_indexes": [
                        136,
                        173,
                        174,
                        185,
                        226,
                        231,
                        242,
                        244,
                        248,
                        249,
                        392,
                        416,
                        422,
                        511,
                        527,
                        568,
                        598,
                        633,
                        684,
                        755,
                        785,
                        790,
                        873,
                        894,
                        896,
                        920,
                        947,
                        977,
                        1022,
                        1035,
                        1075,
                        1084,
                        1177,
                        1199,
                        1252,
                        1294,
                        1299,
                        1423,
                        1553,
                        1579,
                        1594,
                        1704,
                        1760,
                        1763,
                        1784,
                        1796,
                        1798,
                        1859,
                        1878,
                        1882,
                        1956,
                        2009,
                        2108,
                        2119,
                        2187,
                        2383,
                        2395,
                        2404,
                        2411,
                        2557,
                        2607,
                        2712,
                        2736,
                        2745,
                        2766,
                        2781,
                        2798,
                        2878,
                        2905,
                        2927,
                        2932,
                        2971,
                        3003,
                        3117,
                        3158,
                        3164,
                        3197,
                        3238,
                        3239,
                        3242,
                        3253,
                        3264,
                        3283,
                        3356,
                        3388,
                        3402,
                        3446,
                        3474,
                        3488,
                        3493,
                        3533,
                        3547,
                        3729,
                        3743,
                        3749,
                        3768,
                        3795,
                        3828,
                        3833,
                        3841,
                        3897,
                        3981,
                        3984,
                        3993,
                        4061,
                        4063,
                        4093,
                        4147,
                        4168,
                        4196,
                        4219,
                        4297,
                        4299,
                        4314,
                        4336,
                        4445,
                        4575,
                        4634,
                        4638,
                        4670,
                        4711,
                        4731,
                        4742,
                        4793,
                        4795,
                        4811,
                        4829,
                        4833,
                        4849,
                        4901,
                        4974,
                        4983,
                        5006,
                        5028,
                        5038,
                        5052,
                        5152,
                        5158,
                        5201,
                        5206,
                        5208,
                        5213,
                        5255,
                        5272,
                        5322,
                        5325,
                        5371,
                        5429,
                        5528,
                        5529,
                        5543,
                        5552,
                        5622,
                        5634,
                        5659,
                        5661,
                        5705,
                        5744,
                        5760,
                        5761,
                        5829,
                        5851,
                        5915,
                        5920,
                        5935,
                        5937,
                        5947,
                        5970,
                        6060,
                        6073,
                        6076,
                        6099,
                        6103,
                        6263,
                        6279,
                        6283,
                        6394,
                        6403,
                        6510,
                        6528,
                        6536,
                        6545,
                        6619,
                        6639,
                        6649,
                        6670,
                        6688,
                        6721,
                        6726,
                        6736,
                        6742,
                        6755,
                        6808,
                        6868,
                        6870,
                        6949,
                        7036,
                        7089,
                        7099,
                        7110,
                        7206,
                        7250,
                        7263,
                        7299,
                        7321,
                        7328,
                        7516,
                        7589,
                        7594,
                        7623
                    ],
                    "inconsistent_record_example": "inconsistencies/age/adult_child_example.csv"
                }
            ]
        },
        "work": {
            "title": "Work-Based Inconsistencies",
            "description": "These inconsistencies deal with the work and finance features; records with work-based inconsistencies might have high incomes while being in poverty, or have conflicts between their industry code and industry category.",
            "inconsistencies": []
        },
        "housing": {
            "title": "Housing-Based Inconsistencies",
            "description": "These inconsistencies deal with housing and family features; records with household-based inconsistencies might have more children in the house than the total household size, or be residents of group quarters (such as prison inmates) who are listed as owning their residences.",
            "inconsistencies": []
        },
        "summary": [
            {
                "Inconsistency Group": "Age",
                "Number of Records Inconsistent": 210,
                "Percent Records Inconsistent": 2.8
            },
            {
                "Inconsistency Group": "Work",
                "Number of Records Inconsistent": 0,
                "Percent Records Inconsistent": 0.0
            },
            {
                "Inconsistency Group": "Housing",
                "Number of Records Inconsistent": 0,
                "Percent Records Inconsistent": 0.0
            }
        ]
    },
    "unique_exact_matches": {
        "records matched in target data": 291,
        "percent records matched in target data": 3.81,
        "unique target records": 4265,
        "percent unique target records": 55.87
    },
    "apparent_match_distribution": {
        "unique_matched_percents": "apparent_match_distribution/unique_matched_percents.csv",
        "plot": "apparent_match_distribution/apparent_match_distribution.jpg"
    },
    "created_on": "May 19, 2023 18:02:59"
}