{
    "data_description": {
        "target": {
            "filename": "national2019",
            "records": 27253,
            "features": 24
        },
        "deid": {
            "filename": "pram_default_pram_feats_quasi_except_sex_industry_focused_na2019",
            "records": 27253,
            "features": 9,
            "labels": {
                "algorithm name": "pram",
                "library": "sdcmicro",
                "feature set": "industry-focused",
                "target dataset": "national2019",
                "default values": "pd: 0.8, alpha: 0.5",
                "pram features": "MSP, RAC1P, OWN_RENT, EDU, HISP, PUMA, INDP_CAT",
                "pram features exception": "SEX selected as required categorical key variable",
                "variant label": "subset categorical except SEX",
                "variant label detail": "default, pram features: quasi cat. except SEX",
                "privacy": "Statistical Disclosure Control"
            },
            "validations": {
                "values_out_of_bound": {}
            }
        },
        "features": [
            {
                "Feature Name": "PUMA",
                "Feature Description": "Public use microdata area code",
                "Feature Type": "object of type string",
                "Feature Has 'N' (N/A) values?": false
            },
            {
                "Feature Name": "SEX",
                "Feature Description": "Person's gender",
                "Feature Type": "int64",
                "Feature Has 'N' (N/A) values?": false
            },
            {
                "Feature Name": "MSP",
                "Feature Description": "Marital Status",
                "Feature Type": "object of type string",
                "Feature Has 'N' (N/A) values?": true
            },
            {
                "Feature Name": "HISP",
                "Feature Description": "Hispanic origin",
                "Feature Type": "int64",
                "Feature Has 'N' (N/A) values?": false
            },
            {
                "Feature Name": "RAC1P",
                "Feature Description": "Person's Race",
                "Feature Type": "int64",
                "Feature Has 'N' (N/A) values?": false
            },
            {
                "Feature Name": "OWN_RENT",
                "Feature Description": "Housing unit rented or owned",
                "Feature Type": "int64",
                "Feature Has 'N' (N/A) values?": false
            },
            {
                "Feature Name": "INDP_CAT",
                "Feature Description": "Industry categories",
                "Feature Type": "object of type string",
                "Feature Has 'N' (N/A) values?": true
            },
            {
                "Feature Name": "EDU",
                "Feature Description": "Educational attainment",
                "Feature Type": "object of type string",
                "Feature Has 'N' (N/A) values?": true
            },
            {
                "Feature Name": "PINCP_DECILE",
                "Feature Description": "Person's total income rank (with respect to their state) discretized into 10% bins.",
                "Feature Type": "object of type string",
                "Feature Has 'N' (N/A) values?": true
            }
        ]
    },
    "Univariate": {
        "divergence": "univariate/divergence.csv",
        "counts": {
            "PUMA": {
                "counts": "univariate/PUMA_counts.csv",
                "plot": "univariate/PUMA.jpg"
            },
            "EDU": {
                "counts": "univariate/EDU_counts.csv",
                "plot": "univariate/EDU.jpg"
            },
            "MSP": {
                "counts": "univariate/MSP_counts.csv",
                "plot": "univariate/MSP.jpg"
            },
            "INDP_CAT": {
                "counts": "univariate/INDP_CAT_counts.csv",
                "plot": "univariate/INDP_CAT.jpg"
            },
            "RAC1P": {
                "counts": "univariate/RAC1P_counts.csv",
                "plot": "univariate/RAC1P.jpg"
            },
            "OWN_RENT": {
                "counts": "univariate/OWN_RENT_counts.csv",
                "plot": "univariate/OWN_RENT.jpg"
            },
            "HISP": {
                "counts": "univariate/HISP_counts.csv",
                "plot": "univariate/HISP.jpg"
            },
            "SEX": {
                "counts": "univariate/SEX_counts.csv",
                "plot": "univariate/SEX.jpg"
            },
            "PINCP_DECILE": {
                "counts": "univariate/PINCP_DECILE_counts.csv",
                "plot": "univariate/PINCP_DECILE.jpg"
            }
        }
    },
    "Correlations": {
        "kendall correlation difference": {
            "correlation_difference": "correlation_difference/correlation_difference.csv",
            "plot": "correlation_difference/corr_diff.jpg"
        },
        "pearson correlation difference": {
            "correlation_difference": "pearson_correlation/correlation_difference.csv",
            "plot": "pearson_correlation/pearson_corr_diff.jpg"
        }
    },
    "k_marginal": {
        "k_marginal_synopsys": {
            "subsample_error_comparison": "k_marginal_synopsys/subsample_error_comparison.csv",
            "k_marginal_score": 929,
            "score_in_each_puma": "k_marginal_synopsys/score_in_each_puma.csv"
        },
        "k_marginal_breakdown": {
            "worst_5_puma_univariate": {
                "divergence": "k_marginal_breakdown/univariate/divergence.csv",
                "counts": {
                    "EDU": {
                        "counts": "k_marginal_breakdown/univariate/EDU_counts.csv",
                        "plot": "k_marginal_breakdown/univariate/EDU.jpg"
                    },
                    "RAC1P": {
                        "counts": "k_marginal_breakdown/univariate/RAC1P_counts.csv",
                        "plot": "k_marginal_breakdown/univariate/RAC1P.jpg"
                    },
                    "PINCP_DECILE": {
                        "counts": "k_marginal_breakdown/univariate/PINCP_DECILE_counts.csv",
                        "plot": "k_marginal_breakdown/univariate/PINCP_DECILE.jpg"
                    },
                    "OWN_RENT": {
                        "counts": "k_marginal_breakdown/univariate/OWN_RENT_counts.csv",
                        "plot": "k_marginal_breakdown/univariate/OWN_RENT.jpg"
                    },
                    "INDP_CAT": {
                        "counts": "k_marginal_breakdown/univariate/INDP_CAT_counts.csv",
                        "plot": "k_marginal_breakdown/univariate/INDP_CAT.jpg"
                    },
                    "MSP": {
                        "counts": "k_marginal_breakdown/univariate/MSP_counts.csv",
                        "plot": "k_marginal_breakdown/univariate/MSP.jpg"
                    },
                    "PUMA": {
                        "counts": "k_marginal_breakdown/univariate/PUMA_counts.csv",
                        "plot": "k_marginal_breakdown/univariate/PUMA.jpg"
                    },
                    "HISP": {
                        "counts": "k_marginal_breakdown/univariate/HISP_counts.csv",
                        "plot": "k_marginal_breakdown/univariate/HISP.jpg"
                    },
                    "SEX": {
                        "counts": "k_marginal_breakdown/univariate/SEX_counts.csv",
                        "plot": "k_marginal_breakdown/univariate/SEX.jpg"
                    }
                }
            },
            "worst_5_puma_k_marginal_scores": "k_marginal_breakdown/worst_5_puma_k_marginal_scores.csv",
            "correlation_difference": {
                "pearson_correlation_difference": {
                    "correlation_difference": "k_marginal_breakdown/pearson_correlation/correlation_difference.csv",
                    "plot": "k_marginal_breakdown/pearson_correlation/pearson_corr_diff.jpg"
                }
            }
        }
    },
    "propensity mean square error": {
        "pmse_score": 0.009823926455898514,
        "propensity_distribution": "propensity/propensity_distribution.csv"
    },
    "linear_regression": {
        "total_population": {
            "target_counts": "linear_regression/total_population/target_counts.csv",
            "target_deidentified_counts_difference": "linear_regression/total_population/target_deidentified_counts_difference.csv",
            "target_deidentified_difference_plot": "linear_regression/total_population/density_plot.svg",
            "target_regression_slope_and_intercept": [
                0.63,
                -0.1
            ],
            "deidentified_regression_slope_and_intercept": [
                0.51,
                0.83
            ]
        },
        "white_men": {
            "target_counts": "linear_regression/white_men/target_counts.csv",
            "target_deidentified_counts_difference": "linear_regression/white_men/target_deidentified_counts_difference.csv",
            "target_deidentified_difference_plot": "linear_regression/white_men/density_plot.svg",
            "target_regression_slope_and_intercept": [
                0.68,
                0.39
            ],
            "deidentified_regression_slope_and_intercept": [
                0.54,
                1.48
            ]
        },
        "white_women": {
            "target_counts": "linear_regression/white_women/target_counts.csv",
            "target_deidentified_counts_difference": "linear_regression/white_women/target_deidentified_counts_difference.csv",
            "target_deidentified_difference_plot": "linear_regression/white_women/density_plot.svg",
            "target_regression_slope_and_intercept": [
                0.66,
                -0.6
            ],
            "deidentified_regression_slope_and_intercept": [
                0.54,
                0.39
            ]
        },
        "black_men": {
            "target_counts": "linear_regression/black_men/target_counts.csv",
            "target_deidentified_counts_difference": "linear_regression/black_men/target_deidentified_counts_difference.csv",
            "target_deidentified_difference_plot": "linear_regression/black_men/density_plot.svg",
            "target_regression_slope_and_intercept": [
                0.52,
                0.45
            ],
            "deidentified_regression_slope_and_intercept": [
                0.4,
                1.25
            ]
        },
        "black_women": {
            "target_counts": "linear_regression/black_women/target_counts.csv",
            "target_deidentified_counts_difference": "linear_regression/black_women/target_deidentified_counts_difference.csv",
            "target_deidentified_difference_plot": "linear_regression/black_women/density_plot.svg",
            "target_regression_slope_and_intercept": [
                0.51,
                0.3
            ],
            "deidentified_regression_slope_and_intercept": [
                0.4,
                1.1
            ]
        },
        "asian_men": {
            "target_counts": "linear_regression/asian_men/target_counts.csv",
            "target_deidentified_counts_difference": "linear_regression/asian_men/target_deidentified_counts_difference.csv",
            "target_deidentified_difference_plot": "linear_regression/asian_men/density_plot.svg",
            "target_regression_slope_and_intercept": [
                0.7,
                -0.68
            ],
            "deidentified_regression_slope_and_intercept": [
                0.52,
                1.05
            ]
        },
        "asian_women": {
            "target_counts": "linear_regression/asian_women/target_counts.csv",
            "target_deidentified_counts_difference": "linear_regression/asian_women/target_deidentified_counts_difference.csv",
            "target_deidentified_difference_plot": "linear_regression/asian_women/density_plot.svg",
            "target_regression_slope_and_intercept": [
                0.55,
                -0.19
            ],
            "deidentified_regression_slope_and_intercept": [
                0.42,
                0.9
            ]
        },
        "aiannh_men": {
            "target_counts": "linear_regression/aiannh_men/target_counts.csv",
            "target_deidentified_counts_difference": "linear_regression/aiannh_men/target_deidentified_counts_difference.csv",
            "target_deidentified_difference_plot": "linear_regression/aiannh_men/density_plot.svg",
            "target_regression_slope_and_intercept": [
                0.42,
                1.18
            ],
            "deidentified_regression_slope_and_intercept": [
                0.5,
                0.89
            ]
        },
        "aiannh_women": {
            "target_counts": "linear_regression/aiannh_women/target_counts.csv",
            "target_deidentified_counts_difference": "linear_regression/aiannh_women/target_deidentified_counts_difference.csv",
            "target_deidentified_difference_plot": "linear_regression/aiannh_women/density_plot.svg",
            "target_regression_slope_and_intercept": [
                0.54,
                -0.19
            ],
            "deidentified_regression_slope_and_intercept": [
                0.47,
                0.26
            ]
        }
    },
    "pca": {
        "components_eigenvector": "pca/components_eigenvector.csv",
        "target_all_components_plot": "pca/target.png",
        "deidentified_all_components_plot": "pca/deidentified.png",
        "highlighted_plots": {
            "MSP-MSP_N-Children (AGEP < 15)": [
                "pca/target_highlighted_MSP/MSP_N.png",
                "pca/deidentified_highlighted_MSP/MSP_N.png"
            ]
        }
    },
    "inconsistencies": {
        "age": {
            "title": "Age-Based Inconsistencies",
            "description": "These inconsistencies deal with the AGE feature; records with age-based inconsistencies might have children who are married, or infants with high school diplomas",
            "inconsistencies": [
                {
                    "inconsistency_name": "adult_child",
                    "inconsistency_description": "Even when the AGEP feature is not explicitly used, features which use N to indicate children ( < 15) must agree",
                    "inconsistency_features": [
                        "MSP",
                        "PINCP",
                        "PINCP_DECILE"
                    ],
                    "inconsistency_violations": 1130,
                    "inconsistent_data_indexes": [
                        7,
                        63,
                        114,
                        187,
                        199,
                        247,
                        252,
                        286,
                        316,
                        395,
                        527,
                        595,
                        720,
                        743,
                        766,
                        769,
                        775,
                        776,
                        784,
                        791,
                        817,
                        849,
                        959,
                        1059,
                        1080,
                        1082,
                        1172,
                        1213,
                        1233,
                        1304,
                        1324,
                        1357,
                        1370,
                        1393,
                        1394,
                        1410,
                        1432,
                        1453,
                        1528,
                        1541,
                        1601,
                        1706,
                        1732,
                        1775,
                        1787,
                        1824,
                        1837,
                        1881,
                        1902,
                        1934,
                        1966,
                        1976,
                        1977,
                        1993,
                        1999,
                        2016,
                        2037,
                        2053,
                        2115,
                        2147,
                        2150,
                        2160,
                        2206,
                        2214,
                        2313,
                        2337,
                        2402,
                        2482,
                        2527,
                        2579,
                        2646,
                        2689,
                        2697,
                        2767,
                        2863,
                        2870,
                        2872,
                        2900,
                        2909,
                        2930,
                        2934,
                        2967,
                        2992,
                        3008,
                        3009,
                        3033,
                        3064,
                        3158,
                        3180,
                        3224,
                        3250,
                        3276,
                        3279,
                        3284,
                        3302,
                        3323,
                        3346,
                        3348,
                        3410,
                        3421,
                        3436,
                        3485,
                        3493,
                        3499,
                        3514,
                        3551,
                        3562,
                        3577,
                        3706,
                        3720,
                        3804,
                        3848,
                        3854,
                        3876,
                        3964,
                        4002,
                        4034,
                        4139,
                        4172,
                        4174,
                        4205,
                        4213,
                        4231,
                        4257,
                        4291,
                        4310,
                        4435,
                        4466,
                        4494,
                        4501,
                        4585,
                        4588,
                        4619,
                        4684,
                        4728,
                        4730,
                        4784,
                        4785,
                        4794,
                        4828,
                        4890,
                        4893,
                        4907,
                        4916,
                        4928,
                        4930,
                        4953,
                        4959,
                        5115,
                        5248,
                        5263,
                        5301,
                        5335,
                        5342,
                        5378,
                        5404,
                        5432,
                        5475,
                        5519,
                        5526,
                        5665,
                        5925,
                        5978,
                        5992,
                        6043,
                        6054,
                        6142,
                        6154,
                        6188,
                        6251,
                        6253,
                        6292,
                        6315,
                        6363,
                        6399,
                        6419,
                        6468,
                        6479,
                        6512,
                        6562,
                        6600,
                        6672,
                        6710,
                        6728,
                        6812,
                        6917,
                        6961,
                        7053,
                        7060,
                        7095,
                        7099,
                        7124,
                        7210,
                        7236,
                        7238,
                        7268,
                        7298,
                        7324,
                        7443,
                        7472,
                        7636,
                        7697,
                        7710,
                        7722,
                        7724,
                        7866,
                        7888,
                        7892,
                        7929,
                        8005,
                        8013,
                        8101,
                        8145,
                        8167,
                        8237,
                        8263,
                        8319,
                        8328,
                        8365,
                        8368,
                        8384,
                        8435,
                        8449,
                        8538,
                        8619,
                        8681,
                        8693,
                        8713,
                        8755,
                        8769,
                        8803,
                        8839,
                        8858,
                        8861,
                        8870,
                        8892,
                        8901,
                        8946,
                        8996,
                        9187,
                        9195,
                        9337,
                        9361,
                        9376,
                        9383,
                        9418,
                        9430,
                        9456,
                        9553,
                        9585,
                        9614,
                        9726,
                        9730,
                        9751,
                        9752,
                        9779,
                        9802,
                        9805,
                        9867,
                        9916,
                        9942,
                        9989,
                        10082,
                        10143,
                        10203,
                        10214,
                        10228,
                        10302,
                        10341,
                        10361,
                        10362,
                        10374,
                        10449,
                        10515,
                        10529,
                        10532,
                        10552,
                        10604,
                        10644,
                        10645,
                        10652,
                        10714,
                        10716,
                        10724,
                        10727,
                        10734,
                        10776,
                        10830,
                        10920,
                        10983,
                        11043,
                        11170,
                        11249,
                        11259,
                        11290,
                        11389,
                        11399,
                        11416,
                        11426,
                        11446,
                        11596,
                        11602,
                        11616,
                        11653,
                        11673,
                        11745,
                        11769,
                        11808,
                        11839,
                        11852,
                        11872,
                        11883,
                        11906,
                        11920,
                        11945,
                        12032,
                        12036,
                        12040,
                        12081,
                        12121,
                        12126,
                        12253,
                        12291,
                        12321,
                        12377,
                        12439,
                        12469,
                        12493,
                        12585,
                        12590,
                        12625,
                        12639,
                        12753,
                        12768,
                        12820,
                        12945,
                        12952,
                        12961,
                        12991,
                        13028,
                        13062,
                        13098,
                        13108,
                        13151,
                        13278,
                        13300,
                        13429,
                        13444,
                        13462,
                        13575,
                        13577,
                        13621,
                        13736,
                        13770,
                        13772,
                        13815,
                        13827,
                        13882,
                        13905,
                        13911,
                        13921,
                        13978,
                        14096,
                        14107,
                        14119,
                        14146,
                        14160,
                        14265,
                        14302,
                        14325,
                        14368,
                        14373,
                        14376,
                        14378,
                        14425,
                        14525,
                        14582,
                        14591,
                        14607,
                        14660,
                        14705,
                        14707,
                        14710,
                        14718,
                        14943,
                        14965,
                        15067,
                        15099,
                        15153,
                        15184,
                        15304,
                        15339,
                        15431,
                        15448,
                        15466,
                        15552,
                        15586,
                        15621,
                        15634,
                        15640,
                        15655,
                        15711,
                        15728,
                        15768,
                        15791,
                        15817,
                        15879,
                        15996,
                        16121,
                        16123,
                        16152,
                        16156,
                        16281,
                        16301,
                        16332,
                        16396,
                        16425,
                        16429,
                        16431,
                        16504,
                        16511,
                        16538,
                        16610,
                        16647,
                        16694,
                        16719,
                        16720,
                        16749,
                        16759,
                        16812,
                        16814,
                        16842,
                        16989,
                        17009,
                        17012,
                        17022,
                        17047,
                        17119,
                        17122,
                        17149,
                        17158,
                        17223,
                        17250,
                        17257,
                        17362,
                        17372,
                        17379,
                        17447,
                        17450,
                        17479,
                        17541,
                        17557,
                        17562,
                        17616,
                        17636,
                        17665,
                        17712,
                        17758,
                        17765,
                        17813,
                        17832,
                        17907,
                        17940,
                        18138,
                        18151,
                        18154,
                        18159,
                        18179,
                        18263,
                        18314,
                        18330,
                        18371,
                        18442,
                        18476,
                        18548,
                        18562,
                        18565,
                        18566,
                        18593,
                        18639,
                        18653,
                        18714,
                        18721,
                        18848,
                        18917,
                        18963,
                        19109,
                        19157,
                        19177,
                        19212,
                        19222,
                        19258,
                        19260,
                        19286,
                        19293,
                        19304,
                        19324,
                        19401,
                        19409,
                        19432,
                        19461,
                        19536,
                        19556,
                        19586,
                        19701,
                        19706,
                        19792,
                        19801,
                        19811,
                        19958,
                        19975,
                        19979,
                        19992,
                        20061,
                        20085,
                        20091,
                        20096,
                        20123,
                        20171,
                        20172,
                        20361,
                        20413,
                        20501,
                        20514,
                        20523,
                        20524,
                        20525,
                        20569,
                        20573,
                        20609,
                        20656,
                        20693,
                        20698,
                        20703,
                        20774,
                        20793,
                        20871,
                        20955,
                        20961,
                        20969,
                        20975,
                        21060,
                        21076,
                        21205,
                        21303,
                        21419,
                        21424,
                        21497,
                        21627,
                        21762,
                        21837,
                        21854,
                        21859,
                        21918,
                        21932,
                        21936,
                        21971,
                        22019,
                        22023,
                        22108,
                        22158,
                        22164,
                        22245,
                        22318,
                        22335,
                        22339,
                        22345,
                        22431,
                        22449,
                        22466,
                        22499,
                        22583,
                        22601,
                        22603,
                        22625,
                        22633,
                        22664,
                        22668,
                        22673,
                        22713,
                        22718,
                        22720,
                        22751,
                        22770,
                        22837,
                        22931,
                        23032,
                        23033,
                        23036,
                        23038,
                        23039,
                        23056,
                        23057,
                        23064,
                        23075,
                        23081,
                        23089,
                        23100,
                        23109,
                        23110,
                        23125,
                        23141,
                        23146,
                        23147,
                        23153,
                        23156,
                        23168,
                        23172,
                        23179,
                        23182,
                        23189,
                        23197,
                        23214,
                        23218,
                        23229,
                        23260,
                        23264,
                        23274,
                        23283,
                        23286,
                        23288,
                        23296,
                        23298,
                        23301,
                        23310,
                        23313,
                        23328,
                        23345,
                        23358,
                        23365,
                        23370,
                        23372,
                        23375,
                        23376,
                        23381,
                        23394,
                        23400,
                        23414,
                        23418,
                        23432,
                        23433,
                        23445,
                        23448,
                        23449,
                        23455,
                        23463,
                        23476,
                        23478,
                        23484,
                        23486,
                        23487,
                        23520,
                        23522,
                        23527,
                        23541,
                        23545,
                        23554,
                        23564,
                        23577,
                        23584,
                        23597,
                        23610,
                        23611,
                        23624,
                        23641,
                        23645,
                        23648,
                        23655,
                        23656,
                        23657,
                        23674,
                        23679,
                        23690,
                        23699,
                        23712,
                        23717,
                        23730,
                        23732,
                        23737,
                        23742,
                        23761,
                        23770,
                        23776,
                        23778,
                        23779,
                        23783,
                        23784,
                        23789,
                        23792,
                        23797,
                        23804,
                        23808,
                        23823,
                        23832,
                        23842,
                        23856,
                        23861,
                        23868,
                        23870,
                        23872,
                        23874,
                        23875,
                        23884,
                        23892,
                        23909,
                        23912,
                        23913,
                        23936,
                        23937,
                        23938,
                        23945,
                        23957,
                        23960,
                        23963,
                        23978,
                        23986,
                        23991,
                        23993,
                        24000,
                        24008,
                        24025,
                        24030,
                        24031,
                        24039,
                        24053,
                        24054,
                        24063,
                        24069,
                        24070,
                        24077,
                        24093,
                        24110,
                        24119,
                        24130,
                        24147,
                        24160,
                        24165,
                        24184,
                        24189,
                        24200,
                        24209,
                        24212,
                        24230,
                        24232,
                        24236,
                        24243,
                        24253,
                        24254,
                        24267,
                        24270,
                        24272,
                        24288,
                        24290,
                        24293,
                        24297,
                        24313,
                        24321,
                        24322,
                        24338,
                        24387,
                        24389,
                        24397,
                        24413,
                        24414,
                        24420,
                        24433,
                        24434,
                        24436,
                        24442,
                        24448,
                        24449,
                        24451,
                        24458,
                        24462,
                        24474,
                        24480,
                        24485,
                        24506,
                        24509,
                        24518,
                        24539,
                        24542,
                        24543,
                        24547,
                        24589,
                        24595,
                        24619,
                        24620,
                        24629,
                        24631,
                        24646,
                        24648,
                        24649,
                        24653,
                        24672,
                        24679,
                        24680,
                        24685,
                        24693,
                        24694,
                        24698,
                        24700,
                        24701,
                        24702,
                        24711,
                        24717,
                        24718,
                        24721,
                        24739,
                        24741,
                        24761,
                        24766,
                        24777,
                        24784,
                        24786,
                        24788,
                        24789,
                        24791,
                        24792,
                        24800,
                        24808,
                        24812,
                        24814,
                        24820,
                        24832,
                        24835,
                        24837,
                        24839,
                        24852,
                        24860,
                        24867,
                        24870,
                        24874,
                        24876,
                        24880,
                        24892,
                        24895,
                        24919,
                        24932,
                        24942,
                        24951,
                        24952,
                        24959,
                        24960,
                        24963,
                        24964,
                        24966,
                        24971,
                        25005,
                        25009,
                        25027,
                        25044,
                        25069,
                        25073,
                        25080,
                        25106,
                        25114,
                        25129,
                        25131,
                        25141,
                        25154,
                        25156,
                        25187,
                        25195,
                        25230,
                        25231,
                        25264,
                        25266,
                        25271,
                        25272,
                        25275,
                        25277,
                        25279,
                        25286,
                        25299,
                        25300,
                        25305,
                        25307,
                        25311,
                        25321,
                        25334,
                        25337,
                        25343,
                        25355,
                        25356,
                        25358,
                        25365,
                        25369,
                        25384,
                        25385,
                        25393,
                        25400,
                        25406,
                        25419,
                        25423,
                        25429,
                        25431,
                        25433,
                        25434,
                        25442,
                        25447,
                        25458,
                        25486,
                        25511,
                        25514,
                        25526,
                        25545,
                        25547,
                        25552,
                        25561,
                        25562,
                        25593,
                        25601,
                        25605,
                        25613,
                        25614,
                        25630,
                        25642,
                        25644,
                        25659,
                        25690,
                        25711,
                        25723,
                        25735,
                        25746,
                        25749,
                        25752,
                        25757,
                        25758,
                        25761,
                        25788,
                        25791,
                        25793,
                        25801,
                        25804,
                        25810,
                        25812,
                        25813,
                        25815,
                        25827,
                        25853,
                        25867,
                        25879,
                        25881,
                        25883,
                        25893,
                        25907,
                        25912,
                        25919,
                        25931,
                        25939,
                        25942,
                        25948,
                        25950,
                        25955,
                        25963,
                        25965,
                        25967,
                        25970,
                        25980,
                        25985,
                        25999,
                        26007,
                        26010,
                        26021,
                        26028,
                        26031,
                        26046,
                        26047,
                        26048,
                        26049,
                        26050,
                        26057,
                        26061,
                        26067,
                        26074,
                        26097,
                        26102,
                        26118,
                        26122,
                        26125,
                        26136,
                        26143,
                        26151,
                        26161,
                        26201,
                        26202,
                        26204,
                        26217,
                        26243,
                        26246,
                        26249,
                        26258,
                        26262,
                        26265,
                        26267,
                        26272,
                        26280,
                        26285,
                        26301,
                        26303,
                        26308,
                        26318,
                        26327,
                        26328,
                        26331,
                        26334,
                        26335,
                        26358,
                        26369,
                        26381,
                        26384,
                        26387,
                        26392,
                        26405,
                        26407,
                        26410,
                        26420,
                        26433,
                        26444,
                        26445,
                        26451,
                        26453,
                        26465,
                        26469,
                        26470,
                        26481,
                        26485,
                        26486,
                        26491,
                        26498,
                        26501,
                        26507,
                        26519,
                        26530,
                        26535,
                        26552,
                        26558,
                        26560,
                        26563,
                        26574,
                        26599,
                        26602,
                        26606,
                        26608,
                        26620,
                        26622,
                        26623,
                        26633,
                        26641,
                        26649,
                        26650,
                        26672,
                        26680,
                        26681,
                        26684,
                        26685,
                        26702,
                        26706,
                        26709,
                        26715,
                        26716,
                        26729,
                        26742,
                        26743,
                        26755,
                        26762,
                        26772,
                        26788,
                        26801,
                        26805,
                        26819,
                        26820,
                        26848,
                        26850,
                        26855,
                        26857,
                        26868,
                        26873,
                        26879,
                        26886,
                        26899,
                        26903,
                        26914,
                        26928,
                        26931,
                        26936,
                        26940,
                        26941,
                        26949,
                        26952,
                        26964,
                        26969,
                        26985,
                        26994,
                        26999,
                        27010,
                        27012,
                        27020,
                        27021,
                        27024,
                        27032,
                        27035,
                        27055,
                        27057,
                        27066,
                        27068,
                        27082,
                        27085,
                        27106,
                        27112,
                        27115,
                        27121,
                        27122,
                        27126,
                        27130,
                        27137,
                        27142,
                        27151,
                        27159,
                        27160,
                        27168,
                        27191,
                        27194,
                        27196,
                        27207,
                        27219,
                        27237,
                        27240,
                        27249
                    ],
                    "inconsistent_record_example": "inconsistencies/age/adult_child_example.csv"
                }
            ]
        },
        "work": {
            "title": "Work-Based Inconsistencies",
            "description": "These inconsistencies deal with the work and finance features; records with work-based inconsistencies might have high incomes while being in poverty, or have conflicts between their industry code and industry category.",
            "inconsistencies": []
        },
        "housing": {
            "title": "Housing-Based Inconsistencies",
            "description": "These inconsistencies deal with housing and family features; records with household-based inconsistencies might have more children in the house than the total household size, or be residents of group quarters (such as prison inmates) who are listed as owning their residences.",
            "inconsistencies": []
        },
        "summary": [
            {
                "Inconsistency Group": "Age",
                "Number of Records Inconsistent": 1130,
                "Percent Records Inconsistent": 4.1
            },
            {
                "Inconsistency Group": "Work",
                "Number of Records Inconsistent": 0,
                "Percent Records Inconsistent": 0.0
            },
            {
                "Inconsistency Group": "Housing",
                "Number of Records Inconsistent": 0,
                "Percent Records Inconsistent": 0.0
            }
        ]
    },
    "unique_exact_matches": {
        "records matched in target data": 9229,
        "percent records matched in target data": 33.86,
        "unique target records": 16132,
        "percent unique target records": 59.19
    },
    "apparent_match_distribution": {
        "unique_matched_percents": "apparent_match_distribution/unique_matched_percents.csv",
        "plot": "apparent_match_distribution/apparent_match_distribution.jpg"
    },
    "created_on": "May 19, 2023 18:04:07"
}