{
    "data_description": {
        "target": {
            "filename": "national2019",
            "records": 27253,
            "features": 24
        },
        "deid": {
            "filename": "dphist_e_10_cf8_na2019",
            "records": 27314,
            "features": 8,
            "labels": {
                "algorithm name": "DPHist",
                "target dataset": "national2019",
                "epsilon": "10",
                "variant label": "",
                "algorithm type": "histogram",
                "library name": "tumult",
                "feature set name": "demographic-focused-except-AGEP-DEYE",
                "privacy category": "dp",
                "deid data id": "08bbf24efc4d94c0a6291fdff1f94e4430ee668e",
                "features list": "SEX, MSP, RAC1P, HOUSING_TYPE, OWN_RENT, EDU, PINCP_DECILE, DVET",
                "privacy label detail": "Differentially private, histogram-based synthetic data.  The DP geometric mechanism is used to produce a noisy integer occurrence count for each possible record value. ",
                "submission timestamp": "5/20/2023 00:00:00",
                "team": "CRC",
                "research papers": "https://web.cs.ucdavis.edu/~franklin/ecs289/2010/dwork_2008.pdf"
            },
            "validations": {
                "values_out_of_bound": {}
            }
        },
        "features": [
            {
                "Feature Name": "SEX",
                "Feature Description": "Person's gender",
                "Feature Type": "int64",
                "Feature Has 'N' (N/A) values?": false
            },
            {
                "Feature Name": "MSP",
                "Feature Description": "Marital Status",
                "Feature Type": "object of type string",
                "Feature Has 'N' (N/A) values?": true
            },
            {
                "Feature Name": "RAC1P",
                "Feature Description": "Person's Race",
                "Feature Type": "int64",
                "Feature Has 'N' (N/A) values?": false
            },
            {
                "Feature Name": "HOUSING_TYPE",
                "Feature Description": "Housing unit or group quarters",
                "Feature Type": "int64",
                "Feature Has 'N' (N/A) values?": false
            },
            {
                "Feature Name": "OWN_RENT",
                "Feature Description": "Housing unit rented or owned",
                "Feature Type": "int64",
                "Feature Has 'N' (N/A) values?": false
            },
            {
                "Feature Name": "EDU",
                "Feature Description": "Educational attainment",
                "Feature Type": "object of type string",
                "Feature Has 'N' (N/A) values?": true
            },
            {
                "Feature Name": "PINCP_DECILE",
                "Feature Description": "Person's total income rank (with respect to their state) discretized into 10% bins.",
                "Feature Type": "object of type string",
                "Feature Has 'N' (N/A) values?": true
            },
            {
                "Feature Name": "DVET",
                "Feature Description": "Veteran service connected disability rating (percentage)",
                "Feature Type": "object of type string",
                "Feature Has 'N' (N/A) values?": true
            }
        ]
    },
    "Univariate": {
        "divergence": "univariate/divergence.csv",
        "counts": {
            "EDU": {
                "counts": "univariate/EDU_counts.csv",
                "plot": "univariate/EDU.jpg"
            },
            "PINCP_DECILE": {
                "counts": "univariate/PINCP_DECILE_counts.csv",
                "plot": "univariate/PINCP_DECILE.jpg"
            },
            "MSP": {
                "counts": "univariate/MSP_counts.csv",
                "plot": "univariate/MSP.jpg"
            },
            "RAC1P": {
                "counts": "univariate/RAC1P_counts.csv",
                "plot": "univariate/RAC1P.jpg"
            },
            "DVET": {
                "counts": "univariate/DVET_counts.csv",
                "plot": "univariate/DVET.jpg"
            },
            "HOUSING_TYPE": {
                "counts": "univariate/HOUSING_TYPE_counts.csv",
                "plot": "univariate/HOUSING_TYPE.jpg"
            },
            "OWN_RENT": {
                "counts": "univariate/OWN_RENT_counts.csv",
                "plot": "univariate/OWN_RENT.jpg"
            },
            "SEX": {
                "counts": "univariate/SEX_counts.csv",
                "plot": "univariate/SEX.jpg"
            }
        }
    },
    "Correlations": {
        "kendall correlation difference": {
            "correlation_difference": "correlation_difference/correlation_difference.csv",
            "plot": "correlation_difference/corr_diff.jpg"
        },
        "pearson correlation difference": {
            "correlation_difference": "pearson_correlation/correlation_difference.csv",
            "plot": "pearson_correlation/pearson_corr_diff.jpg"
        }
    },
    "k_marginal": {
        "k_marginal_synopsys": {
            "subsample_error_comparison": "k_marginal_synopsys/subsample_error_comparison.csv",
            "sub_sampling_equivalent": 90,
            "k_marginal_score": 998
        }
    },
    "propensity mean square error": {
        "pmse_score": 0.0002491406096350226,
        "propensity_distribution": "propensity/propensity_distribution.csv",
        "plot": "propensity/propensity_distribution.jpg"
    },
    "linear_regression": {
        "total_population": {
            "target_counts": "linear_regression/total_population/target_counts.csv",
            "target_deidentified_counts_difference": "linear_regression/total_population/target_deidentified_counts_difference.csv",
            "target_deidentified_difference_plot": "linear_regression/total_population/density_plot.svg",
            "target_regression_slope_and_intercept": [
                0.63,
                -0.1
            ],
            "deidentified_regression_slope_and_intercept": [
                0.63,
                -0.08
            ]
        },
        "white_men": {
            "target_counts": "linear_regression/white_men/target_counts.csv",
            "target_deidentified_counts_difference": "linear_regression/white_men/target_deidentified_counts_difference.csv",
            "target_deidentified_difference_plot": "linear_regression/white_men/density_plot.svg",
            "target_regression_slope_and_intercept": [
                0.68,
                0.39
            ],
            "deidentified_regression_slope_and_intercept": [
                0.68,
                0.39
            ]
        },
        "white_women": {
            "target_counts": "linear_regression/white_women/target_counts.csv",
            "target_deidentified_counts_difference": "linear_regression/white_women/target_deidentified_counts_difference.csv",
            "target_deidentified_difference_plot": "linear_regression/white_women/density_plot.svg",
            "target_regression_slope_and_intercept": [
                0.66,
                -0.6
            ],
            "deidentified_regression_slope_and_intercept": [
                0.66,
                -0.59
            ]
        },
        "black_men": {
            "target_counts": "linear_regression/black_men/target_counts.csv",
            "target_deidentified_counts_difference": "linear_regression/black_men/target_deidentified_counts_difference.csv",
            "target_deidentified_difference_plot": "linear_regression/black_men/density_plot.svg",
            "target_regression_slope_and_intercept": [
                0.52,
                0.45
            ],
            "deidentified_regression_slope_and_intercept": [
                0.52,
                0.46
            ]
        },
        "black_women": {
            "target_counts": "linear_regression/black_women/target_counts.csv",
            "target_deidentified_counts_difference": "linear_regression/black_women/target_deidentified_counts_difference.csv",
            "target_deidentified_difference_plot": "linear_regression/black_women/density_plot.svg",
            "target_regression_slope_and_intercept": [
                0.51,
                0.3
            ],
            "deidentified_regression_slope_and_intercept": [
                0.51,
                0.32
            ]
        },
        "asian_men": {
            "target_counts": "linear_regression/asian_men/target_counts.csv",
            "target_deidentified_counts_difference": "linear_regression/asian_men/target_deidentified_counts_difference.csv",
            "target_deidentified_difference_plot": "linear_regression/asian_men/density_plot.svg",
            "target_regression_slope_and_intercept": [
                0.7,
                -0.68
            ],
            "deidentified_regression_slope_and_intercept": [
                0.69,
                -0.65
            ]
        },
        "asian_women": {
            "target_counts": "linear_regression/asian_women/target_counts.csv",
            "target_deidentified_counts_difference": "linear_regression/asian_women/target_deidentified_counts_difference.csv",
            "target_deidentified_difference_plot": "linear_regression/asian_women/density_plot.svg",
            "target_regression_slope_and_intercept": [
                0.55,
                -0.19
            ],
            "deidentified_regression_slope_and_intercept": [
                0.54,
                -0.17
            ]
        },
        "aiannh_men": {
            "target_counts": "linear_regression/aiannh_men/target_counts.csv",
            "target_deidentified_counts_difference": "linear_regression/aiannh_men/target_deidentified_counts_difference.csv",
            "target_deidentified_difference_plot": "linear_regression/aiannh_men/density_plot.svg",
            "target_regression_slope_and_intercept": [
                0.42,
                1.18
            ],
            "deidentified_regression_slope_and_intercept": [
                0.4,
                1.32
            ]
        },
        "aiannh_women": {
            "target_counts": "linear_regression/aiannh_women/target_counts.csv",
            "target_deidentified_counts_difference": "linear_regression/aiannh_women/target_deidentified_counts_difference.csv",
            "target_deidentified_difference_plot": "linear_regression/aiannh_women/density_plot.svg",
            "target_regression_slope_and_intercept": [
                0.54,
                -0.19
            ],
            "deidentified_regression_slope_and_intercept": [
                0.49,
                0.14
            ]
        }
    },
    "pca": {
        "components_eigenvector": "pca/components_eigenvector.csv",
        "target_all_components_plot": "pca/target.png",
        "deidentified_all_components_plot": "pca/deidentified.png",
        "highlighted_plots": {
            "MSP-MSP_N-Children (AGEP < 15)": [
                "pca/target_highlighted_MSP/MSP_N.png",
                "pca/deidentified_highlighted_MSP/MSP_N.png"
            ]
        }
    },
    "inconsistencies": {
        "age": {
            "title": "Age-Based Inconsistencies",
            "description": "These inconsistencies deal with the AGE feature; records with age-based inconsistencies might have children who are married, or infants with high school diplomas",
            "inconsistencies": [
                {
                    "inconsistency_name": "adult_child",
                    "inconsistency_description": "Even when the AGEP feature is not explicitly used, features which use N to indicate children ( < 15) must agree",
                    "inconsistency_features": [
                        "MSP",
                        "PINCP",
                        "PINCP_DECILE"
                    ],
                    "inconsistency_violations": 17,
                    "inconsistent_data_indexes": [
                        1529,
                        3822,
                        6530,
                        6563,
                        7361,
                        8057,
                        8442,
                        8832,
                        9097,
                        9884,
                        13026,
                        14403,
                        15886,
                        15901,
                        18586,
                        22258,
                        25703
                    ],
                    "inconsistent_record_example": "inconsistencies/age/adult_child_example.csv"
                },
                {
                    "inconsistency_name": "gq_own_jail",
                    "inconsistency_description": "Inmates don't own jails, patients don't own hospitals: Group quarters residents aren't owners",
                    "inconsistency_features": [
                        "HOUSING_TYPE",
                        "OWN_RENT"
                    ],
                    "inconsistency_violations": 24,
                    "inconsistent_data_indexes": [
                        1529,
                        2797,
                        7361,
                        7657,
                        8057,
                        8442,
                        8590,
                        9097,
                        9730,
                        13198,
                        13202,
                        14403,
                        17245,
                        17567,
                        17898,
                        18586,
                        21932,
                        22600,
                        22782,
                        23295,
                        24534,
                        25300,
                        25703,
                        26436
                    ],
                    "inconsistent_record_example": "inconsistencies/work/gq_own_jail_example.csv"
                },
                {
                    "inconsistency_name": "gq_own_dorm",
                    "inconsistency_description": "Students don't own dorms, soldiers don't own barracks: Group quarters residents aren't owners",
                    "inconsistency_features": [
                        "HOUSING_TYPE",
                        "OWN_RENT"
                    ],
                    "inconsistency_violations": 9,
                    "inconsistent_data_indexes": [
                        6530,
                        6563,
                        8832,
                        10735,
                        10739,
                        14598,
                        15901,
                        22506,
                        26645
                    ],
                    "inconsistent_record_example": "inconsistencies/work/gq_own_dorm_example.csv"
                },
                {
                    "inconsistency_name": "house_OWN_RENT",
                    "inconsistency_description": "Individuals who live in houses must specify if they rent or own",
                    "inconsistency_features": [
                        "HOUSING_TYPE",
                        "OWN_RENT"
                    ],
                    "inconsistency_violations": 9,
                    "inconsistent_data_indexes": [
                        202,
                        1100,
                        1159,
                        9885,
                        14481,
                        15887,
                        17906,
                        22258,
                        27142
                    ],
                    "inconsistent_record_example": "inconsistencies/work/house_OWN_RENT_example.csv"
                }
            ]
        },
        "work": {
            "title": "Work-Based Inconsistencies",
            "description": "These inconsistencies deal with the work and finance features; records with work-based inconsistencies might have high incomes while being in poverty, or have conflicts between their industry code and industry category.",
            "inconsistencies": []
        },
        "housing": {
            "title": "Housing-Based Inconsistencies",
            "description": "These inconsistencies deal with housing and family features; records with household-based inconsistencies might have more children in the house than the total household size, or be residents of group quarters (such as prison inmates) who are listed as owning their residences.",
            "inconsistencies": []
        },
        "summary": [
            {
                "Inconsistency Group": "Age",
                "Number of Records Inconsistent": 17,
                "Percent Records Inconsistent": 0.1
            },
            {
                "Inconsistency Group": "Work",
                "Number of Records Inconsistent": 0,
                "Percent Records Inconsistent": 0.0
            },
            {
                "Inconsistency Group": "Housing",
                "Number of Records Inconsistent": 42,
                "Percent Records Inconsistent": 0.2
            }
        ]
    },
    "unique_exact_matches": {
        "records matched in target data": 2773,
        "percent records matched in target data": 100.0,
        "unique target records": 2773,
        "percent unique target records": 10.18
    },
    "apparent_match_distribution": {
        "unique_matched_percents": "apparent_match_distribution/unique_matched_percents.csv",
        "plot": "apparent_match_distribution/apparent_match_distribution.jpg"
    },
    "created_on": "June 19, 2023 20:54:12"
}