{
    "data_description": {
        "target": {
            "filename": "ma2019",
            "records": 7634,
            "features": 24
        },
        "deid": {
            "filename": "genetic_sd_e_1_GiuseppeVietri_2",
            "records": 7634,
            "features": 24,
            "labels": {
                "team": "DataEvolution",
                "submission timestamp": "4/16/2023 20:31:04",
                "target dataset": "ma2019",
                "algorithm name": "Genetic SD",
                "feature set": "all-features",
                "variant label": "sync_ma2019_1",
                "epsilon": "1",
                "delta": "10^(-5)",
                "submission number": 2,
                "privacy": "Differential Privacy",
                "library": "Genetic SD"
            },
            "validations": {
                "values_out_of_bound": {}
            }
        },
        "features": [
            {
                "Feature Name": "PUMA",
                "Feature Description": "Public use microdata area code",
                "Feature Type": "object of type string",
                "Feature Has 'N' (N/A) values?": false
            },
            {
                "Feature Name": "AGEP",
                "Feature Description": "Person's age",
                "Feature Type": "int64",
                "Feature Has 'N' (N/A) values?": false
            },
            {
                "Feature Name": "SEX",
                "Feature Description": "Person's gender",
                "Feature Type": "int64",
                "Feature Has 'N' (N/A) values?": false
            },
            {
                "Feature Name": "MSP",
                "Feature Description": "Marital Status",
                "Feature Type": "object of type string",
                "Feature Has 'N' (N/A) values?": true
            },
            {
                "Feature Name": "HISP",
                "Feature Description": "Hispanic origin",
                "Feature Type": "int64",
                "Feature Has 'N' (N/A) values?": false
            },
            {
                "Feature Name": "RAC1P",
                "Feature Description": "Person's Race",
                "Feature Type": "int64",
                "Feature Has 'N' (N/A) values?": false
            },
            {
                "Feature Name": "NOC",
                "Feature Description": "Number of own children in household (unweighted)",
                "Feature Type": "object of type string",
                "Feature Has 'N' (N/A) values?": true
            },
            {
                "Feature Name": "NPF",
                "Feature Description": "Number of persons in family (unweighted)",
                "Feature Type": "object of type string",
                "Feature Has 'N' (N/A) values?": true
            },
            {
                "Feature Name": "HOUSING_TYPE",
                "Feature Description": "Housing unit or group quarters",
                "Feature Type": "int64",
                "Feature Has 'N' (N/A) values?": false
            },
            {
                "Feature Name": "OWN_RENT",
                "Feature Description": "Housing unit rented or owned",
                "Feature Type": "int64",
                "Feature Has 'N' (N/A) values?": false
            },
            {
                "Feature Name": "DENSITY",
                "Feature Description": "Population density among residents of each PUMA",
                "Feature Type": "float64",
                "Feature Has 'N' (N/A) values?": false
            },
            {
                "Feature Name": "INDP",
                "Feature Description": "Industry codes",
                "Feature Type": "object of type string",
                "Feature Has 'N' (N/A) values?": true
            },
            {
                "Feature Name": "INDP_CAT",
                "Feature Description": "Industry categories",
                "Feature Type": "object of type string",
                "Feature Has 'N' (N/A) values?": true
            },
            {
                "Feature Name": "EDU",
                "Feature Description": "Educational attainment",
                "Feature Type": "object of type string",
                "Feature Has 'N' (N/A) values?": true
            },
            {
                "Feature Name": "PINCP",
                "Feature Description": "Person's total income in dollars",
                "Feature Type": "object of type string",
                "Feature Has 'N' (N/A) values?": true
            },
            {
                "Feature Name": "PINCP_DECILE",
                "Feature Description": "Person's total income rank (with respect to their state) discretized into 10% bins.",
                "Feature Type": "object of type string",
                "Feature Has 'N' (N/A) values?": true
            },
            {
                "Feature Name": "POVPIP",
                "Feature Description": "Income-to-poverty ratio (ex: 250 = 2.5 x poverty line)",
                "Feature Type": "object of type string",
                "Feature Has 'N' (N/A) values?": true
            },
            {
                "Feature Name": "DVET",
                "Feature Description": "Veteran service connected disability rating (percentage)",
                "Feature Type": "object of type string",
                "Feature Has 'N' (N/A) values?": true
            },
            {
                "Feature Name": "DREM",
                "Feature Description": "Cognitive difficulty",
                "Feature Type": "object of type string",
                "Feature Has 'N' (N/A) values?": true
            },
            {
                "Feature Name": "DPHY",
                "Feature Description": "Ambulatory (walking) difficulty",
                "Feature Type": "object of type string",
                "Feature Has 'N' (N/A) values?": true
            },
            {
                "Feature Name": "DEYE",
                "Feature Description": "Vision difficulty",
                "Feature Type": "int32",
                "Feature Has 'N' (N/A) values?": false
            },
            {
                "Feature Name": "DEAR",
                "Feature Description": "Hearing difficulty",
                "Feature Type": "int32",
                "Feature Has 'N' (N/A) values?": false
            },
            {
                "Feature Name": "WGTP",
                "Feature Description": "Housing unit sampling weight",
                "Feature Type": "int64",
                "Feature Has 'N' (N/A) values?": false
            },
            {
                "Feature Name": "PWGTP",
                "Feature Description": "Person's sampling weight",
                "Feature Type": "int64",
                "Feature Has 'N' (N/A) values?": false
            }
        ]
    },
    "Univariate": {
        "divergence": "univariate/divergence.csv",
        "counts": {
            "WGTP": {
                "counts": "univariate/WGTP_counts.csv",
                "plot": "univariate/WGTP.jpg"
            },
            "INDP": {
                "Industry Category 4": {
                    "divergence": 15.912870762711862,
                    "counts": "univariate/Industry Category 4.csv",
                    "plot": "univariate/indp_indp_cat_4.jpg"
                },
                "Industry Category 6": {
                    "divergence": 6.775194741966896,
                    "counts": "univariate/Industry Category 6.csv",
                    "plot": "univariate/indp_indp_cat_6.jpg"
                },
                "Industry Category 5": {
                    "divergence": 4.87458081824279,
                    "counts": "univariate/Industry Category 5.csv",
                    "plot": "univariate/indp_indp_cat_5.jpg"
                },
                "Industry Category 15": {
                    "divergence": 4.80475302889096,
                    "counts": "univariate/Industry Category 15.csv",
                    "plot": "univariate/indp_indp_cat_15.jpg"
                },
                "Industry Category 10": {
                    "divergence": 3.7085106382978728,
                    "counts": "univariate/Industry Category 10.csv",
                    "plot": "univariate/indp_indp_cat_10.jpg"
                },
                "Industry Category 7": {
                    "divergence": 3.62530612244898,
                    "counts": "univariate/Industry Category 7.csv",
                    "plot": "univariate/indp_indp_cat_7.jpg"
                },
                "Industry Category 9": {
                    "divergence": 2.8124999999999996,
                    "counts": "univariate/Industry Category 9.csv",
                    "plot": "univariate/indp_indp_cat_9.jpg"
                },
                "Industry Category 13": {
                    "divergence": 2.437728937728938,
                    "counts": "univariate/Industry Category 13.csv",
                    "plot": "univariate/indp_indp_cat_13.jpg"
                },
                "Industry Category 16": {
                    "divergence": 2.1823027718550105,
                    "counts": "univariate/Industry Category 16.csv",
                    "plot": "univariate/indp_indp_cat_16.jpg"
                },
                "Industry Category 8": {
                    "divergence": 2.1155555555555554,
                    "counts": "univariate/Industry Category 8.csv",
                    "plot": "univariate/indp_indp_cat_8.jpg"
                },
                "Industry Category 0": {
                    "divergence": 1.903703703703704,
                    "counts": "univariate/Industry Category 0.csv",
                    "plot": "univariate/indp_indp_cat_0.jpg"
                },
                "Industry Category 14": {
                    "divergence": 1.6266443434585027,
                    "counts": "univariate/Industry Category 14.csv",
                    "plot": "univariate/indp_indp_cat_14.jpg"
                },
                "Industry Category 12": {
                    "divergence": 1.5592469819908963,
                    "counts": "univariate/Industry Category 12.csv",
                    "plot": "univariate/indp_indp_cat_12.jpg"
                },
                "Industry Category 2": {
                    "divergence": 1.2581967213114753,
                    "counts": "univariate/Industry Category 2.csv",
                    "plot": "univariate/indp_indp_cat_2.jpg"
                },
                "Industry Category 17": {
                    "divergence": 0.6691729323308271,
                    "counts": "univariate/Industry Category 17.csv",
                    "plot": "univariate/indp_indp_cat_17.jpg"
                },
                "Industry Category 11": {
                    "divergence": 0.33331009481316226,
                    "counts": "univariate/Industry Category 11.csv",
                    "plot": "univariate/indp_indp_cat_11.jpg"
                },
                "Industry Category 3": {
                    "divergence": 0.0,
                    "counts": "univariate/Industry Category 3.csv",
                    "plot": "univariate/indp_indp_cat_3.jpg"
                },
                "Industry Category 18": {
                    "divergence": 0.0,
                    "counts": "univariate/Industry Category 18.csv",
                    "plot": "univariate/indp_indp_cat_18.jpg"
                },
                "Industry Category 1": {
                    "divergence": 0.0,
                    "counts": "univariate/Industry Category 1.csv",
                    "plot": "univariate/indp_indp_cat_1.jpg"
                }
            },
            "PWGTP": {
                "counts": "univariate/PWGTP_counts.csv",
                "plot": "univariate/PWGTP.jpg"
            },
            "POVPIP": {
                "counts": "univariate/POVPIP_counts.csv",
                "plot": "univariate/POVPIP.jpg"
            },
            "INDP_CAT": {
                "counts": "univariate/INDP_CAT_counts.csv",
                "plot": "univariate/INDP_CAT.jpg"
            },
            "PINCP": {
                "counts": "univariate/PINCP_counts.csv",
                "plot": "univariate/PINCP.jpg"
            },
            "AGEP": {
                "counts": "univariate/AGEP_counts.csv",
                "plot": "univariate/AGEP.jpg"
            },
            "PINCP_DECILE": {
                "counts": "univariate/PINCP_DECILE_counts.csv",
                "plot": "univariate/PINCP_DECILE.jpg"
            },
            "EDU": {
                "counts": "univariate/EDU_counts.csv",
                "plot": "univariate/EDU.jpg"
            },
            "NPF": {
                "counts": "univariate/NPF_counts.csv",
                "plot": "univariate/NPF.jpg"
            },
            "DVET": {
                "counts": "univariate/DVET_counts.csv",
                "plot": "univariate/DVET.jpg"
            },
            "DENSITY": {
                "counts": "univariate/DENSITY_counts.csv",
                "plot": "univariate/DENSITY.jpg"
            },
            "MSP": {
                "counts": "univariate/MSP_counts.csv",
                "plot": "univariate/MSP.jpg"
            },
            "NOC": {
                "counts": "univariate/NOC_counts.csv",
                "plot": "univariate/NOC.jpg"
            },
            "RAC1P": {
                "counts": "univariate/RAC1P_counts.csv",
                "plot": "univariate/RAC1P.jpg"
            },
            "DREM": {
                "counts": "univariate/DREM_counts.csv",
                "plot": "univariate/DREM.jpg"
            },
            "HISP": {
                "counts": "univariate/HISP_counts.csv",
                "plot": "univariate/HISP.jpg"
            },
            "DPHY": {
                "counts": "univariate/DPHY_counts.csv",
                "plot": "univariate/DPHY.jpg"
            },
            "PUMA": {
                "counts": "univariate/PUMA_counts.csv",
                "plot": "univariate/PUMA.jpg"
            },
            "DEYE": {
                "counts": "univariate/DEYE_counts.csv",
                "plot": "univariate/DEYE.jpg"
            },
            "DEAR": {
                "counts": "univariate/DEAR_counts.csv",
                "plot": "univariate/DEAR.jpg"
            },
            "SEX": {
                "counts": "univariate/SEX_counts.csv",
                "plot": "univariate/SEX.jpg"
            },
            "OWN_RENT": {
                "counts": "univariate/OWN_RENT_counts.csv",
                "plot": "univariate/OWN_RENT.jpg"
            },
            "HOUSING_TYPE": {
                "counts": "univariate/HOUSING_TYPE_counts.csv",
                "plot": "univariate/HOUSING_TYPE.jpg"
            }
        }
    },
    "Correlations": {
        "kendall correlation difference": {
            "correlation_difference": "correlation_difference/correlation_difference.csv",
            "plot": "correlation_difference/corr_diff.jpg"
        },
        "pearson correlation difference": {
            "correlation_difference": "pearson_correlation/correlation_difference.csv",
            "plot": "pearson_correlation/pearson_corr_diff.jpg"
        }
    },
    "k_marginal": {
        "k_marginal_synopsys": {
            "subsample_error_comparison": "k_marginal_synopsys/subsample_error_comparison.csv",
            "k_marginal_score": 717,
            "score_in_each_puma": "k_marginal_synopsys/score_in_each_puma.csv"
        },
        "k_marginal_breakdown": {
            "worst_2_puma_univariate": {
                "divergence": "k_marginal_breakdown/univariate/divergence.csv",
                "counts": {
                    "INDP": {
                        "Industry Category 4": {
                            "divergence": 8.081481481481482,
                            "counts": "k_marginal_breakdown/univariate/Industry Category 4.csv",
                            "plot": "k_marginal_breakdown/univariate/indp_indp_cat_4.jpg"
                        },
                        "Industry Category 6": {
                            "divergence": 6.868550368550371,
                            "counts": "k_marginal_breakdown/univariate/Industry Category 6.csv",
                            "plot": "k_marginal_breakdown/univariate/indp_indp_cat_6.jpg"
                        },
                        "Industry Category 15": {
                            "divergence": 4.248120300751879,
                            "counts": "k_marginal_breakdown/univariate/Industry Category 15.csv",
                            "plot": "k_marginal_breakdown/univariate/indp_indp_cat_15.jpg"
                        },
                        "Industry Category 10": {
                            "divergence": 3.983333333333333,
                            "counts": "k_marginal_breakdown/univariate/Industry Category 10.csv",
                            "plot": "k_marginal_breakdown/univariate/indp_indp_cat_10.jpg"
                        },
                        "Industry Category 8": {
                            "divergence": 3.416666666666667,
                            "counts": "k_marginal_breakdown/univariate/Industry Category 8.csv",
                            "plot": "k_marginal_breakdown/univariate/indp_indp_cat_8.jpg"
                        },
                        "Industry Category 9": {
                            "divergence": 3.179411764705882,
                            "counts": "k_marginal_breakdown/univariate/Industry Category 9.csv",
                            "plot": "k_marginal_breakdown/univariate/indp_indp_cat_9.jpg"
                        },
                        "Industry Category 5": {
                            "divergence": 3.056818181818181,
                            "counts": "k_marginal_breakdown/univariate/Industry Category 5.csv",
                            "plot": "k_marginal_breakdown/univariate/indp_indp_cat_5.jpg"
                        },
                        "Industry Category 7": {
                            "divergence": 3.0370370370370368,
                            "counts": "k_marginal_breakdown/univariate/Industry Category 7.csv",
                            "plot": "k_marginal_breakdown/univariate/indp_indp_cat_7.jpg"
                        },
                        "Industry Category 2": {
                            "divergence": 2.4,
                            "counts": "k_marginal_breakdown/univariate/Industry Category 2.csv",
                            "plot": "k_marginal_breakdown/univariate/indp_indp_cat_2.jpg"
                        },
                        "Industry Category 16": {
                            "divergence": 2.1190476190476186,
                            "counts": "k_marginal_breakdown/univariate/Industry Category 16.csv",
                            "plot": "k_marginal_breakdown/univariate/indp_indp_cat_16.jpg"
                        },
                        "Industry Category 14": {
                            "divergence": 1.8846153846153841,
                            "counts": "k_marginal_breakdown/univariate/Industry Category 14.csv",
                            "plot": "k_marginal_breakdown/univariate/indp_indp_cat_14.jpg"
                        },
                        "Industry Category 12": {
                            "divergence": 1.554022988505747,
                            "counts": "k_marginal_breakdown/univariate/Industry Category 12.csv",
                            "plot": "k_marginal_breakdown/univariate/indp_indp_cat_12.jpg"
                        },
                        "Industry Category 13": {
                            "divergence": 1.0625,
                            "counts": "k_marginal_breakdown/univariate/Industry Category 13.csv",
                            "plot": "k_marginal_breakdown/univariate/indp_indp_cat_13.jpg"
                        },
                        "Industry Category 17": {
                            "divergence": 1.0,
                            "counts": "k_marginal_breakdown/univariate/Industry Category 17.csv",
                            "plot": "k_marginal_breakdown/univariate/indp_indp_cat_17.jpg"
                        },
                        "Industry Category 11": {
                            "divergence": 0.3704742478327384,
                            "counts": "k_marginal_breakdown/univariate/Industry Category 11.csv",
                            "plot": "k_marginal_breakdown/univariate/indp_indp_cat_11.jpg"
                        },
                        "Industry Category 18": {
                            "divergence": 0.0,
                            "counts": "k_marginal_breakdown/univariate/Industry Category 18.csv",
                            "plot": "k_marginal_breakdown/univariate/indp_indp_cat_18.jpg"
                        },
                        "Industry Category 3": {
                            "divergence": 0.0,
                            "counts": "k_marginal_breakdown/univariate/Industry Category 3.csv",
                            "plot": "k_marginal_breakdown/univariate/indp_indp_cat_3.jpg"
                        },
                        "Industry Category 0": {
                            "divergence": 0.0,
                            "counts": "k_marginal_breakdown/univariate/Industry Category 0.csv",
                            "plot": "k_marginal_breakdown/univariate/indp_indp_cat_0.jpg"
                        }
                    },
                    "WGTP": {
                        "counts": "k_marginal_breakdown/univariate/WGTP_counts.csv",
                        "plot": "k_marginal_breakdown/univariate/WGTP.jpg"
                    },
                    "PINCP": {
                        "counts": "k_marginal_breakdown/univariate/PINCP_counts.csv",
                        "plot": "k_marginal_breakdown/univariate/PINCP.jpg"
                    },
                    "INDP_CAT": {
                        "counts": "k_marginal_breakdown/univariate/INDP_CAT_counts.csv",
                        "plot": "k_marginal_breakdown/univariate/INDP_CAT.jpg"
                    },
                    "POVPIP": {
                        "counts": "k_marginal_breakdown/univariate/POVPIP_counts.csv",
                        "plot": "k_marginal_breakdown/univariate/POVPIP.jpg"
                    },
                    "PWGTP": {
                        "counts": "k_marginal_breakdown/univariate/PWGTP_counts.csv",
                        "plot": "k_marginal_breakdown/univariate/PWGTP.jpg"
                    },
                    "AGEP": {
                        "counts": "k_marginal_breakdown/univariate/AGEP_counts.csv",
                        "plot": "k_marginal_breakdown/univariate/AGEP.jpg"
                    },
                    "PINCP_DECILE": {
                        "counts": "k_marginal_breakdown/univariate/PINCP_DECILE_counts.csv",
                        "plot": "k_marginal_breakdown/univariate/PINCP_DECILE.jpg"
                    },
                    "EDU": {
                        "counts": "k_marginal_breakdown/univariate/EDU_counts.csv",
                        "plot": "k_marginal_breakdown/univariate/EDU.jpg"
                    },
                    "NPF": {
                        "counts": "k_marginal_breakdown/univariate/NPF_counts.csv",
                        "plot": "k_marginal_breakdown/univariate/NPF.jpg"
                    },
                    "DENSITY": {
                        "counts": "k_marginal_breakdown/univariate/DENSITY_counts.csv",
                        "plot": "k_marginal_breakdown/univariate/DENSITY.jpg"
                    },
                    "MSP": {
                        "counts": "k_marginal_breakdown/univariate/MSP_counts.csv",
                        "plot": "k_marginal_breakdown/univariate/MSP.jpg"
                    },
                    "DVET": {
                        "counts": "k_marginal_breakdown/univariate/DVET_counts.csv",
                        "plot": "k_marginal_breakdown/univariate/DVET.jpg"
                    },
                    "NOC": {
                        "counts": "k_marginal_breakdown/univariate/NOC_counts.csv",
                        "plot": "k_marginal_breakdown/univariate/NOC.jpg"
                    },
                    "SEX": {
                        "counts": "k_marginal_breakdown/univariate/SEX_counts.csv",
                        "plot": "k_marginal_breakdown/univariate/SEX.jpg"
                    },
                    "RAC1P": {
                        "counts": "k_marginal_breakdown/univariate/RAC1P_counts.csv",
                        "plot": "k_marginal_breakdown/univariate/RAC1P.jpg"
                    },
                    "DPHY": {
                        "counts": "k_marginal_breakdown/univariate/DPHY_counts.csv",
                        "plot": "k_marginal_breakdown/univariate/DPHY.jpg"
                    },
                    "DREM": {
                        "counts": "k_marginal_breakdown/univariate/DREM_counts.csv",
                        "plot": "k_marginal_breakdown/univariate/DREM.jpg"
                    },
                    "HISP": {
                        "counts": "k_marginal_breakdown/univariate/HISP_counts.csv",
                        "plot": "k_marginal_breakdown/univariate/HISP.jpg"
                    },
                    "OWN_RENT": {
                        "counts": "k_marginal_breakdown/univariate/OWN_RENT_counts.csv",
                        "plot": "k_marginal_breakdown/univariate/OWN_RENT.jpg"
                    },
                    "DEYE": {
                        "counts": "k_marginal_breakdown/univariate/DEYE_counts.csv",
                        "plot": "k_marginal_breakdown/univariate/DEYE.jpg"
                    },
                    "DEAR": {
                        "counts": "k_marginal_breakdown/univariate/DEAR_counts.csv",
                        "plot": "k_marginal_breakdown/univariate/DEAR.jpg"
                    },
                    "HOUSING_TYPE": {
                        "counts": "k_marginal_breakdown/univariate/HOUSING_TYPE_counts.csv",
                        "plot": "k_marginal_breakdown/univariate/HOUSING_TYPE.jpg"
                    },
                    "PUMA": {
                        "counts": "k_marginal_breakdown/univariate/PUMA_counts.csv",
                        "plot": "k_marginal_breakdown/univariate/PUMA.jpg"
                    }
                }
            },
            "worst_2_puma_k_marginal_scores": "k_marginal_breakdown/worst_2_puma_k_marginal_scores.csv",
            "correlation_difference": {
                "pearson_correlation_difference": {
                    "correlation_difference": "k_marginal_breakdown/pearson_correlation/correlation_difference.csv",
                    "plot": "k_marginal_breakdown/pearson_correlation/pearson_corr_diff.jpg"
                }
            }
        }
    },
    "propensity mean square error": {
        "pmse_score": 0.1418178713508084,
        "propensity_distribution": "propensity/propensity_distribution.csv"
    },
    "linear_regression": {
        "total_population": {
            "target_counts": "linear_regression/total_population/target_counts.csv",
            "target_deidentified_counts_difference": "linear_regression/total_population/target_deidentified_counts_difference.csv",
            "target_deidentified_difference_plot": "linear_regression/total_population/density_plot.svg",
            "target_regression_slope_and_intercept": [
                0.62,
                0.12
            ],
            "deidentified_regression_slope_and_intercept": [
                0.31,
                2.56
            ]
        },
        "white_men": {
            "target_counts": "linear_regression/white_men/target_counts.csv",
            "target_deidentified_counts_difference": "linear_regression/white_men/target_deidentified_counts_difference.csv",
            "target_deidentified_difference_plot": "linear_regression/white_men/density_plot.svg",
            "target_regression_slope_and_intercept": [
                0.63,
                0.8
            ],
            "deidentified_regression_slope_and_intercept": [
                0.33,
                3.08
            ]
        },
        "white_women": {
            "target_counts": "linear_regression/white_women/target_counts.csv",
            "target_deidentified_counts_difference": "linear_regression/white_women/target_deidentified_counts_difference.csv",
            "target_deidentified_difference_plot": "linear_regression/white_women/density_plot.svg",
            "target_regression_slope_and_intercept": [
                0.59,
                -0.18
            ],
            "deidentified_regression_slope_and_intercept": [
                0.42,
                1.43
            ]
        },
        "black_men": {
            "target_counts": "linear_regression/black_men/target_counts.csv",
            "target_deidentified_counts_difference": "linear_regression/black_men/target_deidentified_counts_difference.csv",
            "target_deidentified_difference_plot": "linear_regression/black_men/density_plot.svg",
            "target_regression_slope_and_intercept": [
                0.72,
                -1.31
            ],
            "deidentified_regression_slope_and_intercept": [
                -0.06,
                6.13
            ]
        },
        "black_women": {
            "target_counts": "linear_regression/black_women/target_counts.csv",
            "target_deidentified_counts_difference": "linear_regression/black_women/target_deidentified_counts_difference.csv",
            "target_deidentified_difference_plot": "linear_regression/black_women/density_plot.svg",
            "target_regression_slope_and_intercept": [
                0.7,
                -1.07
            ],
            "deidentified_regression_slope_and_intercept": [
                0.06,
                4.16
            ]
        },
        "asian_men": {
            "target_counts": "linear_regression/asian_men/target_counts.csv",
            "target_deidentified_counts_difference": "linear_regression/asian_men/target_deidentified_counts_difference.csv",
            "target_deidentified_difference_plot": "linear_regression/asian_men/density_plot.svg",
            "target_regression_slope_and_intercept": [
                0.83,
                -1.31
            ],
            "deidentified_regression_slope_and_intercept": [
                0.28,
                3.34
            ]
        },
        "asian_women": {
            "target_counts": "linear_regression/asian_women/target_counts.csv",
            "target_deidentified_counts_difference": "linear_regression/asian_women/target_deidentified_counts_difference.csv",
            "target_deidentified_difference_plot": "linear_regression/asian_women/density_plot.svg",
            "target_regression_slope_and_intercept": [
                0.64,
                -1.43
            ],
            "deidentified_regression_slope_and_intercept": [
                0.18,
                3.02
            ]
        },
        "aiannh_men": {
            "target_counts": "linear_regression/aiannh_men/target_counts.csv",
            "target_deidentified_counts_difference": "linear_regression/aiannh_men/target_deidentified_counts_difference.csv",
            "target_deidentified_difference_plot": "linear_regression/aiannh_men/density_plot.svg",
            "target_regression_slope_and_intercept": [
                -0.83,
                7.33
            ],
            "deidentified_regression_slope_and_intercept": [
                0.26,
                2.14
            ]
        },
        "aiannh_women": {
            "target_counts": "linear_regression/aiannh_women/target_counts.csv",
            "target_deidentified_counts_difference": "linear_regression/aiannh_women/target_deidentified_counts_difference.csv",
            "target_deidentified_difference_plot": "linear_regression/aiannh_women/density_plot.svg",
            "target_regression_slope_and_intercept": [
                -0.5,
                5.17
            ],
            "deidentified_regression_slope_and_intercept": [
                0.11,
                2.75
            ]
        }
    },
    "pca": {
        "components_eigenvector": "pca/components_eigenvector.csv",
        "target_all_components_plot": "pca/target.png",
        "deidentified_all_components_plot": "pca/deidentified.png",
        "highlighted_plots": {
            "MSP-MSP_N-Children (AGEP < 15)": [
                "pca/target_highlighted_MSP/MSP_N.png",
                "pca/deidentified_highlighted_MSP/MSP_N.png"
            ]
        }
    },
    "inconsistencies": {
        "age": {
            "title": "Age-Based Inconsistencies",
            "description": "These inconsistencies deal with the AGE feature; records with age-based inconsistencies might have children who are married, or infants with high school diplomas",
            "inconsistencies": [
                {
                    "inconsistency_name": "toddler_diploma",
                    "inconsistency_description": "Toddlers (< 5) don't have high school diplomas",
                    "inconsistency_features": [
                        "AGEP",
                        "EDU"
                    ],
                    "inconsistency_violations": 34,
                    "inconsistent_data_indexes": [
                        611,
                        647,
                        784,
                        1041,
                        1182,
                        1200,
                        1264,
                        1597,
                        1848,
                        2610,
                        2646,
                        2783,
                        3040,
                        3181,
                        3199,
                        3263,
                        3596,
                        3847,
                        4609,
                        4645,
                        4782,
                        5039,
                        5180,
                        5198,
                        5262,
                        5595,
                        5846,
                        6712,
                        6756,
                        6899,
                        6993,
                        7034,
                        7361,
                        7620
                    ],
                    "inconsistent_record_example": "inconsistencies/age/toddler_diploma_example.csv"
                },
                {
                    "inconsistency_name": "too_many_children",
                    "inconsistency_description": "Adults needed: Family size must be at least one greater than number of children",
                    "inconsistency_features": [
                        "NOC",
                        "NPF"
                    ],
                    "inconsistency_violations": 471,
                    "inconsistent_data_indexes": [
                        20,
                        31,
                        56,
                        60,
                        73,
                        121,
                        133,
                        155,
                        175,
                        188,
                        201,
                        204,
                        218,
                        220,
                        239,
                        260,
                        265,
                        306,
                        323,
                        327,
                        328,
                        350,
                        354,
                        359,
                        362,
                        366,
                        369,
                        385,
                        391,
                        411,
                        437,
                        445,
                        449,
                        458,
                        479,
                        480,
                        484,
                        485,
                        488,
                        497,
                        507,
                        518,
                        525,
                        566,
                        573,
                        583,
                        609,
                        625,
                        635,
                        638,
                        649,
                        655,
                        682,
                        686,
                        694,
                        705,
                        711,
                        714,
                        724,
                        726,
                        732,
                        745,
                        766,
                        768,
                        818,
                        822,
                        852,
                        874,
                        888,
                        889,
                        894,
                        927,
                        946,
                        949,
                        974,
                        979,
                        993,
                        1051,
                        1053,
                        1089,
                        1091,
                        1098,
                        1118,
                        1122,
                        1154,
                        1200,
                        1216,
                        1227,
                        1244,
                        1258,
                        1315,
                        1334,
                        1340,
                        1345,
                        1356,
                        1372,
                        1383,
                        1456,
                        1465,
                        1470,
                        1509,
                        1534,
                        1558,
                        1562,
                        1569,
                        1570,
                        1606,
                        1635,
                        1672,
                        1676,
                        1684,
                        1693,
                        1712,
                        1741,
                        1745,
                        1747,
                        1837,
                        1854,
                        1863,
                        1942,
                        1944,
                        1949,
                        1960,
                        1974,
                        1994,
                        2019,
                        2030,
                        2055,
                        2059,
                        2072,
                        2120,
                        2132,
                        2154,
                        2174,
                        2187,
                        2200,
                        2203,
                        2217,
                        2219,
                        2238,
                        2259,
                        2264,
                        2305,
                        2322,
                        2326,
                        2327,
                        2349,
                        2353,
                        2358,
                        2361,
                        2365,
                        2368,
                        2384,
                        2390,
                        2410,
                        2436,
                        2444,
                        2448,
                        2457,
                        2478,
                        2479,
                        2483,
                        2484,
                        2487,
                        2496,
                        2506,
                        2517,
                        2524,
                        2565,
                        2572,
                        2582,
                        2608,
                        2624,
                        2634,
                        2637,
                        2648,
                        2654,
                        2681,
                        2685,
                        2693,
                        2704,
                        2710,
                        2713,
                        2723,
                        2725,
                        2731,
                        2744,
                        2765,
                        2767,
                        2817,
                        2821,
                        2851,
                        2873,
                        2887,
                        2888,
                        2893,
                        2926,
                        2945,
                        2948,
                        2973,
                        2978,
                        2992,
                        3050,
                        3052,
                        3088,
                        3090,
                        3097,
                        3117,
                        3121,
                        3153,
                        3199,
                        3215,
                        3226,
                        3243,
                        3257,
                        3314,
                        3333,
                        3339,
                        3344,
                        3355,
                        3371,
                        3382,
                        3455,
                        3464,
                        3469,
                        3508,
                        3533,
                        3557,
                        3561,
                        3568,
                        3569,
                        3605,
                        3634,
                        3671,
                        3675,
                        3683,
                        3692,
                        3711,
                        3740,
                        3744,
                        3746,
                        3836,
                        3853,
                        3862,
                        3941,
                        3943,
                        3948,
                        3959,
                        3973,
                        3993,
                        4018,
                        4029,
                        4054,
                        4058,
                        4071,
                        4119,
                        4131,
                        4153,
                        4173,
                        4186,
                        4199,
                        4202,
                        4216,
                        4218,
                        4237,
                        4258,
                        4263,
                        4304,
                        4321,
                        4325,
                        4326,
                        4348,
                        4352,
                        4357,
                        4360,
                        4364,
                        4367,
                        4383,
                        4389,
                        4409,
                        4435,
                        4443,
                        4447,
                        4456,
                        4477,
                        4478,
                        4482,
                        4483,
                        4486,
                        4495,
                        4505,
                        4516,
                        4523,
                        4564,
                        4571,
                        4581,
                        4607,
                        4623,
                        4633,
                        4636,
                        4647,
                        4653,
                        4680,
                        4684,
                        4692,
                        4703,
                        4709,
                        4712,
                        4722,
                        4724,
                        4730,
                        4743,
                        4764,
                        4766,
                        4816,
                        4820,
                        4850,
                        4872,
                        4886,
                        4887,
                        4892,
                        4925,
                        4944,
                        4947,
                        4972,
                        4977,
                        4991,
                        5049,
                        5051,
                        5087,
                        5089,
                        5096,
                        5116,
                        5120,
                        5152,
                        5198,
                        5214,
                        5225,
                        5242,
                        5256,
                        5313,
                        5332,
                        5338,
                        5343,
                        5354,
                        5370,
                        5381,
                        5454,
                        5463,
                        5468,
                        5507,
                        5532,
                        5556,
                        5560,
                        5567,
                        5568,
                        5604,
                        5633,
                        5670,
                        5674,
                        5682,
                        5691,
                        5710,
                        5739,
                        5743,
                        5745,
                        5835,
                        5852,
                        5861,
                        5940,
                        5942,
                        5947,
                        5958,
                        5972,
                        5992,
                        6003,
                        6029,
                        6060,
                        6061,
                        6085,
                        6118,
                        6145,
                        6160,
                        6184,
                        6239,
                        6251,
                        6263,
                        6264,
                        6279,
                        6280,
                        6291,
                        6325,
                        6330,
                        6351,
                        6389,
                        6422,
                        6439,
                        6448,
                        6457,
                        6467,
                        6485,
                        6510,
                        6535,
                        6556,
                        6563,
                        6569,
                        6574,
                        6631,
                        6633,
                        6664,
                        6682,
                        6684,
                        6691,
                        6721,
                        6736,
                        6797,
                        6806,
                        6861,
                        6865,
                        6880,
                        6886,
                        6890,
                        6919,
                        6934,
                        6936,
                        6967,
                        6968,
                        6970,
                        6975,
                        6982,
                        6987,
                        6996,
                        7001,
                        7004,
                        7006,
                        7034,
                        7040,
                        7062,
                        7065,
                        7090,
                        7098,
                        7104,
                        7148,
                        7171,
                        7189,
                        7253,
                        7260,
                        7282,
                        7314,
                        7322,
                        7329,
                        7367,
                        7375,
                        7381,
                        7385,
                        7397,
                        7417,
                        7421,
                        7436,
                        7446,
                        7455,
                        7467,
                        7469,
                        7471,
                        7492,
                        7503,
                        7504,
                        7614,
                        7619,
                        7622,
                        7630
                    ],
                    "inconsistent_record_example": "inconsistencies/work/too_many_children_example.csv"
                }
            ]
        },
        "work": {
            "title": "Work-Based Inconsistencies",
            "description": "These inconsistencies deal with the work and finance features; records with work-based inconsistencies might have high incomes while being in poverty, or have conflicts between their industry code and industry category.",
            "inconsistencies": []
        },
        "housing": {
            "title": "Housing-Based Inconsistencies",
            "description": "These inconsistencies deal with housing and family features; records with household-based inconsistencies might have more children in the house than the total household size, or be residents of group quarters (such as prison inmates) who are listed as owning their residences.",
            "inconsistencies": []
        },
        "summary": [
            {
                "Inconsistency Group": "Age",
                "Number of Records Inconsistent": 34,
                "Percent Records Inconsistent": 0.4
            },
            {
                "Inconsistency Group": "Work",
                "Number of Records Inconsistent": 0,
                "Percent Records Inconsistent": 0.0
            },
            {
                "Inconsistency Group": "Housing",
                "Number of Records Inconsistent": 471,
                "Percent Records Inconsistent": 6.2
            }
        ]
    },
    "unique_exact_matches": {
        "records matched in target data": 0,
        "percent records matched in target data": 0.0,
        "unique target records": 7626,
        "percent unique target records": 99.9
    },
    "apparent_match_distribution": {
        "unique_matched_percents": "apparent_match_distribution/unique_matched_percents.csv",
        "plot": "apparent_match_distribution/apparent_match_distribution.jpg"
    },
    "created_on": "May 19, 2023 18:05:51"
}