{
    "data_description": {
        "target": {
            "filename": "national2019",
            "records": 27253,
            "features": 24
        },
        "deid": {
            "filename": "pram_default_pram_feats_quasi_except_sex_family_focused_na2019",
            "records": 19166,
            "features": 11,
            "labels": {
                "algorithm name": "pram",
                "library": "sdcmicro",
                "feature set": "family-focused",
                "target dataset": "national2019",
                "default values": "pd: 0.8, alpha: 0.5",
                "pram features": "MSP, RAC1P, OWN_RENT, HISP, PUMA",
                "pram features exception": "SEX selected as required categorical key variable",
                "variant label": "subset categorical except SEX",
                "variant label detail": "default, pram features: quasi cat. except SEX",
                "privacy": "Statistical Disclosure Control"
            },
            "validations": {
                "values_out_of_bound": {}
            }
        },
        "features": [
            {
                "Feature Name": "PUMA",
                "Feature Description": "Public use microdata area code",
                "Feature Type": "object of type string",
                "Feature Has 'N' (N/A) values?": false
            },
            {
                "Feature Name": "AGEP",
                "Feature Description": "Person's age",
                "Feature Type": "int64",
                "Feature Has 'N' (N/A) values?": false
            },
            {
                "Feature Name": "SEX",
                "Feature Description": "Person's gender",
                "Feature Type": "int64",
                "Feature Has 'N' (N/A) values?": false
            },
            {
                "Feature Name": "MSP",
                "Feature Description": "Marital Status",
                "Feature Type": "object of type string",
                "Feature Has 'N' (N/A) values?": true
            },
            {
                "Feature Name": "HISP",
                "Feature Description": "Hispanic origin",
                "Feature Type": "int64",
                "Feature Has 'N' (N/A) values?": false
            },
            {
                "Feature Name": "RAC1P",
                "Feature Description": "Person's Race",
                "Feature Type": "int64",
                "Feature Has 'N' (N/A) values?": false
            },
            {
                "Feature Name": "NOC",
                "Feature Description": "Number of own children in household (unweighted)",
                "Feature Type": "object of type string",
                "Feature Has 'N' (N/A) values?": true
            },
            {
                "Feature Name": "NPF",
                "Feature Description": "Number of persons in family (unweighted)",
                "Feature Type": "object of type string",
                "Feature Has 'N' (N/A) values?": true
            },
            {
                "Feature Name": "OWN_RENT",
                "Feature Description": "Housing unit rented or owned",
                "Feature Type": "int64",
                "Feature Has 'N' (N/A) values?": false
            },
            {
                "Feature Name": "PINCP_DECILE",
                "Feature Description": "Person's total income rank (with respect to their state) discretized into 10% bins.",
                "Feature Type": "object of type string",
                "Feature Has 'N' (N/A) values?": true
            },
            {
                "Feature Name": "POVPIP",
                "Feature Description": "Income-to-poverty ratio (ex: 250 = 2.5 x poverty line)",
                "Feature Type": "object of type string",
                "Feature Has 'N' (N/A) values?": true
            }
        ]
    },
    "Univariate": {
        "divergence": "univariate/divergence.csv",
        "counts": {
            "AGEP": {
                "counts": "univariate/AGEP_counts.csv",
                "plot": "univariate/AGEP.jpg"
            },
            "PINCP_DECILE": {
                "counts": "univariate/PINCP_DECILE_counts.csv",
                "plot": "univariate/PINCP_DECILE.jpg"
            },
            "PUMA": {
                "counts": "univariate/PUMA_counts.csv",
                "plot": "univariate/PUMA.jpg"
            },
            "NPF": {
                "counts": "univariate/NPF_counts.csv",
                "plot": "univariate/NPF.jpg"
            },
            "MSP": {
                "counts": "univariate/MSP_counts.csv",
                "plot": "univariate/MSP.jpg"
            },
            "NOC": {
                "counts": "univariate/NOC_counts.csv",
                "plot": "univariate/NOC.jpg"
            },
            "POVPIP": {
                "counts": "univariate/POVPIP_counts.csv",
                "plot": "univariate/POVPIP.jpg"
            },
            "OWN_RENT": {
                "counts": "univariate/OWN_RENT_counts.csv",
                "plot": "univariate/OWN_RENT.jpg"
            },
            "RAC1P": {
                "counts": "univariate/RAC1P_counts.csv",
                "plot": "univariate/RAC1P.jpg"
            },
            "SEX": {
                "counts": "univariate/SEX_counts.csv",
                "plot": "univariate/SEX.jpg"
            },
            "HISP": {
                "counts": "univariate/HISP_counts.csv",
                "plot": "univariate/HISP.jpg"
            }
        }
    },
    "Correlations": {
        "kendall correlation difference": {
            "correlation_difference": "correlation_difference/correlation_difference.csv",
            "plot": "correlation_difference/corr_diff.jpg"
        },
        "pearson correlation difference": {
            "correlation_difference": "pearson_correlation/correlation_difference.csv",
            "plot": "pearson_correlation/pearson_corr_diff.jpg"
        }
    },
    "k_marginal": {
        "k_marginal_synopsys": {
            "subsample_error_comparison": "k_marginal_synopsys/subsample_error_comparison.csv",
            "k_marginal_score": 812,
            "score_in_each_puma": "k_marginal_synopsys/score_in_each_puma.csv"
        },
        "k_marginal_breakdown": {
            "worst_5_puma_univariate": {
                "divergence": "k_marginal_breakdown/univariate/divergence.csv",
                "counts": {
                    "AGEP": {
                        "counts": "k_marginal_breakdown/univariate/AGEP_counts.csv",
                        "plot": "k_marginal_breakdown/univariate/AGEP.jpg"
                    },
                    "PINCP_DECILE": {
                        "counts": "k_marginal_breakdown/univariate/PINCP_DECILE_counts.csv",
                        "plot": "k_marginal_breakdown/univariate/PINCP_DECILE.jpg"
                    },
                    "NPF": {
                        "counts": "k_marginal_breakdown/univariate/NPF_counts.csv",
                        "plot": "k_marginal_breakdown/univariate/NPF.jpg"
                    },
                    "MSP": {
                        "counts": "k_marginal_breakdown/univariate/MSP_counts.csv",
                        "plot": "k_marginal_breakdown/univariate/MSP.jpg"
                    },
                    "OWN_RENT": {
                        "counts": "k_marginal_breakdown/univariate/OWN_RENT_counts.csv",
                        "plot": "k_marginal_breakdown/univariate/OWN_RENT.jpg"
                    },
                    "POVPIP": {
                        "counts": "k_marginal_breakdown/univariate/POVPIP_counts.csv",
                        "plot": "k_marginal_breakdown/univariate/POVPIP.jpg"
                    },
                    "NOC": {
                        "counts": "k_marginal_breakdown/univariate/NOC_counts.csv",
                        "plot": "k_marginal_breakdown/univariate/NOC.jpg"
                    },
                    "RAC1P": {
                        "counts": "k_marginal_breakdown/univariate/RAC1P_counts.csv",
                        "plot": "k_marginal_breakdown/univariate/RAC1P.jpg"
                    },
                    "PUMA": {
                        "counts": "k_marginal_breakdown/univariate/PUMA_counts.csv",
                        "plot": "k_marginal_breakdown/univariate/PUMA.jpg"
                    },
                    "SEX": {
                        "counts": "k_marginal_breakdown/univariate/SEX_counts.csv",
                        "plot": "k_marginal_breakdown/univariate/SEX.jpg"
                    },
                    "HISP": {
                        "counts": "k_marginal_breakdown/univariate/HISP_counts.csv",
                        "plot": "k_marginal_breakdown/univariate/HISP.jpg"
                    }
                }
            },
            "worst_5_puma_k_marginal_scores": "k_marginal_breakdown/worst_5_puma_k_marginal_scores.csv",
            "correlation_difference": {
                "pearson_correlation_difference": {
                    "correlation_difference": "k_marginal_breakdown/pearson_correlation/correlation_difference.csv",
                    "plot": "k_marginal_breakdown/pearson_correlation/pearson_corr_diff.jpg"
                }
            }
        }
    },
    "propensity mean square error": {
        "pmse_score": 0.042492754603134154,
        "propensity_distribution": "propensity/propensity_distribution.csv"
    },
    "pca": {
        "components_eigenvector": "pca/components_eigenvector.csv",
        "target_all_components_plot": "pca/target.png",
        "deidentified_all_components_plot": "pca/deidentified.png",
        "highlighted_plots": {
            "MSP-MSP_N-Children (AGEP < 15)": [
                "pca/target_highlighted_MSP/MSP_N.png",
                "pca/deidentified_highlighted_MSP/MSP_N.png"
            ]
        }
    },
    "inconsistencies": {
        "age": {
            "title": "Age-Based Inconsistencies",
            "description": "These inconsistencies deal with the AGE feature; records with age-based inconsistencies might have children who are married, or infants with high school diplomas",
            "inconsistencies": [
                {
                    "inconsistency_name": "child_MSP",
                    "inconsistency_description": "Children (< 15) can't be married",
                    "inconsistency_features": [
                        "AGEP",
                        "MSP"
                    ],
                    "inconsistency_violations": 532,
                    "inconsistent_data_indexes": [
                        15036,
                        15037,
                        15040,
                        15042,
                        15043,
                        15060,
                        15061,
                        15068,
                        15079,
                        15085,
                        15093,
                        15104,
                        15111,
                        15112,
                        15127,
                        15143,
                        15146,
                        15147,
                        15153,
                        15156,
                        15168,
                        15172,
                        15178,
                        15181,
                        15193,
                        15210,
                        15214,
                        15225,
                        15256,
                        15260,
                        15270,
                        15279,
                        15282,
                        15284,
                        15291,
                        15293,
                        15296,
                        15305,
                        15308,
                        15323,
                        15340,
                        15353,
                        15360,
                        15365,
                        15367,
                        15370,
                        15371,
                        15376,
                        15394,
                        15398,
                        15412,
                        15413,
                        15425,
                        15428,
                        15429,
                        15434,
                        15442,
                        15455,
                        15460,
                        15462,
                        15463,
                        15493,
                        15495,
                        15500,
                        15514,
                        15518,
                        15526,
                        15536,
                        15549,
                        15556,
                        15569,
                        15582,
                        15583,
                        15595,
                        15612,
                        15616,
                        15619,
                        15626,
                        15627,
                        15628,
                        15645,
                        15650,
                        15661,
                        15670,
                        15683,
                        15688,
                        15701,
                        15703,
                        15707,
                        15712,
                        15731,
                        15740,
                        15746,
                        15748,
                        15749,
                        15753,
                        15754,
                        15759,
                        15762,
                        15767,
                        15774,
                        15778,
                        15793,
                        15802,
                        15812,
                        15826,
                        15831,
                        15838,
                        15840,
                        15842,
                        15844,
                        15845,
                        15854,
                        15861,
                        15878,
                        15881,
                        15882,
                        15905,
                        15906,
                        15907,
                        15914,
                        15926,
                        15929,
                        15932,
                        15947,
                        15955,
                        15960,
                        15962,
                        15969,
                        15977,
                        15994,
                        15999,
                        16000,
                        16008,
                        16022,
                        16023,
                        16032,
                        16038,
                        16039,
                        16046,
                        16062,
                        16079,
                        16087,
                        16098,
                        16115,
                        16128,
                        16133,
                        16152,
                        16165,
                        16174,
                        16177,
                        16195,
                        16197,
                        16201,
                        16208,
                        16218,
                        16219,
                        16232,
                        16235,
                        16237,
                        16253,
                        16255,
                        16258,
                        16262,
                        16278,
                        16286,
                        16287,
                        16303,
                        16352,
                        16354,
                        16362,
                        16378,
                        16379,
                        16385,
                        16398,
                        16399,
                        16401,
                        16407,
                        16413,
                        16414,
                        16416,
                        16423,
                        16427,
                        16439,
                        16445,
                        16450,
                        16471,
                        16474,
                        16481,
                        16499,
                        16502,
                        16503,
                        16507,
                        16548,
                        16554,
                        16578,
                        16579,
                        16588,
                        16590,
                        16605,
                        16607,
                        16608,
                        16612,
                        16631,
                        16638,
                        16639,
                        16644,
                        16652,
                        16653,
                        16657,
                        16659,
                        16660,
                        16661,
                        16670,
                        16676,
                        16677,
                        16680,
                        16698,
                        16700,
                        16719,
                        16724,
                        16735,
                        16742,
                        16744,
                        16746,
                        16747,
                        16749,
                        16750,
                        16758,
                        16766,
                        16770,
                        16772,
                        16778,
                        16790,
                        16793,
                        16795,
                        16797,
                        16810,
                        16818,
                        16825,
                        16828,
                        16831,
                        16833,
                        16837,
                        16849,
                        16852,
                        16876,
                        16889,
                        16899,
                        16908,
                        16909,
                        16916,
                        16917,
                        16920,
                        16921,
                        16923,
                        16928,
                        16962,
                        16966,
                        16982,
                        16999,
                        17024,
                        17028,
                        17035,
                        17060,
                        17068,
                        17083,
                        17085,
                        17095,
                        17108,
                        17110,
                        17145,
                        17179,
                        17180,
                        17213,
                        17215,
                        17220,
                        17221,
                        17224,
                        17226,
                        17228,
                        17235,
                        17248,
                        17249,
                        17254,
                        17256,
                        17260,
                        17270,
                        17281,
                        17284,
                        17290,
                        17302,
                        17303,
                        17305,
                        17312,
                        17316,
                        17331,
                        17332,
                        17340,
                        17347,
                        17366,
                        17372,
                        17374,
                        17376,
                        17377,
                        17385,
                        17390,
                        17401,
                        17429,
                        17454,
                        17457,
                        17469,
                        17488,
                        17490,
                        17495,
                        17504,
                        17505,
                        17535,
                        17543,
                        17547,
                        17555,
                        17556,
                        17572,
                        17584,
                        17586,
                        17601,
                        17632,
                        17652,
                        17664,
                        17676,
                        17687,
                        17690,
                        17693,
                        17698,
                        17699,
                        17702,
                        17728,
                        17731,
                        17733,
                        17737,
                        17740,
                        17746,
                        17748,
                        17749,
                        17751,
                        17763,
                        17789,
                        17803,
                        17815,
                        17817,
                        17819,
                        17829,
                        17843,
                        17848,
                        17855,
                        17867,
                        17875,
                        17878,
                        17884,
                        17886,
                        17891,
                        17899,
                        17901,
                        17903,
                        17906,
                        17916,
                        17921,
                        17934,
                        17942,
                        17945,
                        17956,
                        17963,
                        17966,
                        17981,
                        17982,
                        17983,
                        17984,
                        17985,
                        17992,
                        17996,
                        18002,
                        18009,
                        18032,
                        18037,
                        18053,
                        18057,
                        18060,
                        18071,
                        18078,
                        18086,
                        18096,
                        18135,
                        18136,
                        18138,
                        18151,
                        18177,
                        18180,
                        18183,
                        18192,
                        18196,
                        18199,
                        18204,
                        18212,
                        18232,
                        18234,
                        18239,
                        18249,
                        18258,
                        18259,
                        18262,
                        18265,
                        18266,
                        18289,
                        18300,
                        18312,
                        18315,
                        18318,
                        18323,
                        18336,
                        18338,
                        18341,
                        18350,
                        18363,
                        18374,
                        18375,
                        18381,
                        18383,
                        18395,
                        18399,
                        18400,
                        18411,
                        18415,
                        18416,
                        18421,
                        18428,
                        18431,
                        18437,
                        18449,
                        18460,
                        18465,
                        18482,
                        18488,
                        18490,
                        18493,
                        18504,
                        18528,
                        18531,
                        18535,
                        18537,
                        18549,
                        18551,
                        18552,
                        18562,
                        18569,
                        18576,
                        18577,
                        18599,
                        18607,
                        18608,
                        18611,
                        18612,
                        18629,
                        18633,
                        18636,
                        18639,
                        18640,
                        18653,
                        18666,
                        18667,
                        18679,
                        18686,
                        18696,
                        18712,
                        18725,
                        18729,
                        18743,
                        18744,
                        18772,
                        18774,
                        18779,
                        18781,
                        18792,
                        18796,
                        18801,
                        18808,
                        18821,
                        18825,
                        18836,
                        18848,
                        18851,
                        18856,
                        18860,
                        18861,
                        18866,
                        18869,
                        18881,
                        18886,
                        18902,
                        18909,
                        18924,
                        18926,
                        18934,
                        18935,
                        18938,
                        18946,
                        18949,
                        18969,
                        18971,
                        18980,
                        18995,
                        18998,
                        19019,
                        19025,
                        19028,
                        19034,
                        19035,
                        19039,
                        19043,
                        19050,
                        19055,
                        19064,
                        19072,
                        19073,
                        19081,
                        19104,
                        19107,
                        19109,
                        19120,
                        19132,
                        19150,
                        19153,
                        19162
                    ],
                    "inconsistent_record_example": "inconsistencies/age/child_MSP_example.csv"
                },
                {
                    "inconsistency_name": "adult_N",
                    "inconsistency_description": "Adults ( > 14) must specify values (other than N) for all adult features",
                    "inconsistency_features": [
                        "AGEP",
                        "MSP",
                        "PINCP",
                        "PINCP_DECILE",
                        "EDU",
                        "DPHY",
                        "DREM"
                    ],
                    "inconsistency_violations": 373,
                    "inconsistent_data_indexes": [
                        115,
                        120,
                        173,
                        228,
                        334,
                        451,
                        454,
                        459,
                        460,
                        491,
                        513,
                        604,
                        682,
                        697,
                        763,
                        791,
                        803,
                        866,
                        881,
                        919,
                        934,
                        941,
                        959,
                        973,
                        1032,
                        1168,
                        1244,
                        1255,
                        1287,
                        1304,
                        1351,
                        1359,
                        1360,
                        1383,
                        1400,
                        1409,
                        1476,
                        1513,
                        1519,
                        1599,
                        1700,
                        1737,
                        1777,
                        1842,
                        1846,
                        1889,
                        2027,
                        2043,
                        2083,
                        2102,
                        2115,
                        2181,
                        2184,
                        2225,
                        2340,
                        2407,
                        2410,
                        2492,
                        2506,
                        2517,
                        2597,
                        2615,
                        2631,
                        2636,
                        2694,
                        2712,
                        2775,
                        2809,
                        2835,
                        2880,
                        2895,
                        2909,
                        2915,
                        3036,
                        3054,
                        3057,
                        3094,
                        3132,
                        3157,
                        3248,
                        3430,
                        3471,
                        3540,
                        3545,
                        3594,
                        3596,
                        3621,
                        3638,
                        3673,
                        3695,
                        3705,
                        3734,
                        3865,
                        3885,
                        3944,
                        4014,
                        4093,
                        4112,
                        4115,
                        4131,
                        4188,
                        4206,
                        4208,
                        4307,
                        4410,
                        4460,
                        4471,
                        4563,
                        4579,
                        4615,
                        4678,
                        4685,
                        4777,
                        4796,
                        4857,
                        4897,
                        4904,
                        4936,
                        4953,
                        4964,
                        5044,
                        5110,
                        5159,
                        5169,
                        5187,
                        5223,
                        5236,
                        5265,
                        5295,
                        5309,
                        5312,
                        5319,
                        5339,
                        5346,
                        5381,
                        5426,
                        5582,
                        5706,
                        5721,
                        5734,
                        5740,
                        5761,
                        5772,
                        5871,
                        5895,
                        5999,
                        6003,
                        6023,
                        6024,
                        6061,
                        6064,
                        6113,
                        6158,
                        6172,
                        6213,
                        6286,
                        6377,
                        6388,
                        6452,
                        6487,
                        6505,
                        6506,
                        6517,
                        6574,
                        6575,
                        6579,
                        6618,
                        6619,
                        6624,
                        6687,
                        6739,
                        6774,
                        6919,
                        6926,
                        7096,
                        7122,
                        7254,
                        7283,
                        7307,
                        7327,
                        7393,
                        7396,
                        7400,
                        7453,
                        7458,
                        7552,
                        7581,
                        7600,
                        7620,
                        7638,
                        7784,
                        7813,
                        7881,
                        7936,
                        8058,
                        8165,
                        8191,
                        8273,
                        8307,
                        8402,
                        8422,
                        8424,
                        8459,
                        8466,
                        8509,
                        8527,
                        8533,
                        8543,
                        8582,
                        8668,
                        8676,
                        8687,
                        8711,
                        8805,
                        8835,
                        8853,
                        8894,
                        8898,
                        8901,
                        8939,
                        9020,
                        9069,
                        9078,
                        9090,
                        9133,
                        9169,
                        9171,
                        9173,
                        9327,
                        9401,
                        9462,
                        9484,
                        9595,
                        9658,
                        9741,
                        9772,
                        9797,
                        9809,
                        9813,
                        9865,
                        9880,
                        9904,
                        9924,
                        9988,
                        10039,
                        10141,
                        10160,
                        10187,
                        10241,
                        10265,
                        10269,
                        10271,
                        10337,
                        10361,
                        10421,
                        10488,
                        10511,
                        10538,
                        10547,
                        10591,
                        10593,
                        10615,
                        10755,
                        10767,
                        10850,
                        10853,
                        10870,
                        10878,
                        10948,
                        10954,
                        11038,
                        11043,
                        11104,
                        11107,
                        11128,
                        11175,
                        11186,
                        11191,
                        11234,
                        11249,
                        11271,
                        11318,
                        11396,
                        11424,
                        11590,
                        11593,
                        11612,
                        11683,
                        11767,
                        11825,
                        11905,
                        11916,
                        11919,
                        11920,
                        11946,
                        11983,
                        11994,
                        12043,
                        12049,
                        12149,
                        12209,
                        12247,
                        12370,
                        12412,
                        12458,
                        12464,
                        12491,
                        12493,
                        12522,
                        12630,
                        12653,
                        12708,
                        12727,
                        12746,
                        12796,
                        12865,
                        12872,
                        12878,
                        12995,
                        13011,
                        13023,
                        13083,
                        13103,
                        13109,
                        13113,
                        13134,
                        13174,
                        13175,
                        13322,
                        13437,
                        13452,
                        13453,
                        13454,
                        13497,
                        13501,
                        13533,
                        13592,
                        13653,
                        13710,
                        13718,
                        13722,
                        13779,
                        13880,
                        13941,
                        14010,
                        14013,
                        14058,
                        14216,
                        14262,
                        14277,
                        14325,
                        14332,
                        14335,
                        14358,
                        14390,
                        14393,
                        14458,
                        14464,
                        14525,
                        14568,
                        14580,
                        14584,
                        14651,
                        14664,
                        14682,
                        14743,
                        14745,
                        14791,
                        14797,
                        14828,
                        14853,
                        14858,
                        14897
                    ],
                    "inconsistent_record_example": "inconsistencies/age/adult_N_example.csv"
                }
            ]
        },
        "work": {
            "title": "Work-Based Inconsistencies",
            "description": "These inconsistencies deal with the work and finance features; records with work-based inconsistencies might have high incomes while being in poverty, or have conflicts between their industry code and industry category.",
            "inconsistencies": []
        },
        "housing": {
            "title": "Housing-Based Inconsistencies",
            "description": "These inconsistencies deal with housing and family features; records with household-based inconsistencies might have more children in the house than the total household size, or be residents of group quarters (such as prison inmates) who are listed as owning their residences.",
            "inconsistencies": []
        },
        "summary": [
            {
                "Inconsistency Group": "Age",
                "Number of Records Inconsistent": 905,
                "Percent Records Inconsistent": 4.7
            },
            {
                "Inconsistency Group": "Work",
                "Number of Records Inconsistent": 0,
                "Percent Records Inconsistent": 0.0
            },
            {
                "Inconsistency Group": "Housing",
                "Number of Records Inconsistent": 0,
                "Percent Records Inconsistent": 0.0
            }
        ]
    },
    "unique_exact_matches": {
        "records matched in target data": 11766,
        "percent records matched in target data": 43.17,
        "unique target records": 23908,
        "percent unique target records": 87.73
    },
    "apparent_match_distribution": {
        "unique_matched_percents": "apparent_match_distribution/unique_matched_percents.csv",
        "plot": "apparent_match_distribution/apparent_match_distribution.jpg"
    },
    "created_on": "May 19, 2023 18:03:39"
}