{
    "data_description": {
        "target": {
            "filename": "national2019",
            "records": 27253,
            "features": 24
        },
        "deid": {
            "filename": "sarus_sdg_demographic_NicolasGrislain",
            "records": 27270,
            "features": 10,
            "labels": {
                "team": "Sarus",
                "submission timestamp": "3/31/2023 4:35:22",
                "target dataset": "national2019",
                "feature set": "demographic-focused",
                "algorithm name": "Sarus SDG",
                "variant label": "sarus",
                "epsilon": "10",
                "delta": "10^(-5)",
                "submission number": 1,
                "privacy": "Differential Privacy",
                "library": "Sarus SDG"
            },
            "validations": {
                "values_out_of_bound": {}
            }
        },
        "features": [
            {
                "Feature Name": "AGEP",
                "Feature Description": "Person's age",
                "Feature Type": "int64",
                "Feature Has 'N' (N/A) values?": false
            },
            {
                "Feature Name": "SEX",
                "Feature Description": "Person's gender",
                "Feature Type": "int64",
                "Feature Has 'N' (N/A) values?": false
            },
            {
                "Feature Name": "MSP",
                "Feature Description": "Marital Status",
                "Feature Type": "object of type string",
                "Feature Has 'N' (N/A) values?": true
            },
            {
                "Feature Name": "RAC1P",
                "Feature Description": "Person's Race",
                "Feature Type": "int64",
                "Feature Has 'N' (N/A) values?": false
            },
            {
                "Feature Name": "HOUSING_TYPE",
                "Feature Description": "Housing unit or group quarters",
                "Feature Type": "int64",
                "Feature Has 'N' (N/A) values?": false
            },
            {
                "Feature Name": "OWN_RENT",
                "Feature Description": "Housing unit rented or owned",
                "Feature Type": "int64",
                "Feature Has 'N' (N/A) values?": false
            },
            {
                "Feature Name": "EDU",
                "Feature Description": "Educational attainment",
                "Feature Type": "object of type string",
                "Feature Has 'N' (N/A) values?": true
            },
            {
                "Feature Name": "PINCP_DECILE",
                "Feature Description": "Person's total income rank (with respect to their state) discretized into 10% bins.",
                "Feature Type": "object of type string",
                "Feature Has 'N' (N/A) values?": true
            },
            {
                "Feature Name": "DVET",
                "Feature Description": "Veteran service connected disability rating (percentage)",
                "Feature Type": "object of type string",
                "Feature Has 'N' (N/A) values?": true
            },
            {
                "Feature Name": "DEYE",
                "Feature Description": "Vision difficulty",
                "Feature Type": "int32",
                "Feature Has 'N' (N/A) values?": false
            }
        ]
    },
    "Univariate": {
        "divergence": "univariate/divergence.csv",
        "counts": {
            "AGEP": {
                "counts": "univariate/AGEP_counts.csv",
                "plot": "univariate/AGEP.jpg"
            },
            "PINCP_DECILE": {
                "counts": "univariate/PINCP_DECILE_counts.csv",
                "plot": "univariate/PINCP_DECILE.jpg"
            },
            "EDU": {
                "counts": "univariate/EDU_counts.csv",
                "plot": "univariate/EDU.jpg"
            },
            "MSP": {
                "counts": "univariate/MSP_counts.csv",
                "plot": "univariate/MSP.jpg"
            },
            "SEX": {
                "counts": "univariate/SEX_counts.csv",
                "plot": "univariate/SEX.jpg"
            },
            "OWN_RENT": {
                "counts": "univariate/OWN_RENT_counts.csv",
                "plot": "univariate/OWN_RENT.jpg"
            },
            "RAC1P": {
                "counts": "univariate/RAC1P_counts.csv",
                "plot": "univariate/RAC1P.jpg"
            },
            "HOUSING_TYPE": {
                "counts": "univariate/HOUSING_TYPE_counts.csv",
                "plot": "univariate/HOUSING_TYPE.jpg"
            },
            "DEYE": {
                "counts": "univariate/DEYE_counts.csv",
                "plot": "univariate/DEYE.jpg"
            },
            "DVET": {
                "counts": "univariate/DVET_counts.csv",
                "plot": "univariate/DVET.jpg"
            }
        }
    },
    "Correlations": {
        "kendall correlation difference": {
            "correlation_difference": "correlation_difference/correlation_difference.csv",
            "plot": "correlation_difference/corr_diff.jpg"
        },
        "pearson correlation difference": {
            "correlation_difference": "pearson_correlation/correlation_difference.csv",
            "plot": "pearson_correlation/pearson_corr_diff.jpg"
        }
    },
    "k_marginal": {
        "k_marginal_synopsys": {
            "subsample_error_comparison": "k_marginal_synopsys/subsample_error_comparison.csv",
            "k_marginal_score": 947
        }
    },
    "propensity mean square error": {
        "pmse_score": 0.009842351234505253,
        "propensity_distribution": "propensity/propensity_distribution.csv"
    },
    "linear_regression": {
        "total_population": {
            "target_counts": "linear_regression/total_population/target_counts.csv",
            "target_deidentified_counts_difference": "linear_regression/total_population/target_deidentified_counts_difference.csv",
            "target_deidentified_difference_plot": "linear_regression/total_population/density_plot.svg",
            "target_regression_slope_and_intercept": [
                0.63,
                -0.1
            ],
            "deidentified_regression_slope_and_intercept": [
                0.45,
                1.2
            ]
        },
        "white_men": {
            "target_counts": "linear_regression/white_men/target_counts.csv",
            "target_deidentified_counts_difference": "linear_regression/white_men/target_deidentified_counts_difference.csv",
            "target_deidentified_difference_plot": "linear_regression/white_men/density_plot.svg",
            "target_regression_slope_and_intercept": [
                0.68,
                0.39
            ],
            "deidentified_regression_slope_and_intercept": [
                0.48,
                1.43
            ]
        },
        "white_women": {
            "target_counts": "linear_regression/white_women/target_counts.csv",
            "target_deidentified_counts_difference": "linear_regression/white_women/target_deidentified_counts_difference.csv",
            "target_deidentified_difference_plot": "linear_regression/white_women/density_plot.svg",
            "target_regression_slope_and_intercept": [
                0.66,
                -0.6
            ],
            "deidentified_regression_slope_and_intercept": [
                0.42,
                1.65
            ]
        },
        "black_men": {
            "target_counts": "linear_regression/black_men/target_counts.csv",
            "target_deidentified_counts_difference": "linear_regression/black_men/target_deidentified_counts_difference.csv",
            "target_deidentified_difference_plot": "linear_regression/black_men/density_plot.svg",
            "target_regression_slope_and_intercept": [
                0.52,
                0.45
            ],
            "deidentified_regression_slope_and_intercept": [
                0.28,
                1.88
            ]
        },
        "black_women": {
            "target_counts": "linear_regression/black_women/target_counts.csv",
            "target_deidentified_counts_difference": "linear_regression/black_women/target_deidentified_counts_difference.csv",
            "target_deidentified_difference_plot": "linear_regression/black_women/density_plot.svg",
            "target_regression_slope_and_intercept": [
                0.51,
                0.3
            ],
            "deidentified_regression_slope_and_intercept": [
                0.31,
                1.5
            ]
        },
        "asian_men": {
            "target_counts": "linear_regression/asian_men/target_counts.csv",
            "target_deidentified_counts_difference": "linear_regression/asian_men/target_deidentified_counts_difference.csv",
            "target_deidentified_difference_plot": "linear_regression/asian_men/density_plot.svg",
            "target_regression_slope_and_intercept": [
                0.7,
                -0.68
            ],
            "deidentified_regression_slope_and_intercept": [
                0.56,
                0.62
            ]
        },
        "asian_women": {
            "target_counts": "linear_regression/asian_women/target_counts.csv",
            "target_deidentified_counts_difference": "linear_regression/asian_women/target_deidentified_counts_difference.csv",
            "target_deidentified_difference_plot": "linear_regression/asian_women/density_plot.svg",
            "target_regression_slope_and_intercept": [
                0.55,
                -0.19
            ],
            "deidentified_regression_slope_and_intercept": [
                0.49,
                1.2
            ]
        },
        "aiannh_men": {
            "target_counts": "linear_regression/aiannh_men/target_counts.csv",
            "target_deidentified_counts_difference": "linear_regression/aiannh_men/target_deidentified_counts_difference.csv",
            "target_deidentified_difference_plot": "linear_regression/aiannh_men/density_plot.svg",
            "target_regression_slope_and_intercept": [
                0.42,
                1.18
            ],
            "deidentified_regression_slope_and_intercept": [
                0.43,
                0.63
            ]
        },
        "aiannh_women": {
            "target_counts": "linear_regression/aiannh_women/target_counts.csv",
            "target_deidentified_counts_difference": "linear_regression/aiannh_women/target_deidentified_counts_difference.csv",
            "target_deidentified_difference_plot": "linear_regression/aiannh_women/density_plot.svg",
            "target_regression_slope_and_intercept": [
                0.54,
                -0.19
            ],
            "deidentified_regression_slope_and_intercept": [
                0.44,
                0.28
            ]
        }
    },
    "pca": {
        "components_eigenvector": "pca/components_eigenvector.csv",
        "target_all_components_plot": "pca/target.png",
        "deidentified_all_components_plot": "pca/deidentified.png",
        "highlighted_plots": {
            "MSP-MSP_N-Children (AGEP < 15)": [
                "pca/target_highlighted_MSP/MSP_N.png",
                "pca/deidentified_highlighted_MSP/MSP_N.png"
            ]
        }
    },
    "inconsistencies": {
        "age": {
            "title": "Age-Based Inconsistencies",
            "description": "These inconsistencies deal with the AGE feature; records with age-based inconsistencies might have children who are married, or infants with high school diplomas",
            "inconsistencies": [
                {
                    "inconsistency_name": "child_DVET",
                    "inconsistency_description": "Children (< 15) can't be disabled military veterans",
                    "inconsistency_features": [
                        "AGEP",
                        "DVET"
                    ],
                    "inconsistency_violations": 12,
                    "inconsistent_data_indexes": [
                        2780,
                        4587,
                        4728,
                        5955,
                        7420,
                        8559,
                        10794,
                        12213,
                        13606,
                        22288,
                        22302,
                        23766
                    ],
                    "inconsistent_record_example": "inconsistencies/age/child_DVET_example.csv"
                },
                {
                    "inconsistency_name": "child_MSP",
                    "inconsistency_description": "Children (< 15) can't be married",
                    "inconsistency_features": [
                        "AGEP",
                        "MSP"
                    ],
                    "inconsistency_violations": 126,
                    "inconsistent_data_indexes": [
                        66,
                        185,
                        256,
                        524,
                        628,
                        898,
                        918,
                        1470,
                        1542,
                        1631,
                        1738,
                        1780,
                        2031,
                        2230,
                        2342,
                        2416,
                        2420,
                        2608,
                        2736,
                        2803,
                        2876,
                        3256,
                        3954,
                        4272,
                        4626,
                        4860,
                        4945,
                        5011,
                        5016,
                        5248,
                        5268,
                        5406,
                        5695,
                        5951,
                        5953,
                        6235,
                        6555,
                        6656,
                        6823,
                        6916,
                        7361,
                        7533,
                        7965,
                        8092,
                        8307,
                        8510,
                        8623,
                        8682,
                        8886,
                        9135,
                        9182,
                        9398,
                        9616,
                        9703,
                        9892,
                        10055,
                        10276,
                        10416,
                        10690,
                        10976,
                        11345,
                        11892,
                        12059,
                        12645,
                        12952,
                        13592,
                        13657,
                        13919,
                        14322,
                        14769,
                        14826,
                        14943,
                        15023,
                        15098,
                        15112,
                        15252,
                        15329,
                        15799,
                        16193,
                        16360,
                        16801,
                        16972,
                        17419,
                        17427,
                        17436,
                        17498,
                        17874,
                        17920,
                        18051,
                        18420,
                        18637,
                        18761,
                        19125,
                        19262,
                        19945,
                        20106,
                        20251,
                        20490,
                        20838,
                        21352,
                        21357,
                        21442,
                        21611,
                        21776,
                        21784,
                        22442,
                        22570,
                        22877,
                        23073,
                        23117,
                        23342,
                        23721,
                        24019,
                        24022,
                        24674,
                        25319,
                        25497,
                        25613,
                        25628,
                        26041,
                        26090,
                        26286,
                        26419,
                        26637,
                        26867,
                        27065
                    ],
                    "inconsistent_record_example": "inconsistencies/age/child_MSP_example.csv"
                },
                {
                    "inconsistency_name": "child_PINCP_DECILE",
                    "inconsistency_description": "Children (< 15) don't have personal incomes",
                    "inconsistency_features": [
                        "AGEP",
                        "PINCP_DECILE"
                    ],
                    "inconsistency_violations": 149,
                    "inconsistent_data_indexes": [
                        185,
                        256,
                        524,
                        628,
                        898,
                        918,
                        1542,
                        1631,
                        1738,
                        1780,
                        1813,
                        2031,
                        2230,
                        2342,
                        2416,
                        2420,
                        2608,
                        2736,
                        2803,
                        3256,
                        4272,
                        4294,
                        4301,
                        4504,
                        4860,
                        4945,
                        5011,
                        5016,
                        5223,
                        5248,
                        5268,
                        5386,
                        5695,
                        5951,
                        5953,
                        6235,
                        6555,
                        6656,
                        6823,
                        6916,
                        7005,
                        7533,
                        7717,
                        7965,
                        7986,
                        8092,
                        8133,
                        8307,
                        8510,
                        8623,
                        8670,
                        8682,
                        8886,
                        9135,
                        9182,
                        9282,
                        9398,
                        9596,
                        9616,
                        9703,
                        9892,
                        10055,
                        10276,
                        10416,
                        10804,
                        10843,
                        10976,
                        11345,
                        11535,
                        11892,
                        12059,
                        12235,
                        12645,
                        12694,
                        12952,
                        13329,
                        13592,
                        13644,
                        13712,
                        13919,
                        14322,
                        14769,
                        14826,
                        14943,
                        15016,
                        15023,
                        15098,
                        15112,
                        15252,
                        15329,
                        15470,
                        15799,
                        16193,
                        16360,
                        16801,
                        16972,
                        17192,
                        17419,
                        17427,
                        17498,
                        17874,
                        17920,
                        18420,
                        18637,
                        19125,
                        19262,
                        19551,
                        19566,
                        19945,
                        20106,
                        20251,
                        20490,
                        20736,
                        20838,
                        21223,
                        21352,
                        21357,
                        21442,
                        21511,
                        21611,
                        21615,
                        21776,
                        21784,
                        22442,
                        22515,
                        22570,
                        22877,
                        23073,
                        23117,
                        23342,
                        23422,
                        23550,
                        23721,
                        24019,
                        24022,
                        24190,
                        24674,
                        24703,
                        25319,
                        25493,
                        25497,
                        25613,
                        25628,
                        26041,
                        26090,
                        26286,
                        26637,
                        26867,
                        26985
                    ],
                    "inconsistent_record_example": "inconsistencies/age/child_PINCP_DECILE_example.csv"
                },
                {
                    "inconsistency_name": "child_phd",
                    "inconsistency_description": "Children (< 15) don't have PhDs",
                    "inconsistency_features": [
                        "AGEP",
                        "EDU"
                    ],
                    "inconsistency_violations": 6,
                    "inconsistent_data_indexes": [
                        4399,
                        6567,
                        14535,
                        17885,
                        20396,
                        25190
                    ],
                    "inconsistent_record_example": "inconsistencies/age/child_phd_example.csv"
                },
                {
                    "inconsistency_name": "adult_N",
                    "inconsistency_description": "Adults ( > 14) must specify values (other than N) for all adult features",
                    "inconsistency_features": [
                        "AGEP",
                        "MSP",
                        "PINCP",
                        "PINCP_DECILE",
                        "EDU",
                        "DPHY",
                        "DREM"
                    ],
                    "inconsistency_violations": 43,
                    "inconsistent_data_indexes": [
                        61,
                        947,
                        1284,
                        2835,
                        3236,
                        4029,
                        5521,
                        5639,
                        6163,
                        7730,
                        11061,
                        11107,
                        12765,
                        14004,
                        14716,
                        15675,
                        15917,
                        15961,
                        16788,
                        16789,
                        16832,
                        16990,
                        17400,
                        17434,
                        17765,
                        18218,
                        18454,
                        18574,
                        19084,
                        20614,
                        20985,
                        21691,
                        22607,
                        22848,
                        23118,
                        23219,
                        23702,
                        23710,
                        23918,
                        25132,
                        25910,
                        26040,
                        26594
                    ],
                    "inconsistent_record_example": "inconsistencies/age/adult_N_example.csv"
                },
                {
                    "inconsistency_name": "toddler_diploma",
                    "inconsistency_description": "Toddlers (< 5) don't have high school diplomas",
                    "inconsistency_features": [
                        "AGEP",
                        "EDU"
                    ],
                    "inconsistency_violations": 11,
                    "inconsistent_data_indexes": [
                        450,
                        4399,
                        5362,
                        6567,
                        10843,
                        11739,
                        14535,
                        17885,
                        19908,
                        20396,
                        25190
                    ],
                    "inconsistent_record_example": "inconsistencies/age/toddler_diploma_example.csv"
                },
                {
                    "inconsistency_name": "infant_EDU",
                    "inconsistency_description": "Infants (< 3) aren't in school",
                    "inconsistency_features": [
                        "AGEP",
                        "EDU"
                    ],
                    "inconsistency_violations": 219,
                    "inconsistent_data_indexes": [
                        282,
                        372,
                        450,
                        589,
                        783,
                        914,
                        928,
                        1013,
                        1072,
                        1257,
                        1435,
                        1436,
                        1612,
                        1632,
                        2190,
                        2316,
                        2362,
                        2505,
                        3090,
                        3184,
                        3223,
                        3274,
                        3410,
                        3924,
                        3947,
                        4033,
                        4399,
                        4481,
                        4499,
                        4566,
                        4869,
                        5020,
                        5362,
                        5373,
                        5439,
                        5498,
                        5680,
                        5860,
                        5901,
                        6155,
                        6228,
                        6420,
                        6494,
                        6515,
                        6519,
                        6520,
                        6567,
                        7309,
                        7410,
                        7928,
                        8203,
                        8302,
                        8608,
                        8639,
                        8734,
                        8813,
                        8921,
                        8986,
                        9097,
                        9160,
                        9203,
                        9217,
                        9366,
                        9444,
                        9524,
                        9700,
                        9911,
                        10264,
                        10346,
                        10505,
                        10515,
                        10569,
                        10802,
                        10855,
                        10857,
                        11047,
                        11104,
                        11144,
                        11617,
                        11729,
                        11739,
                        12017,
                        12892,
                        12897,
                        12988,
                        13020,
                        13090,
                        13142,
                        13310,
                        13345,
                        13358,
                        13431,
                        13435,
                        13584,
                        13627,
                        14014,
                        14205,
                        14521,
                        14535,
                        14751,
                        15052,
                        15135,
                        15203,
                        15209,
                        15220,
                        15378,
                        15413,
                        15421,
                        16041,
                        16202,
                        16435,
                        16507,
                        16550,
                        16560,
                        16683,
                        16914,
                        16926,
                        17020,
                        17093,
                        17288,
                        17403,
                        17467,
                        17574,
                        17885,
                        17970,
                        18015,
                        18238,
                        18459,
                        18475,
                        18524,
                        18527,
                        18575,
                        18702,
                        18791,
                        18796,
                        18843,
                        19076,
                        19257,
                        19267,
                        19385,
                        19388,
                        19403,
                        19428,
                        19449,
                        19497,
                        19504,
                        19524,
                        19545,
                        19908,
                        19941,
                        20052,
                        20241,
                        20274,
                        20396,
                        20481,
                        20633,
                        20663,
                        20668,
                        20677,
                        20758,
                        21246,
                        21288,
                        21506,
                        21559,
                        21683,
                        21785,
                        22238,
                        22270,
                        22321,
                        22331,
                        22342,
                        22441,
                        22446,
                        22476,
                        22567,
                        22723,
                        22828,
                        23011,
                        23121,
                        23149,
                        23357,
                        23359,
                        23369,
                        23514,
                        23651,
                        23774,
                        23828,
                        23905,
                        24050,
                        24071,
                        24188,
                        24211,
                        24230,
                        24437,
                        24476,
                        24575,
                        24590,
                        24699,
                        24722,
                        24785,
                        24854,
                        25180,
                        25190,
                        25420,
                        25764,
                        26154,
                        26184,
                        26205,
                        26539,
                        26598,
                        26606,
                        26636,
                        26825,
                        26948,
                        27116,
                        27117,
                        27216,
                        27255,
                        27268
                    ],
                    "inconsistent_record_example": "inconsistencies/age/infant_EDU_example.csv"
                },
                {
                    "inconsistency_name": "gq_own_jail",
                    "inconsistency_description": "Inmates don't own jails, patients don't own hospitals: Group quarters residents aren't owners",
                    "inconsistency_features": [
                        "HOUSING_TYPE",
                        "OWN_RENT"
                    ],
                    "inconsistency_violations": 88,
                    "inconsistent_data_indexes": [
                        33,
                        377,
                        772,
                        807,
                        1252,
                        1266,
                        1783,
                        1945,
                        2568,
                        3714,
                        3845,
                        4504,
                        4615,
                        4659,
                        4943,
                        5006,
                        5088,
                        6298,
                        6496,
                        6579,
                        6776,
                        6875,
                        8118,
                        8529,
                        8707,
                        9159,
                        9221,
                        9968,
                        10144,
                        10778,
                        10853,
                        11949,
                        11975,
                        12156,
                        12724,
                        13521,
                        13703,
                        13825,
                        13930,
                        14056,
                        14138,
                        14225,
                        14366,
                        14439,
                        14450,
                        14471,
                        15112,
                        15153,
                        15193,
                        15587,
                        15728,
                        16452,
                        16735,
                        17049,
                        17147,
                        17170,
                        17499,
                        17916,
                        17954,
                        18290,
                        18638,
                        19759,
                        20008,
                        20286,
                        20533,
                        21372,
                        21429,
                        21553,
                        21712,
                        21742,
                        21907,
                        21966,
                        21973,
                        21978,
                        22051,
                        22345,
                        22596,
                        22945,
                        24007,
                        24335,
                        24693,
                        25472,
                        25633,
                        26015,
                        26588,
                        27010,
                        27070,
                        27231
                    ],
                    "inconsistent_record_example": "inconsistencies/work/gq_own_jail_example.csv"
                },
                {
                    "inconsistency_name": "gq_own_dorm",
                    "inconsistency_description": "Students don't own dorms, soldiers don't own barracks: Group quarters residents aren't owners",
                    "inconsistency_features": [
                        "HOUSING_TYPE",
                        "OWN_RENT"
                    ],
                    "inconsistency_violations": 23,
                    "inconsistent_data_indexes": [
                        265,
                        2087,
                        3439,
                        3548,
                        3765,
                        4265,
                        5486,
                        6033,
                        6429,
                        8431,
                        9472,
                        10075,
                        10388,
                        13519,
                        15448,
                        16408,
                        17232,
                        17500,
                        19528,
                        21483,
                        22045,
                        22733,
                        26391
                    ],
                    "inconsistent_record_example": "inconsistencies/work/gq_own_dorm_example.csv"
                },
                {
                    "inconsistency_name": "house_OWN_RENT",
                    "inconsistency_description": "Individuals who live in houses must specify if they rent or own",
                    "inconsistency_features": [
                        "HOUSING_TYPE",
                        "OWN_RENT"
                    ],
                    "inconsistency_violations": 211,
                    "inconsistent_data_indexes": [
                        2,
                        39,
                        51,
                        113,
                        214,
                        279,
                        502,
                        603,
                        644,
                        802,
                        835,
                        987,
                        996,
                        1146,
                        1213,
                        1262,
                        1295,
                        1343,
                        1402,
                        1432,
                        1515,
                        2117,
                        2170,
                        2298,
                        2309,
                        2380,
                        2388,
                        2452,
                        2457,
                        2492,
                        2501,
                        2592,
                        2593,
                        2716,
                        2756,
                        2782,
                        2833,
                        2952,
                        3308,
                        3392,
                        3488,
                        3598,
                        3885,
                        4097,
                        4101,
                        4287,
                        4789,
                        5027,
                        5032,
                        5093,
                        5506,
                        5640,
                        5647,
                        5670,
                        5857,
                        5884,
                        6013,
                        6168,
                        6242,
                        6453,
                        6609,
                        6695,
                        6834,
                        6915,
                        6992,
                        7015,
                        7138,
                        7174,
                        7433,
                        7773,
                        7877,
                        8125,
                        8339,
                        8369,
                        8446,
                        8526,
                        8589,
                        8833,
                        8866,
                        8959,
                        9529,
                        9621,
                        9691,
                        9843,
                        9882,
                        9951,
                        9970,
                        10037,
                        10129,
                        10212,
                        10222,
                        10562,
                        10762,
                        10951,
                        11294,
                        11415,
                        11450,
                        11583,
                        11658,
                        11667,
                        12009,
                        12177,
                        12391,
                        12449,
                        12873,
                        12982,
                        13017,
                        13479,
                        13539,
                        13572,
                        13941,
                        14054,
                        14068,
                        14261,
                        14476,
                        14494,
                        14510,
                        14634,
                        14644,
                        14668,
                        14898,
                        14976,
                        14979,
                        15008,
                        15454,
                        15673,
                        15727,
                        16031,
                        16272,
                        16281,
                        16407,
                        16612,
                        16649,
                        16753,
                        17373,
                        17566,
                        17592,
                        18105,
                        18207,
                        18292,
                        18309,
                        18344,
                        18516,
                        18598,
                        18802,
                        18864,
                        18903,
                        19018,
                        19058,
                        19212,
                        19330,
                        19371,
                        19392,
                        19520,
                        19639,
                        19882,
                        19936,
                        19984,
                        20058,
                        20212,
                        20654,
                        20781,
                        20790,
                        20848,
                        20891,
                        21048,
                        21091,
                        21142,
                        21332,
                        21345,
                        21458,
                        21485,
                        21536,
                        21580,
                        21665,
                        21737,
                        21880,
                        21972,
                        22032,
                        22417,
                        22490,
                        22498,
                        22550,
                        22732,
                        22876,
                        23075,
                        23142,
                        23373,
                        23377,
                        23394,
                        23493,
                        23949,
                        24031,
                        24139,
                        24510,
                        24551,
                        24642,
                        24883,
                        25078,
                        25109,
                        25455,
                        25657,
                        25663,
                        26102,
                        26296,
                        26358,
                        26653,
                        26720,
                        26878,
                        26942,
                        27006
                    ],
                    "inconsistent_record_example": "inconsistencies/work/house_OWN_RENT_example.csv"
                }
            ]
        },
        "work": {
            "title": "Work-Based Inconsistencies",
            "description": "These inconsistencies deal with the work and finance features; records with work-based inconsistencies might have high incomes while being in poverty, or have conflicts between their industry code and industry category.",
            "inconsistencies": []
        },
        "housing": {
            "title": "Housing-Based Inconsistencies",
            "description": "These inconsistencies deal with housing and family features; records with household-based inconsistencies might have more children in the house than the total household size, or be residents of group quarters (such as prison inmates) who are listed as owning their residences.",
            "inconsistencies": []
        },
        "summary": [
            {
                "Inconsistency Group": "Age",
                "Number of Records Inconsistent": 437,
                "Percent Records Inconsistent": 1.6
            },
            {
                "Inconsistency Group": "Work",
                "Number of Records Inconsistent": 0,
                "Percent Records Inconsistent": 0.0
            },
            {
                "Inconsistency Group": "Housing",
                "Number of Records Inconsistent": 322,
                "Percent Records Inconsistent": 1.2
            }
        ]
    },
    "unique_exact_matches": {
        "records matched in target data": 2087,
        "percent records matched in target data": 7.66,
        "unique target records": 14918,
        "percent unique target records": 54.74
    },
    "apparent_match_distribution": {
        "unique_matched_percents": "apparent_match_distribution/unique_matched_percents.csv",
        "plot": "apparent_match_distribution/apparent_match_distribution.jpg"
    },
    "created_on": "May 19, 2023 18:10:59"
}