SEX,MSP,RAC1P,OWN_RENT,PINCP_DECILE,EDU,HISP,PUMA,INDP_CAT
2.0,6,1.0,0.0,0,7,0.0,01-01301,N
2.0,6,1.0,0.0,0,7,0.0,01-01301,N
2.0,6,1.0,0.0,0,7,0.0,01-01301,N
2.0,6,1.0,0.0,0,7,0.0,01-01301,N
2.0,6,1.0,0.0,0,7,0.0,01-01301,N
2.0,6,1.0,0.0,0,7,0.0,01-01301,N
2.0,6,1.0,0.0,0,7,0.0,01-01301,N
2.0,6,1.0,0.0,0,7,0.0,01-01301,N
2.0,6,1.0,0.0,0,7,0.0,01-01301,N
2.0,6,1.0,0.0,0,7,0.0,01-01301,N
2.0,6,1.0,0.0,0,7,0.0,01-01301,N
2.0,6,1.0,0.0,0,7,0.0,01-01301,N
1.0,1,6.0,1.0,9,9,0.0,06-08507,4
1.0,6,1.0,2.0,8,9,0.0,06-07502,10
1.0,1,6.0,1.0,9,10,0.0,06-08507,4
1.0,6,1.0,2.0,9,9,0.0,06-07502,10
1.0,1,1.0,1.0,9,9,0.0,06-08507,10
1.0,6,1.0,2.0,8,9,0.0,06-07502,10
2.0,1,6.0,1.0,0,9,0.0,06-08507,N
2.0,1,6.0,1.0,9,10,0.0,06-08507,4
2.0,6,6.0,1.0,0,4,0.0,06-08507,N
2.0,6,6.0,1.0,0,4,0.0,06-08507,N
1.0,1,1.0,1.0,9,9,0.0,06-08507,10
2.0,1,6.0,1.0,9,10,0.0,06-08507,4
1.0,1,1.0,1.0,9,9,0.0,06-08507,10
2.0,1,6.0,1.0,9,10,0.0,06-08507,4
1.0,1,6.0,1.0,9,9,0.0,06-08507,4
2.0,6,6.0,1.0,0,4,0.0,06-08507,N
1.0,1,6.0,1.0,9,10,0.0,06-08507,10
2.0,6,6.0,1.0,0,4,0.0,06-08507,N
1.0,6,1.0,2.0,9,9,0.0,06-07502,10
1.0,6,1.0,2.0,8,9,0.0,06-07502,10
1.0,1,6.0,1.0,9,9,0.0,06-08507,4
1.0,6,6.0,1.0,0,4,0.0,06-08507,N
1.0,1,6.0,1.0,9,10,0.0,06-08507,10
2.0,1,6.0,1.0,9,10,0.0,06-08507,4
2.0,6,6.0,1.0,0,4,0.0,06-08507,N
1.0,1,6.0,1.0,9,10,0.0,06-08507,10
2.0,1,6.0,1.0,0,9,0.0,06-08507,N
1.0,6,6.0,1.0,0,4,0.0,06-08507,N
1.0,1,6.0,1.0,9,9,0.0,06-08507,4
1.0,6,1.0,2.0,9,9,0.0,06-07502,10
1.0,1,6.0,1.0,9,9,0.0,06-08507,4
2.0,1,6.0,1.0,0,9,0.0,06-08507,N
1.0,6,1.0,2.0,8,9,0.0,06-07502,10
1.0,1,6.0,1.0,9,9,0.0,06-08507,4
1.0,1,6.0,1.0,9,10,0.0,06-08507,10
1.0,6,6.0,1.0,0,4,0.0,06-08507,N
1.0,1,6.0,1.0,9,10,0.0,06-08507,4
2.0,6,6.0,1.0,0,4,0.0,06-08507,N
1.0,1,1.0,1.0,9,9,0.0,06-08507,10
1.0,1,6.0,1.0,9,10,0.0,06-08507,4
2.0,6,6.0,1.0,0,4,0.0,06-08507,N
1.0,1,6.0,1.0,9,10,0.0,06-08507,4
1.0,1,6.0,1.0,9,10,0.0,06-08507,10
1.0,6,6.0,1.0,0,4,0.0,06-08507,N
1.0,1,6.0,1.0,9,10,0.0,06-08507,10
1.0,1,1.0,1.0,9,9,0.0,06-08507,10
1.0,6,1.0,2.0,8,9,0.0,06-07502,10
1.0,1,6.0,1.0,9,9,0.0,06-08507,4
1.0,6,6.0,1.0,0,4,0.0,06-08507,N
1.0,1,6.0,1.0,9,10,0.0,06-08507,4
1.0,1,1.0,1.0,9,9,0.0,06-08507,10
1.0,6,1.0,2.0,8,9,0.0,06-07502,10
2.0,1,6.0,1.0,0,9,0.0,06-08507,N
1.0,1,6.0,1.0,9,10,0.0,06-08507,10
2.0,6,6.0,1.0,0,4,0.0,06-08507,N
1.0,6,6.0,1.0,0,4,0.0,06-08507,N
2.0,1,6.0,1.0,9,10,0.0,06-08507,4
1.0,6,6.0,1.0,0,4,0.0,06-08507,N
2.0,1,6.0,1.0,9,10,0.0,06-08507,4
1.0,1,6.0,1.0,9,10,0.0,06-08507,4
1.0,6,1.0,2.0,8,9,0.0,06-07502,10
2.0,6,6.0,1.0,0,4,0.0,06-08507,N
1.0,1,6.0,1.0,9,10,0.0,06-08507,4
1.0,1,6.0,1.0,9,9,0.0,06-08507,4
1.0,6,6.0,1.0,0,4,0.0,06-08507,N
1.0,1,1.0,1.0,9,9,0.0,06-08507,10
2.0,1,6.0,1.0,9,10,0.0,06-08507,4
1.0,1,6.0,1.0,9,9,0.0,06-08507,4
1.0,1,6.0,1.0,9,10,0.0,06-08507,10
1.0,1,6.0,1.0,9,10,0.0,06-08507,10
1.0,1,6.0,1.0,9,10,0.0,06-08507,4
1.0,1,6.0,1.0,9,9,0.0,06-08507,4
1.0,6,1.0,2.0,9,9,0.0,06-07502,10
1.0,1,6.0,1.0,9,10,0.0,06-08507,4
1.0,6,6.0,1.0,0,4,0.0,06-08507,N
1.0,6,1.0,2.0,9,9,0.0,06-07502,10
1.0,6,1.0,2.0,9,9,0.0,06-07502,10
2.0,1,6.0,1.0,0,9,0.0,06-08507,N
2.0,6,6.0,1.0,0,4,0.0,06-08507,N
1.0,6,1.0,2.0,9,9,0.0,06-07502,10
1.0,1,6.0,1.0,9,10,0.0,06-08507,4
1.0,6,6.0,1.0,0,4,0.0,06-08507,N
1.0,6,1.0,2.0,9,9,0.0,06-07502,10
1.0,1,6.0,1.0,9,10,0.0,06-08507,4
2.0,1,6.0,1.0,9,10,0.0,06-08507,4
2.0,6,6.0,1.0,0,4,0.0,06-08507,N
1.0,6,1.0,2.0,9,9,0.0,06-07502,10
2.0,1,6.0,1.0,0,9,0.0,06-08507,N
2.0,1,6.0,1.0,0,9,0.0,06-08507,N
1.0,6,1.0,2.0,9,9,0.0,06-07502,10
1.0,6,6.0,1.0,0,4,0.0,06-08507,N
2.0,1,6.0,1.0,0,9,0.0,06-08507,N
2.0,1,6.0,1.0,9,10,0.0,06-08507,4
1.0,1,6.0,1.0,9,10,0.0,06-08507,10
2.0,6,6.0,1.0,0,4,0.0,06-08507,N
1.0,6,1.0,2.0,9,9,0.0,06-07502,10
2.0,1,6.0,1.0,0,9,0.0,06-08507,N
1.0,1,6.0,1.0,9,10,0.0,06-08507,4
1.0,1,6.0,1.0,9,10,0.0,06-08507,10
2.0,1,6.0,1.0,0,9,0.0,06-08507,N
2.0,1,6.0,1.0,9,10,0.0,06-08507,4
1.0,6,6.0,1.0,0,4,0.0,06-08507,N
2.0,6,6.0,1.0,0,4,0.0,06-08507,N
2.0,1,6.0,1.0,9,10,0.0,06-08507,4
1.0,6,1.0,2.0,8,9,0.0,06-07502,10
1.0,6,1.0,2.0,8,9,0.0,06-07502,10
1.0,1,6.0,1.0,9,10,0.0,06-08507,10
1.0,1,6.0,1.0,9,10,0.0,06-08507,4
1.0,1,6.0,1.0,9,9,0.0,06-08507,4
2.0,1,6.0,1.0,0,9,0.0,06-08507,N
1.0,6,1.0,2.0,8,9,0.0,06-07502,10
1.0,6,1.0,2.0,9,9,0.0,06-07502,10
1.0,1,6.0,1.0,9,10,0.0,06-08507,4
1.0,1,1.0,1.0,9,9,0.0,06-08507,10
1.0,6,1.0,2.0,8,9,0.0,06-07502,10
1.0,1,6.0,1.0,9,10,0.0,06-08507,10
1.0,1,1.0,1.0,9,9,0.0,06-08507,10
1.0,6,6.0,1.0,0,4,0.0,06-08507,N
1.0,1,1.0,1.0,9,9,0.0,06-08507,10
1.0,6,1.0,2.0,9,9,0.0,06-07502,10
1.0,6,1.0,2.0,9,9,0.0,06-07502,10
1.0,1,6.0,1.0,9,9,0.0,06-08507,4
1.0,6,6.0,1.0,0,4,0.0,06-08507,N
1.0,1,6.0,1.0,9,10,0.0,06-08507,10
2.0,6,6.0,1.0,0,4,0.0,06-08507,N
1.0,6,1.0,2.0,9,9,0.0,06-07502,10
2.0,1,6.0,1.0,0,9,0.0,06-08507,N
2.0,6,6.0,1.0,0,4,0.0,06-08507,N
1.0,6,1.0,2.0,8,9,0.0,06-07502,10
1.0,1,6.0,1.0,9,10,0.0,06-08507,4
1.0,6,1.0,2.0,9,9,0.0,06-07502,10
1.0,1,1.0,1.0,9,9,0.0,06-08507,10
1.0,6,1.0,2.0,9,9,0.0,06-07502,10
2.0,1,6.0,1.0,9,10,0.0,06-08507,4
1.0,1,1.0,1.0,9,9,0.0,06-08507,10
2.0,6,1.0,0.0,1,7,0.0,08-00803,14
2.0,6,1.0,0.0,1,7,0.0,08-00803,14
2.0,6,1.0,0.0,1,7,0.0,08-00803,14
2.0,6,1.0,0.0,1,7,0.0,08-00803,14
2.0,6,1.0,0.0,1,7,0.0,08-00803,14
2.0,6,1.0,0.0,1,7,0.0,08-00803,14
2.0,6,1.0,0.0,1,7,0.0,08-00803,14
2.0,6,1.0,0.0,1,7,0.0,08-00803,14
2.0,6,1.0,0.0,1,7,0.0,08-00803,14
2.0,6,1.0,0.0,1,7,0.0,08-00803,14
2.0,6,1.0,0.0,1,7,0.0,08-00803,14
2.0,6,1.0,0.0,1,7,0.0,08-00803,14
2.0,6,1.0,0.0,1,7,0.0,08-00803,14
2.0,6,1.0,0.0,1,7,0.0,08-00803,14
1.0,6,1.0,2.0,1,7,0.0,08-00803,6
1.0,1,1.0,1.0,9,9,0.0,08-00803,10
1.0,6,1.0,2.0,1,7,0.0,08-00803,6
1.0,1,1.0,1.0,9,9,0.0,08-00803,10
1.0,1,1.0,1.0,9,9,0.0,08-00803,10
1.0,1,1.0,1.0,9,9,0.0,08-00803,10
1.0,1,1.0,1.0,9,9,0.0,08-00803,10
1.0,1,1.0,1.0,9,9,0.0,08-00803,10
1.0,6,1.0,2.0,1,7,0.0,08-00803,6
1.0,6,1.0,2.0,1,7,0.0,08-00803,6
1.0,1,1.0,1.0,9,9,0.0,08-00803,10
1.0,1,1.0,1.0,9,9,0.0,08-00803,10
1.0,6,1.0,2.0,1,7,0.0,08-00803,6
1.0,1,1.0,1.0,9,9,0.0,08-00803,10
1.0,1,1.0,1.0,9,9,0.0,08-00803,10
1.0,6,1.0,2.0,1,7,0.0,08-00803,6
1.0,6,1.0,2.0,1,7,0.0,08-00803,6
1.0,6,1.0,2.0,1,7,0.0,08-00803,6
1.0,1,1.0,1.0,9,9,0.0,08-00803,10
1.0,6,1.0,2.0,1,7,0.0,08-00803,6
1.0,6,1.0,2.0,1,7,0.0,08-00803,6
1.0,1,1.0,1.0,9,9,0.0,08-00803,10
1.0,1,1.0,1.0,9,9,0.0,08-00803,10
1.0,6,1.0,2.0,1,7,0.0,08-00803,6
1.0,6,1.0,2.0,1,7,0.0,08-00803,6
1.0,1,1.0,1.0,9,9,0.0,08-00803,10
1.0,6,1.0,2.0,1,7,0.0,08-00803,6
2.0,6,1.0,0.0,0,7,0.0,13-04600,N
2.0,6,1.0,0.0,0,7,0.0,13-04600,N
1.0,6,2.0,0.0,0,7,0.0,13-04600,N
2.0,6,2.0,0.0,0,7,0.0,13-04600,N
1.0,6,2.0,0.0,0,7,0.0,13-04600,N
1.0,6,1.0,0.0,0,7,0.0,13-04600,N
2.0,6,2.0,0.0,0,7,0.0,13-04600,N
1.0,6,2.0,0.0,0,7,0.0,13-04600,N
2.0,6,2.0,0.0,0,7,0.0,13-04600,N
1.0,6,2.0,0.0,0,7,0.0,13-04600,N
1.0,6,1.0,0.0,0,7,0.0,13-04600,N
1.0,6,1.0,0.0,0,7,0.0,13-04600,N
1.0,6,2.0,0.0,0,7,0.0,13-04600,N
1.0,6,2.0,0.0,0,7,0.0,13-04600,N
2.0,6,2.0,0.0,0,7,0.0,13-04600,N
2.0,6,2.0,0.0,0,7,0.0,13-04600,N
1.0,6,1.0,0.0,0,7,0.0,13-04600,N
1.0,6,1.0,0.0,0,7,0.0,13-04600,N
1.0,6,2.0,0.0,0,7,0.0,13-04600,N
2.0,6,2.0,0.0,0,7,0.0,13-04600,N
1.0,6,2.0,0.0,0,7,0.0,13-04600,N
1.0,6,1.0,0.0,0,7,0.0,13-04600,N
1.0,6,1.0,0.0,0,7,0.0,13-04600,N
2.0,6,2.0,0.0,0,7,0.0,13-04600,N
1.0,6,2.0,0.0,0,7,0.0,13-04600,N
1.0,6,1.0,0.0,0,7,0.0,13-04600,N
1.0,6,2.0,0.0,0,7,0.0,13-04600,N
1.0,6,2.0,0.0,0,7,0.0,13-04600,N
1.0,6,1.0,0.0,0,7,0.0,13-04600,N
2.0,6,1.0,0.0,0,7,0.0,13-04600,N
1.0,6,1.0,0.0,0,7,0.0,13-04600,N
1.0,6,2.0,0.0,0,7,0.0,13-04600,N
1.0,6,2.0,0.0,0,7,0.0,13-04600,N
2.0,6,2.0,0.0,0,7,0.0,13-04600,N
2.0,6,2.0,0.0,0,7,0.0,13-04600,N
2.0,6,2.0,0.0,0,7,0.0,13-04600,N
2.0,6,1.0,0.0,0,7,0.0,13-04600,N
2.0,6,2.0,0.0,0,7,0.0,13-04600,N
2.0,6,2.0,0.0,0,7,0.0,13-04600,N
1.0,6,1.0,0.0,0,7,0.0,13-04600,N
1.0,6,1.0,0.0,0,7,0.0,13-04600,N
2.0,6,2.0,0.0,0,7,0.0,13-04600,N
1.0,6,2.0,0.0,0,7,0.0,13-04600,N
1.0,6,2.0,0.0,0,7,0.0,13-04600,N
1.0,6,1.0,0.0,0,7,0.0,13-04600,N
2.0,6,2.0,0.0,0,7,0.0,13-04600,N
2.0,6,2.0,0.0,0,7,0.0,13-04600,N
1.0,6,2.0,0.0,0,7,0.0,13-04600,N
1.0,6,2.0,0.0,0,7,0.0,13-04600,N
1.0,6,2.0,0.0,0,7,0.0,13-04600,N
1.0,6,2.0,0.0,0,7,0.0,13-04600,N
2.0,6,2.0,0.0,0,7,0.0,13-04600,N
2.0,6,2.0,0.0,0,7,0.0,13-04600,N
1.0,6,2.0,0.0,0,7,0.0,13-04600,N
2.0,6,1.0,0.0,0,7,0.0,13-04600,N
2.0,6,2.0,0.0,0,7,0.0,13-04600,N
1.0,6,2.0,0.0,0,7,0.0,13-04600,N
1.0,6,1.0,0.0,0,7,0.0,13-04600,N
1.0,6,1.0,0.0,0,7,0.0,13-04600,N
1.0,6,2.0,0.0,0,7,0.0,13-04600,N
1.0,6,2.0,0.0,0,7,0.0,13-04600,N
2.0,6,1.0,0.0,0,7,0.0,13-04600,N
1.0,6,2.0,0.0,0,7,0.0,13-04600,N
1.0,6,2.0,0.0,0,7,0.0,13-04600,N
2.0,6,2.0,0.0,0,7,0.0,13-04600,N
2.0,6,2.0,0.0,0,7,0.0,13-04600,N
2.0,6,2.0,0.0,0,7,0.0,13-04600,N
1.0,6,2.0,0.0,0,7,0.0,13-04600,N
1.0,6,1.0,0.0,0,7,0.0,13-04600,N
2.0,6,2.0,0.0,0,7,0.0,13-04600,N
2.0,6,1.0,0.0,0,7,0.0,13-04600,N
2.0,6,1.0,0.0,0,7,0.0,13-04600,N
2.0,6,1.0,0.0,0,7,0.0,13-04600,N
1.0,6,1.0,0.0,0,7,0.0,13-04600,N
1.0,6,2.0,0.0,0,7,0.0,13-04600,N
1.0,6,2.0,0.0,0,7,0.0,13-04600,N
2.0,6,2.0,0.0,0,7,0.0,13-04600,N
1.0,6,2.0,0.0,0,7,0.0,13-04600,N
2.0,6,2.0,0.0,0,7,0.0,13-04600,N
1.0,6,1.0,0.0,0,7,0.0,13-04600,N
2.0,6,1.0,0.0,0,7,0.0,13-04600,N
1.0,6,2.0,0.0,0,7,0.0,13-04600,N
2.0,6,2.0,0.0,0,7,0.0,13-04600,N
1.0,6,2.0,0.0,0,7,0.0,13-04600,N
2.0,6,2.0,0.0,0,7,0.0,13-04600,N
1.0,6,1.0,0.0,0,7,0.0,13-04600,N
1.0,6,1.0,0.0,0,7,0.0,13-04600,N
2.0,6,2.0,0.0,0,7,0.0,13-04600,N
2.0,6,2.0,0.0,0,7,0.0,13-04600,N
1.0,6,2.0,0.0,0,7,0.0,13-04600,N
1.0,6,2.0,0.0,0,7,0.0,13-04600,N
2.0,6,2.0,0.0,0,7,0.0,13-04600,N
1.0,6,2.0,0.0,0,7,0.0,13-04600,N
2.0,6,1.0,0.0,0,7,0.0,13-04600,N
1.0,6,2.0,0.0,0,7,0.0,13-04600,N
1.0,6,1.0,0.0,0,7,0.0,13-04600,N
2.0,6,2.0,0.0,0,7,0.0,13-04600,N
1.0,6,1.0,0.0,0,7,0.0,13-04600,N
2.0,6,2.0,0.0,0,7,0.0,13-04600,N
2.0,6,1.0,0.0,0,7,0.0,13-04600,N
2.0,6,2.0,0.0,0,7,0.0,13-04600,N
1.0,6,2.0,0.0,0,7,0.0,13-04600,N
2.0,6,1.0,0.0,0,7,0.0,13-04600,N
2.0,6,2.0,0.0,0,7,0.0,13-04600,N
2.0,6,2.0,0.0,0,7,0.0,13-04600,N
2.0,6,1.0,0.0,0,7,0.0,13-04600,N
1.0,6,1.0,0.0,0,7,0.0,13-04600,N
2.0,6,2.0,0.0,0,7,0.0,13-04600,N
2.0,6,1.0,0.0,0,7,0.0,13-04600,N
2.0,6,1.0,0.0,0,7,0.0,13-04600,N
2.0,6,1.0,0.0,0,7,0.0,13-04600,N
1.0,6,2.0,0.0,0,7,0.0,13-04600,N
2.0,6,2.0,0.0,0,7,0.0,13-04600,N
1.0,6,2.0,0.0,0,7,0.0,13-04600,N
1.0,6,2.0,0.0,0,7,0.0,13-04600,N
2.0,6,2.0,0.0,0,7,0.0,13-04600,N
2.0,6,2.0,0.0,0,7,0.0,13-04600,N
2.0,6,2.0,0.0,0,7,0.0,13-04600,N
2.0,6,2.0,0.0,0,7,0.0,13-04600,N
2.0,6,1.0,0.0,0,7,0.0,13-04600,N
1.0,6,1.0,0.0,0,7,0.0,13-04600,N
2.0,6,2.0,0.0,0,7,0.0,13-04600,N
2.0,6,2.0,0.0,0,7,0.0,13-04600,N
2.0,6,1.0,0.0,0,7,0.0,13-04600,N
2.0,6,2.0,0.0,0,7,0.0,13-04600,N
1.0,6,2.0,0.0,0,7,0.0,13-04600,N
2.0,6,2.0,0.0,0,7,0.0,13-04600,N
1.0,6,2.0,0.0,0,7,0.0,13-04600,N
2.0,6,2.0,0.0,0,7,0.0,13-04600,N
1.0,6,2.0,0.0,0,7,0.0,13-04600,N
2.0,6,2.0,0.0,0,7,0.0,13-04600,N
1.0,6,2.0,0.0,0,7,0.0,13-04600,N
1.0,6,2.0,0.0,0,7,0.0,13-04600,N
2.0,6,1.0,0.0,0,7,0.0,13-04600,N
2.0,6,2.0,0.0,0,7,0.0,13-04600,N
1.0,6,1.0,1.0,0,4,0.0,19-01700,N
1.0,6,1.0,1.0,0,4,0.0,19-01700,N
1.0,6,1.0,1.0,0,4,0.0,19-01700,N
1.0,6,1.0,1.0,0,4,0.0,19-01700,N
1.0,6,1.0,1.0,0,4,0.0,19-01700,N
1.0,6,1.0,1.0,0,4,0.0,19-01700,N
1.0,6,1.0,1.0,0,4,0.0,19-01700,N
1.0,6,1.0,1.0,0,4,0.0,19-01700,N
1.0,6,1.0,1.0,0,4,0.0,19-01700,N
1.0,6,1.0,1.0,0,4,0.0,19-01700,N
1.0,6,1.0,1.0,0,4,0.0,19-01700,N
1.0,6,1.0,1.0,0,4,0.0,19-01700,N
1.0,6,1.0,1.0,0,4,0.0,19-01700,N
1.0,6,1.0,1.0,0,4,0.0,19-01700,N
1.0,6,1.0,1.0,0,4,0.0,24-01004,N
1.0,1,1.0,1.0,9,11,0.0,24-01004,10
2.0,1,1.0,1.0,9,11,0.0,24-01004,10
1.0,1,1.0,1.0,9,11,0.0,24-01004,10
1.0,1,1.0,1.0,9,11,0.0,24-01004,16
1.0,6,1.0,1.0,0,4,0.0,24-01004,N
1.0,6,1.0,1.0,0,4,0.0,24-01004,N
1.0,1,1.0,1.0,9,10,0.0,24-01004,16
2.0,1,1.0,1.0,9,11,0.0,24-01004,10
1.0,6,1.0,1.0,0,4,0.0,24-01004,N
1.0,1,1.0,1.0,9,10,0.0,24-01004,10
1.0,1,1.0,1.0,9,9,0.0,24-01004,10
1.0,1,1.0,1.0,9,10,0.0,24-01004,10
1.0,1,1.0,1.0,9,11,0.0,24-01004,10
1.0,1,1.0,1.0,9,11,0.0,24-01004,10
1.0,1,1.0,1.0,9,10,0.0,24-01004,10
1.0,1,1.0,1.0,9,11,0.0,24-01004,10
1.0,1,1.0,1.0,9,11,0.0,24-01004,16
1.0,1,1.0,1.0,9,12,0.0,24-01004,10
1.0,1,1.0,1.0,9,11,0.0,24-01004,10
1.0,1,1.0,1.0,9,11,0.0,24-01004,10
1.0,1,1.0,1.0,9,11,0.0,24-01004,10
1.0,1,1.0,1.0,9,10,0.0,24-01004,16
1.0,6,1.0,1.0,0,4,0.0,24-01004,N
1.0,1,1.0,1.0,9,11,0.0,24-01004,10
1.0,1,1.0,1.0,9,11,0.0,24-01004,16
1.0,1,1.0,1.0,9,11,0.0,24-01004,10
1.0,1,1.0,1.0,9,10,0.0,24-01004,16
2.0,1,1.0,1.0,9,11,0.0,24-01004,10
1.0,1,1.0,1.0,9,9,0.0,24-01004,10
1.0,1,1.0,1.0,9,11,0.0,24-01004,10
1.0,1,1.0,1.0,9,12,0.0,24-01004,10
1.0,1,1.0,1.0,9,11,0.0,24-01004,12
1.0,1,1.0,1.0,9,11,0.0,24-01004,16
1.0,1,1.0,1.0,9,11,0.0,24-01004,10
1.0,1,1.0,1.0,9,9,0.0,24-01004,10
1.0,1,1.0,1.0,9,11,0.0,24-01004,10
2.0,1,1.0,1.0,9,11,0.0,24-01004,10
1.0,1,1.0,1.0,9,12,0.0,24-01004,10
1.0,1,1.0,1.0,9,9,0.0,24-01004,10
1.0,1,1.0,1.0,9,11,0.0,24-01004,10
1.0,1,1.0,1.0,9,12,0.0,24-01004,10
1.0,1,1.0,1.0,9,11,0.0,24-01004,10
1.0,1,1.0,1.0,9,11,0.0,24-01004,12
1.0,1,1.0,1.0,9,11,0.0,24-01004,10
1.0,1,1.0,1.0,9,11,0.0,24-01004,10
1.0,1,1.0,1.0,9,11,0.0,24-01004,10
1.0,1,1.0,1.0,9,10,0.0,24-01004,16
2.0,1,1.0,1.0,9,11,0.0,24-01004,10
1.0,1,1.0,1.0,9,11,0.0,24-01004,12
1.0,1,1.0,1.0,9,11,0.0,24-01004,12
1.0,1,1.0,1.0,9,11,0.0,24-01004,16
2.0,1,1.0,1.0,9,11,0.0,24-01004,10
1.0,1,1.0,1.0,9,10,0.0,24-01004,10
1.0,1,1.0,1.0,9,10,0.0,24-01004,10
1.0,1,1.0,1.0,9,11,0.0,24-01004,12
1.0,1,1.0,1.0,9,10,0.0,24-01004,16
1.0,1,1.0,1.0,9,10,0.0,24-01004,16
1.0,1,1.0,1.0,9,10,0.0,24-01004,16
1.0,6,1.0,1.0,0,4,0.0,24-01004,N
1.0,1,1.0,1.0,9,11,0.0,24-01004,10
1.0,1,1.0,1.0,9,11,0.0,24-01004,12
1.0,1,1.0,1.0,9,9,0.0,24-01004,10
1.0,1,1.0,1.0,9,11,0.0,24-01004,10
1.0,6,1.0,1.0,0,4,0.0,24-01004,N
1.0,1,1.0,1.0,9,10,0.0,24-01004,10
1.0,1,1.0,1.0,9,11,0.0,24-01004,12
1.0,1,1.0,1.0,9,10,0.0,24-01004,10
2.0,1,1.0,1.0,9,11,0.0,24-01004,10
1.0,1,1.0,1.0,9,9,0.0,24-01004,10
1.0,1,1.0,1.0,9,11,0.0,24-01004,16
1.0,1,1.0,1.0,9,11,0.0,24-01004,10
1.0,1,1.0,1.0,9,11,0.0,24-01004,12
1.0,1,1.0,1.0,9,11,0.0,24-01004,12
1.0,1,1.0,1.0,9,10,0.0,24-01004,10
2.0,1,1.0,1.0,9,11,0.0,24-01004,10
1.0,1,1.0,1.0,9,11,0.0,24-01004,10
1.0,1,1.0,1.0,9,11,0.0,24-01004,12
1.0,1,1.0,1.0,9,12,0.0,24-01004,10
1.0,1,1.0,1.0,9,11,0.0,24-01004,16
1.0,1,1.0,1.0,9,10,0.0,24-01004,10
1.0,1,1.0,1.0,9,11,0.0,24-01004,12
1.0,1,1.0,1.0,9,11,0.0,24-01004,12
1.0,1,1.0,1.0,9,11,0.0,24-01004,10
2.0,1,1.0,1.0,9,11,0.0,24-01004,10
2.0,1,1.0,1.0,9,11,0.0,24-01004,10
1.0,1,1.0,1.0,9,10,0.0,24-01004,10
1.0,1,1.0,1.0,9,10,0.0,24-01004,16
1.0,1,1.0,1.0,9,12,0.0,24-01004,10
1.0,1,1.0,1.0,9,9,0.0,24-01004,10
1.0,1,1.0,1.0,9,11,0.0,24-01004,10
1.0,1,1.0,1.0,9,9,0.0,24-01004,10
1.0,1,1.0,1.0,9,10,0.0,24-01004,16
1.0,1,1.0,1.0,9,11,0.0,24-01004,10
1.0,1,1.0,1.0,9,10,0.0,24-01004,10
1.0,1,1.0,1.0,9,11,0.0,24-01004,16
1.0,1,1.0,1.0,9,12,0.0,24-01004,10
1.0,1,1.0,1.0,9,11,0.0,24-01004,10
1.0,1,1.0,1.0,9,9,0.0,24-01004,10
1.0,1,1.0,1.0,9,11,0.0,24-01004,10
1.0,1,1.0,1.0,9,11,0.0,24-01004,12
1.0,1,1.0,1.0,9,11,0.0,24-01004,12
1.0,1,1.0,1.0,9,10,0.0,24-01004,10
1.0,1,1.0,1.0,9,9,0.0,24-01004,10
1.0,1,1.0,1.0,9,9,0.0,24-01004,10
1.0,1,1.0,1.0,9,11,0.0,24-01004,10
1.0,1,1.0,1.0,9,10,0.0,24-01004,10
1.0,6,1.0,1.0,0,4,0.0,24-01004,N
1.0,1,1.0,1.0,9,10,0.0,24-01004,10
1.0,1,1.0,1.0,9,11,0.0,24-01004,10
1.0,6,1.0,1.0,0,4,0.0,24-01004,N
1.0,1,1.0,1.0,9,11,0.0,24-01004,16
1.0,1,1.0,1.0,9,11,0.0,24-01004,10
1.0,1,1.0,1.0,9,11,0.0,24-01004,12
2.0,1,1.0,1.0,9,11,0.0,24-01004,10
1.0,1,1.0,1.0,9,11,0.0,24-01004,10
1.0,1,1.0,1.0,9,10,0.0,24-01004,10
1.0,1,1.0,1.0,9,11,0.0,24-01004,10
1.0,1,1.0,1.0,9,12,0.0,24-01004,10
1.0,1,1.0,1.0,9,11,0.0,24-01004,10
1.0,1,1.0,1.0,9,11,0.0,24-01004,10
1.0,1,1.0,1.0,9,11,0.0,24-01004,10
2.0,1,1.0,1.0,9,11,0.0,24-01004,10
1.0,6,1.0,1.0,0,4,0.0,24-01004,N
1.0,1,1.0,1.0,9,11,0.0,24-01004,10
1.0,1,1.0,1.0,9,10,0.0,24-01004,16
1.0,1,1.0,1.0,9,11,0.0,24-01004,10
1.0,1,1.0,1.0,9,12,0.0,24-01004,10
1.0,1,1.0,1.0,9,11,0.0,24-01004,12
1.0,6,1.0,1.0,0,4,0.0,24-01004,N
1.0,1,1.0,1.0,9,11,0.0,24-01004,16
1.0,1,1.0,1.0,9,11,0.0,24-01004,16
1.0,1,1.0,1.0,9,11,0.0,24-01004,10
1.0,1,1.0,1.0,9,10,0.0,24-01004,10
1.0,1,1.0,1.0,9,9,0.0,24-01004,10
1.0,1,1.0,1.0,9,12,0.0,24-01004,10
1.0,1,1.0,1.0,9,11,0.0,24-01004,10
1.0,1,1.0,1.0,9,10,0.0,24-01004,10
1.0,1,1.0,1.0,9,11,0.0,24-01004,10
1.0,1,1.0,1.0,9,11,0.0,24-01004,16
1.0,6,1.0,1.0,0,4,0.0,24-01004,N
1.0,1,1.0,1.0,9,11,0.0,24-01004,12
1.0,1,1.0,1.0,9,9,0.0,24-01004,10
1.0,1,1.0,1.0,9,9,0.0,24-01004,10
1.0,1,1.0,1.0,9,9,0.0,24-01004,10
1.0,1,1.0,1.0,9,11,0.0,24-01004,12
1.0,1,1.0,1.0,9,11,0.0,24-01004,10
1.0,1,1.0,1.0,9,11,0.0,24-01004,10
1.0,1,1.0,1.0,9,11,0.0,24-01004,10
1.0,1,1.0,1.0,9,10,0.0,24-01004,16
1.0,1,1.0,1.0,9,9,0.0,24-01004,10
1.0,1,1.0,1.0,9,10,0.0,24-01004,16
1.0,1,1.0,1.0,9,9,0.0,24-01004,10
1.0,1,1.0,1.0,9,11,0.0,24-01004,12
1.0,1,1.0,1.0,9,10,0.0,24-01004,10
1.0,1,1.0,1.0,9,11,0.0,24-01004,12
1.0,1,1.0,1.0,9,12,0.0,24-01004,10
1.0,1,1.0,1.0,9,11,0.0,24-01004,10
1.0,1,1.0,1.0,9,11,0.0,24-01004,12
1.0,1,1.0,1.0,9,10,0.0,24-01004,10
1.0,1,1.0,1.0,9,10,0.0,24-01004,10
1.0,6,1.0,1.0,0,4,0.0,24-01004,N
1.0,1,1.0,1.0,9,11,0.0,24-01004,10
1.0,1,1.0,1.0,9,11,0.0,24-01004,16
1.0,1,1.0,1.0,9,9,0.0,24-01004,10
2.0,1,1.0,1.0,9,11,0.0,24-01004,10
1.0,1,1.0,1.0,9,11,0.0,24-01004,16
1.0,1,1.0,1.0,9,11,0.0,24-01004,10
1.0,1,1.0,1.0,9,11,0.0,24-01004,16
2.0,1,1.0,1.0,9,11,0.0,24-01004,10
1.0,1,1.0,1.0,9,11,0.0,24-01004,16
1.0,1,1.0,1.0,9,11,0.0,24-01004,10
2.0,1,1.0,1.0,9,11,0.0,24-01004,10
1.0,6,1.0,1.0,0,4,0.0,24-01004,N
1.0,1,1.0,1.0,9,10,0.0,24-01004,10
1.0,6,1.0,1.0,0,4,0.0,24-01004,N
1.0,1,1.0,1.0,9,10,0.0,24-01004,10
1.0,1,1.0,1.0,9,10,0.0,24-01004,10
1.0,1,1.0,1.0,9,12,0.0,24-01004,10
1.0,1,1.0,1.0,9,10,0.0,24-01004,10
2.0,1,1.0,1.0,9,11,0.0,24-01004,10
1.0,1,1.0,1.0,9,11,0.0,24-01004,12
1.0,1,1.0,1.0,9,11,0.0,24-01004,10
1.0,1,1.0,1.0,9,11,0.0,24-01004,10
1.0,1,1.0,1.0,9,12,0.0,26-02702,11
1.0,1,1.0,1.0,9,12,0.0,26-02702,11
1.0,1,1.0,1.0,9,12,0.0,26-02702,11
1.0,1,1.0,1.0,9,12,0.0,26-02702,11
1.0,1,1.0,1.0,9,12,0.0,26-02702,11
1.0,1,1.0,1.0,9,12,0.0,26-02702,11
1.0,1,1.0,1.0,9,12,0.0,26-02702,11
1.0,1,1.0,1.0,9,12,0.0,26-02702,11
1.0,1,1.0,1.0,9,12,0.0,26-02702,11
1.0,1,1.0,1.0,9,12,0.0,26-02702,11
1.0,1,1.0,1.0,9,12,0.0,26-02702,11
1.0,1,1.0,1.0,9,12,0.0,26-02702,11
1.0,1,1.0,1.0,9,12,0.0,26-02702,11
2.0,6,2.0,0.0,0,7,0.0,28-01100,N
2.0,6,2.0,0.0,0,7,0.0,28-01100,N
2.0,6,2.0,0.0,0,7,0.0,28-01100,N
2.0,6,2.0,0.0,0,7,0.0,28-01100,N
2.0,6,2.0,0.0,0,7,0.0,28-01100,N
1.0,6,2.0,0.0,0,7,0.0,28-01100,N
1.0,6,2.0,0.0,0,7,0.0,28-01100,N
1.0,6,2.0,0.0,0,7,0.0,28-01100,N
1.0,6,2.0,0.0,0,7,0.0,28-01100,N
1.0,6,2.0,0.0,0,7,0.0,28-01100,N
1.0,6,2.0,0.0,0,7,0.0,28-01100,N
1.0,6,2.0,0.0,0,7,0.0,28-01100,N
2.0,6,2.0,0.0,0,7,0.0,28-01100,N
2.0,6,2.0,0.0,0,7,0.0,28-01100,N
2.0,6,2.0,0.0,0,7,0.0,28-01100,N
1.0,6,2.0,0.0,0,7,0.0,28-01100,N
2.0,6,2.0,0.0,0,7,0.0,28-01100,N
2.0,6,2.0,0.0,0,7,0.0,28-01100,N
1.0,6,2.0,0.0,0,7,0.0,28-01100,N
2.0,6,2.0,0.0,0,7,0.0,28-01100,N
1.0,6,2.0,0.0,0,7,0.0,28-01100,N
1.0,6,2.0,0.0,0,7,0.0,28-01100,N
1.0,6,2.0,0.0,0,7,0.0,28-01100,N
1.0,6,2.0,0.0,0,7,0.0,28-01100,N
1.0,6,2.0,0.0,0,7,0.0,28-01100,N
1.0,6,2.0,0.0,0,7,0.0,28-01100,N
2.0,6,2.0,0.0,0,7,0.0,28-01100,N
2.0,6,2.0,0.0,0,7,0.0,28-01100,N
1.0,6,2.0,0.0,0,7,0.0,28-01100,N
2.0,6,2.0,0.0,0,7,0.0,28-01100,N
1.0,6,2.0,0.0,0,7,0.0,28-01100,N
1.0,6,2.0,0.0,0,7,0.0,28-01100,N
1.0,6,2.0,0.0,0,7,0.0,28-01100,N
2.0,6,2.0,0.0,0,7,0.0,28-01100,N
1.0,6,2.0,0.0,0,4,0.0,36-03710,N
1.0,6,2.0,0.0,0,4,0.0,36-03710,N
1.0,6,2.0,0.0,0,4,0.0,36-03710,N
1.0,6,2.0,0.0,0,4,0.0,36-03710,N
1.0,6,2.0,0.0,0,4,0.0,36-03710,N
1.0,6,2.0,0.0,0,4,0.0,36-03710,N
1.0,6,2.0,0.0,0,4,0.0,36-03710,N
1.0,6,2.0,0.0,0,4,0.0,36-03710,N
1.0,6,2.0,0.0,0,4,0.0,36-03710,N
1.0,6,2.0,0.0,0,4,0.0,36-03710,N
1.0,6,2.0,0.0,0,4,0.0,36-03710,N
1.0,6,2.0,0.0,0,4,0.0,36-03710,N
1.0,6,2.0,0.0,0,4,0.0,36-03710,N
1.0,6,2.0,0.0,0,4,0.0,36-03710,N
2.0,6,1.0,1.0,0,4,0.0,38-00100,N
2.0,6,1.0,1.0,0,4,0.0,38-00100,N
2.0,6,1.0,1.0,0,4,0.0,38-00100,N
2.0,6,1.0,1.0,0,4,0.0,38-00100,N
2.0,6,1.0,1.0,0,4,0.0,38-00100,N
2.0,6,1.0,1.0,0,4,0.0,38-00100,N
2.0,6,1.0,1.0,0,4,0.0,38-00100,N
2.0,6,1.0,1.0,0,4,0.0,38-00100,N
2.0,6,1.0,1.0,0,4,0.0,38-00100,N
2.0,6,1.0,1.0,0,4,0.0,38-00100,N
2.0,6,1.0,1.0,0,4,0.0,38-00100,N
2.0,6,1.0,1.0,0,4,0.0,38-00100,N
2.0,6,1.0,1.0,0,4,0.0,38-00100,N
1.0,1,1.0,1.0,9,10,0.0,51-51255,16
1.0,1,1.0,1.0,9,10,0.0,51-51255,10
1.0,1,1.0,1.0,9,9,0.0,51-51255,10
1.0,1,1.0,1.0,9,10,0.0,51-51255,16
1.0,6,1.0,2.0,7,9,0.0,51-01301,10
1.0,6,1.0,2.0,7,9,0.0,51-01301,10
1.0,6,1.0,2.0,7,9,0.0,51-01301,10
1.0,6,1.0,2.0,7,9,0.0,51-01301,10
1.0,1,1.0,1.0,9,10,0.0,51-51255,10
1.0,6,1.0,2.0,7,9,0.0,51-01301,10
1.0,6,1.0,2.0,7,9,0.0,51-01301,10
1.0,6,1.0,2.0,7,9,0.0,51-01301,10
1.0,1,1.0,1.0,9,11,0.0,51-01301,10
1.0,1,1.0,1.0,9,10,0.0,51-51255,10
1.0,1,1.0,1.0,9,10,0.0,51-51255,16
1.0,1,1.0,1.0,9,9,0.0,51-01301,10
1.0,1,1.0,1.0,9,11,0.0,51-01301,10
1.0,1,1.0,1.0,9,11,0.0,51-01301,10
1.0,6,1.0,2.0,7,9,0.0,51-01301,10
1.0,1,1.0,1.0,9,11,0.0,51-01301,10
1.0,6,1.0,2.0,8,9,0.0,51-01301,10
1.0,1,1.0,1.0,9,9,0.0,51-51255,10
1.0,1,1.0,1.0,9,10,0.0,51-51255,16
1.0,1,1.0,1.0,9,10,0.0,51-51255,10
1.0,1,1.0,1.0,9,9,0.0,51-51255,10
1.0,1,1.0,1.0,9,11,0.0,51-01301,10
1.0,1,1.0,1.0,9,10,0.0,51-51255,16
1.0,1,1.0,1.0,9,10,0.0,51-51255,16
1.0,1,1.0,1.0,9,10,0.0,51-51255,10
1.0,1,1.0,1.0,9,9,0.0,51-51255,10
1.0,1,1.0,1.0,9,10,0.0,51-51255,10
1.0,1,1.0,1.0,9,11,0.0,51-01301,10
1.0,6,1.0,2.0,8,9,0.0,51-01301,10
1.0,6,1.0,2.0,8,9,0.0,51-01301,10
1.0,1,1.0,1.0,9,9,0.0,51-01301,10
1.0,6,1.0,2.0,8,9,0.0,51-01301,10
1.0,1,1.0,1.0,9,9,0.0,51-01301,10
1.0,1,1.0,1.0,9,11,0.0,51-01301,10
1.0,6,1.0,2.0,7,9,0.0,51-01301,10
1.0,1,1.0,1.0,9,11,0.0,51-01301,10
1.0,1,1.0,1.0,9,10,0.0,51-51255,10
1.0,1,1.0,1.0,9,10,0.0,51-51255,16
1.0,1,1.0,1.0,9,9,0.0,51-01301,10
1.0,1,1.0,1.0,9,10,0.0,51-51255,16
1.0,1,1.0,1.0,9,9,0.0,51-01301,10
1.0,1,1.0,1.0,9,9,0.0,51-51255,10
1.0,1,1.0,1.0,9,10,0.0,51-51255,10
1.0,1,1.0,1.0,9,11,0.0,51-01301,10
1.0,1,1.0,1.0,9,11,0.0,51-01301,10
1.0,1,1.0,1.0,9,9,0.0,51-01301,10
1.0,6,1.0,2.0,8,9,0.0,51-01301,10
1.0,6,1.0,2.0,8,9,0.0,51-01301,10
1.0,6,1.0,2.0,8,9,0.0,51-01301,10
1.0,6,1.0,2.0,8,9,0.0,51-01301,10
1.0,6,1.0,2.0,7,9,0.0,51-01301,10
1.0,6,1.0,2.0,7,9,0.0,51-01301,10
1.0,1,1.0,1.0,9,10,0.0,51-51255,10
1.0,1,1.0,1.0,9,10,0.0,51-51255,16
1.0,1,1.0,1.0,9,9,0.0,51-51255,10
1.0,1,1.0,1.0,9,10,0.0,51-51255,10
1.0,1,1.0,1.0,9,11,0.0,51-01301,10
1.0,1,1.0,1.0,9,11,0.0,51-01301,10
1.0,1,1.0,1.0,9,9,0.0,51-51255,10
1.0,1,1.0,1.0,9,9,0.0,51-01301,10
1.0,1,1.0,1.0,9,9,0.0,51-01301,10
1.0,1,1.0,1.0,9,10,0.0,51-51255,16
1.0,1,1.0,1.0,9,9,0.0,51-01301,10
1.0,1,1.0,1.0,9,9,0.0,51-51255,10
1.0,6,1.0,2.0,7,9,0.0,51-01301,10
1.0,6,1.0,2.0,7,9,0.0,51-01301,10
1.0,1,1.0,1.0,9,10,0.0,51-51255,16
1.0,1,1.0,1.0,9,9,0.0,51-51255,10
1.0,1,1.0,1.0,9,9,0.0,51-01301,10
1.0,1,1.0,1.0,9,10,0.0,51-51255,10
1.0,1,1.0,1.0,9,9,0.0,51-51255,10
1.0,1,1.0,1.0,9,10,0.0,51-51255,10
1.0,1,1.0,1.0,9,9,0.0,51-01301,10
1.0,1,1.0,1.0,9,11,0.0,51-01301,10
1.0,6,1.0,2.0,7,9,0.0,51-01301,10
1.0,6,1.0,2.0,7,9,0.0,51-01301,10
1.0,6,1.0,2.0,8,9,0.0,51-01301,10
1.0,1,1.0,1.0,9,10,0.0,51-51255,10
1.0,1,1.0,1.0,9,9,0.0,51-01301,10
1.0,1,1.0,1.0,9,10,0.0,51-51255,16
1.0,1,1.0,1.0,9,10,0.0,51-51255,16
1.0,1,1.0,1.0,9,9,0.0,51-01301,10
1.0,1,1.0,1.0,9,10,0.0,51-51255,10
1.0,6,1.0,2.0,8,9,0.0,51-01301,10
1.0,6,1.0,2.0,8,9,0.0,51-01301,10
1.0,6,1.0,2.0,8,9,0.0,51-01301,10
1.0,6,1.0,2.0,7,9,0.0,51-01301,10
1.0,6,1.0,2.0,8,9,0.0,51-01301,10
1.0,1,1.0,1.0,9,9,0.0,51-01301,10
1.0,1,1.0,1.0,9,9,0.0,51-51255,10
1.0,1,1.0,1.0,9,10,0.0,51-51255,10
1.0,1,1.0,1.0,9,9,0.0,51-01301,10
1.0,1,1.0,1.0,9,10,0.0,51-51255,16
1.0,1,1.0,1.0,9,9,0.0,51-01301,10
1.0,1,1.0,1.0,9,9,0.0,51-51255,10
1.0,1,1.0,1.0,9,10,0.0,51-51255,16
1.0,1,1.0,1.0,9,10,0.0,51-51255,16
1.0,1,1.0,1.0,9,9,0.0,51-51255,10
1.0,N,1.0,1.0,N,3,1.0,32-00405,N
1.0,N,1.0,1.0,N,3,1.0,32-00405,N
1.0,N,1.0,1.0,N,3,1.0,32-00405,N
1.0,N,1.0,2.0,N,3,1.0,32-00405,N
1.0,N,1.0,1.0,N,3,1.0,32-00405,N
2.0,N,1.0,1.0,N,3,1.0,32-00405,N
2.0,N,8.0,1.0,N,3,1.0,32-00405,N
2.0,N,1.0,2.0,N,3,1.0,32-00405,N
1.0,N,1.0,2.0,N,3,1.0,32-00405,N
1.0,N,8.0,2.0,N,3,1.0,32-00405,N
1.0,N,8.0,2.0,N,3,1.0,32-00405,N
2.0,N,1.0,2.0,N,3,1.0,32-00405,N
2.0,N,1.0,2.0,N,3,1.0,32-00405,N
1.0,N,1.0,2.0,N,3,1.0,32-00405,N
1.0,N,1.0,2.0,N,3,1.0,32-00405,N
1.0,N,8.0,2.0,N,3,1.0,32-00405,N
2.0,N,8.0,1.0,N,3,1.0,32-00405,N
2.0,N,8.0,1.0,N,3,1.0,32-00405,N
1.0,N,1.0,2.0,N,3,1.0,32-00405,N
2.0,N,1.0,2.0,N,3,1.0,32-00405,N
2.0,N,8.0,1.0,N,3,1.0,32-00405,N
2.0,N,1.0,1.0,N,3,1.0,32-00405,N
1.0,N,8.0,2.0,N,3,1.0,32-00405,N
2.0,N,8.0,2.0,N,3,1.0,32-00405,N
1.0,N,1.0,2.0,N,3,1.0,32-00405,N
1.0,N,1.0,1.0,N,3,1.0,32-00405,N
2.0,N,1.0,2.0,N,3,1.0,32-00405,N
1.0,N,1.0,2.0,N,3,1.0,32-00405,N
2.0,N,1.0,2.0,N,3,1.0,32-00405,N
2.0,N,8.0,2.0,N,3,1.0,32-00405,N
2.0,N,8.0,2.0,N,3,1.0,32-00405,N
2.0,N,1.0,2.0,N,3,1.0,32-00405,N
1.0,N,1.0,2.0,N,3,1.0,32-00405,N
2.0,N,1.0,2.0,N,3,1.0,32-00405,N
1.0,N,1.0,2.0,N,3,1.0,32-00405,N
2.0,N,1.0,1.0,N,3,1.0,32-00405,N
2.0,N,8.0,2.0,N,3,1.0,32-00405,N
1.0,N,1.0,2.0,N,3,1.0,32-00405,N
2.0,N,1.0,2.0,N,3,1.0,32-00405,N
1.0,N,1.0,1.0,N,3,1.0,32-00405,N
2.0,N,1.0,1.0,N,3,1.0,32-00405,N
2.0,N,8.0,2.0,N,3,1.0,32-00405,N
1.0,N,8.0,2.0,N,3,1.0,32-00405,N
1.0,N,1.0,1.0,N,3,1.0,32-00405,N
2.0,N,1.0,1.0,N,3,1.0,32-00405,N
2.0,N,1.0,1.0,N,3,1.0,32-00405,N
1.0,N,1.0,1.0,N,3,1.0,32-00405,N
1.0,N,8.0,2.0,N,3,1.0,32-00405,N
2.0,N,8.0,2.0,N,3,1.0,32-00405,N
1.0,N,1.0,1.0,N,3,1.0,32-00405,N
2.0,N,1.0,2.0,N,3,1.0,32-00405,N
2.0,N,1.0,1.0,N,3,1.0,32-00405,N
2.0,N,8.0,1.0,N,3,1.0,32-00405,N
2.0,N,8.0,1.0,N,3,1.0,32-00405,N
2.0,N,8.0,1.0,N,3,1.0,32-00405,N
1.0,N,1.0,1.0,N,3,1.0,32-00405,N
1.0,N,1.0,1.0,N,3,1.0,32-00405,N
1.0,N,8.0,2.0,N,3,1.0,32-00405,N
1.0,N,8.0,2.0,N,3,1.0,32-00405,N
2.0,N,1.0,1.0,N,3,1.0,32-00405,N
2.0,N,1.0,1.0,N,3,1.0,32-00405,N
2.0,N,1.0,1.0,N,3,1.0,32-00405,N
2.0,N,1.0,1.0,N,3,1.0,32-00405,N
2.0,N,8.0,1.0,N,3,1.0,32-00405,N
2.0,N,8.0,1.0,N,3,1.0,32-00405,N
1.0,N,1.0,2.0,N,3,1.0,32-00405,N
1.0,N,1.0,2.0,N,3,1.0,32-00405,N
2.0,N,1.0,2.0,N,3,1.0,32-00405,N
2.0,N,1.0,2.0,N,3,1.0,32-00405,N
2.0,N,1.0,1.0,N,3,1.0,32-00405,N
2.0,N,8.0,1.0,N,3,1.0,32-00405,N
1.0,N,8.0,2.0,N,3,1.0,32-00405,N
1.0,N,8.0,2.0,N,3,1.0,32-00405,N
2.0,N,8.0,2.0,N,3,1.0,32-00405,N
1.0,N,8.0,2.0,N,3,1.0,32-00405,N
2.0,N,8.0,2.0,N,3,1.0,32-00405,N
2.0,N,8.0,2.0,N,3,1.0,32-00405,N
2.0,N,8.0,1.0,N,3,1.0,32-00405,N
1.0,N,8.0,2.0,N,3,1.0,32-00405,N
2.0,N,8.0,2.0,N,3,1.0,32-00405,N
1.0,N,1.0,2.0,N,3,1.0,32-00405,N
2.0,N,1.0,2.0,N,3,1.0,32-00405,N
2.0,N,1.0,1.0,N,3,1.0,32-00405,N
2.0,N,1.0,1.0,N,3,1.0,32-00405,N
1.0,N,8.0,2.0,N,3,1.0,32-00405,N
2.0,N,8.0,2.0,N,3,1.0,32-00405,N
2.0,N,8.0,2.0,N,3,1.0,32-00405,N
2.0,N,8.0,1.0,N,3,1.0,32-00405,N
2.0,N,1.0,1.0,N,3,1.0,32-00405,N
1.0,N,1.0,1.0,N,3,1.0,32-00405,N
1.0,N,2.0,2.0,N,3,0.0,01-01301,N
1.0,N,2.0,2.0,N,3,0.0,01-01301,N
1.0,N,2.0,2.0,N,3,0.0,01-01301,N
1.0,N,2.0,2.0,N,3,0.0,01-01301,N
2.0,N,2.0,2.0,N,3,0.0,01-01301,N
2.0,N,2.0,2.0,N,3,0.0,01-01301,N
1.0,N,2.0,2.0,N,3,0.0,01-01301,N
1.0,N,2.0,2.0,N,3,0.0,01-01301,N
2.0,N,2.0,2.0,N,3,0.0,01-01301,N
2.0,N,2.0,2.0,N,3,0.0,01-01301,N
2.0,N,2.0,2.0,N,3,0.0,01-01301,N
2.0,N,2.0,2.0,N,3,0.0,01-01301,N
1.0,N,2.0,2.0,N,3,0.0,01-01301,N
2.0,N,2.0,2.0,N,3,0.0,01-01301,N
1.0,N,2.0,2.0,N,3,0.0,01-01301,N
1.0,N,2.0,2.0,N,3,0.0,01-01301,N
2.0,N,2.0,2.0,N,3,0.0,01-01301,N
2.0,N,2.0,2.0,N,3,0.0,01-01301,N
2.0,N,2.0,2.0,N,3,0.0,01-01301,N
1.0,N,2.0,2.0,N,3,0.0,01-01301,N
1.0,N,2.0,2.0,N,3,0.0,01-01301,N
2.0,N,2.0,2.0,N,3,0.0,01-01301,N
1.0,N,2.0,2.0,N,3,0.0,01-01301,N
1.0,N,2.0,2.0,N,3,0.0,01-01301,N
2.0,N,2.0,2.0,N,3,0.0,01-01301,N
2.0,N,2.0,2.0,N,3,0.0,01-01301,N
2.0,N,2.0,2.0,N,2,0.0,36-04010,N
1.0,N,2.0,1.0,N,3,0.0,36-04010,N
2.0,N,2.0,1.0,N,3,0.0,36-04010,N
1.0,N,2.0,1.0,N,3,0.0,36-04010,N
2.0,N,2.0,2.0,N,3,0.0,36-03710,N
2.0,N,2.0,2.0,N,3,0.0,36-04010,N
2.0,N,2.0,2.0,N,3,0.0,36-04010,N
2.0,N,2.0,2.0,N,3,0.0,36-03710,N
1.0,N,2.0,1.0,N,3,0.0,36-04010,N
1.0,N,2.0,1.0,N,3,0.0,36-04010,N
2.0,N,2.0,2.0,N,3,0.0,36-03710,N
2.0,N,2.0,1.0,N,3,0.0,36-04010,N
2.0,N,2.0,2.0,N,3,0.0,36-04010,N
2.0,N,2.0,2.0,N,3,0.0,36-04010,N
2.0,N,2.0,2.0,N,3,0.0,36-03710,N
2.0,N,2.0,1.0,N,3,0.0,36-04010,N
2.0,N,2.0,1.0,N,3,0.0,36-04010,N
2.0,N,2.0,1.0,N,3,0.0,36-04010,N
2.0,N,2.0,2.0,N,3,0.0,36-03710,N
2.0,N,2.0,2.0,N,3,0.0,36-04010,N
1.0,N,2.0,2.0,N,3,0.0,36-04010,N
2.0,N,2.0,2.0,N,3,0.0,36-04010,N
2.0,N,2.0,2.0,N,3,0.0,36-04010,N
2.0,N,2.0,1.0,N,3,0.0,36-04010,N
1.0,N,2.0,2.0,N,3,0.0,36-04010,N
2.0,N,2.0,2.0,N,3,0.0,36-04010,N
2.0,N,2.0,2.0,N,3,0.0,36-04010,N
2.0,N,2.0,1.0,N,3,0.0,36-04010,N
1.0,N,2.0,2.0,N,3,0.0,36-04010,N
1.0,N,2.0,1.0,N,3,0.0,36-04010,N
2.0,N,2.0,1.0,N,3,0.0,36-04010,N
1.0,N,2.0,1.0,N,3,0.0,36-04010,N
1.0,N,2.0,1.0,N,3,0.0,36-04010,N
1.0,N,2.0,1.0,N,3,0.0,36-04010,N
1.0,N,2.0,1.0,N,3,0.0,36-04010,N
2.0,N,2.0,2.0,N,3,0.0,36-03710,N
1.0,N,2.0,2.0,N,3,0.0,36-04010,N
2.0,N,2.0,2.0,N,2,0.0,36-04010,N
2.0,N,2.0,2.0,N,2,0.0,36-04010,N
1.0,N,2.0,2.0,N,3,0.0,36-04010,N
1.0,N,2.0,2.0,N,3,0.0,36-04010,N
2.0,N,2.0,1.0,N,3,0.0,36-04010,N
2.0,N,2.0,1.0,N,3,0.0,36-04010,N
2.0,N,2.0,2.0,N,2,0.0,36-04010,N
2.0,N,2.0,1.0,N,3,0.0,36-04010,N
2.0,N,2.0,2.0,N,3,0.0,36-03710,N
2.0,N,2.0,2.0,N,3,0.0,36-03710,N
2.0,N,2.0,1.0,N,3,0.0,36-04010,N
1.0,N,2.0,1.0,N,3,0.0,36-04010,N
2.0,N,2.0,2.0,N,3,0.0,36-03710,N
2.0,N,2.0,2.0,N,2,0.0,36-04010,N
2.0,N,2.0,2.0,N,3,0.0,36-04010,N
1.0,N,2.0,2.0,N,3,0.0,36-04010,N
2.0,N,2.0,2.0,N,3,0.0,36-03710,N
2.0,N,2.0,2.0,N,3,0.0,36-03710,N
1.0,N,2.0,1.0,N,3,0.0,36-04010,N
1.0,N,2.0,1.0,N,3,0.0,36-04010,N
2.0,N,2.0,1.0,N,3,0.0,36-04010,N
2.0,N,2.0,2.0,N,2,0.0,36-04010,N
2.0,N,2.0,2.0,N,3,0.0,36-03710,N
2.0,N,2.0,2.0,N,3,0.0,36-04010,N
2.0,N,2.0,2.0,N,3,0.0,36-04010,N
1.0,N,2.0,2.0,N,3,0.0,36-04010,N
2.0,N,2.0,2.0,N,2,0.0,36-04010,N
1.0,N,2.0,2.0,N,3,0.0,36-04010,N
2.0,N,2.0,2.0,N,3,0.0,36-04010,N
2.0,N,2.0,2.0,N,3,0.0,36-03710,N
1.0,N,2.0,2.0,N,3,0.0,36-04010,N
1.0,N,2.0,2.0,N,3,0.0,36-04010,N
1.0,N,2.0,2.0,N,3,0.0,36-04010,N
2.0,N,2.0,1.0,N,3,0.0,36-04010,N
2.0,N,2.0,2.0,N,2,0.0,36-04010,N
1.0,N,2.0,2.0,N,3,0.0,36-04010,N
1.0,N,2.0,1.0,N,3,0.0,36-04010,N
2.0,N,2.0,1.0,N,3,0.0,36-04010,N
2.0,N,2.0,2.0,N,3,0.0,36-04010,N
2.0,N,2.0,1.0,N,3,0.0,36-04010,N
1.0,N,2.0,2.0,N,3,0.0,36-04010,N
2.0,N,2.0,2.0,N,3,0.0,36-04010,N
2.0,N,2.0,2.0,N,3,0.0,36-04010,N
1.0,N,2.0,2.0,N,3,0.0,36-04010,N
1.0,N,2.0,2.0,N,3,0.0,36-04010,N
1.0,N,2.0,2.0,N,3,0.0,36-04010,N
1.0,N,2.0,2.0,N,3,0.0,36-04010,N
2.0,N,2.0,2.0,N,3,0.0,36-04010,N
2.0,N,2.0,2.0,N,3,0.0,36-04010,N
1.0,N,2.0,2.0,N,3,0.0,36-04010,N
2.0,N,2.0,2.0,N,3,0.0,36-03710,N
2.0,N,2.0,2.0,N,3,0.0,36-03710,N
2.0,N,2.0,2.0,N,2,0.0,36-04010,N
2.0,N,2.0,2.0,N,3,0.0,36-04010,N
2.0,N,2.0,2.0,N,3,0.0,36-04010,N
1.0,N,2.0,2.0,N,3,0.0,36-04010,N
2.0,N,2.0,2.0,N,2,0.0,36-04010,N
2.0,N,2.0,2.0,N,2,0.0,36-04010,N
2.0,N,2.0,2.0,N,3,0.0,36-04010,N
1.0,N,2.0,1.0,N,3,0.0,36-04010,N
2.0,N,2.0,1.0,N,3,0.0,36-04010,N
2.0,N,2.0,2.0,N,3,0.0,36-04010,N
2.0,N,2.0,2.0,N,2,0.0,36-04010,N
1.0,N,2.0,2.0,N,3,0.0,36-04010,N
1.0,N,2.0,1.0,N,3,0.0,36-04010,N
1.0,N,2.0,2.0,N,3,0.0,36-04010,N
2.0,N,2.0,2.0,N,3,0.0,36-04010,N
1.0,N,2.0,2.0,N,3,0.0,36-04010,N
2.0,N,2.0,2.0,N,3,0.0,36-04010,N
1.0,N,2.0,2.0,N,3,0.0,36-04010,N
1.0,N,2.0,2.0,N,3,0.0,36-04010,N
2.0,N,6.0,1.0,N,3,0.0,06-08507,N
1.0,N,6.0,1.0,N,3,0.0,06-08507,N
2.0,N,6.0,1.0,N,3,0.0,06-08507,N
2.0,N,1.0,1.0,N,3,0.0,06-08507,N
2.0,N,1.0,1.0,N,3,0.0,06-08507,N
2.0,N,1.0,1.0,N,3,0.0,06-08507,N
2.0,N,1.0,1.0,N,3,0.0,06-08507,N
2.0,N,1.0,1.0,N,3,0.0,06-08507,N
1.0,N,6.0,2.0,N,3,0.0,06-08507,N
1.0,N,6.0,1.0,N,3,0.0,06-08507,N
2.0,N,6.0,1.0,N,3,0.0,06-08507,N
1.0,N,6.0,2.0,N,3,0.0,06-08507,N
1.0,N,6.0,2.0,N,3,0.0,06-08507,N
2.0,N,1.0,1.0,N,3,0.0,06-08507,N
1.0,N,1.0,1.0,N,3,0.0,06-08507,N
1.0,N,6.0,1.0,N,3,0.0,06-08507,N
1.0,N,6.0,1.0,N,3,0.0,06-08507,N
1.0,N,6.0,2.0,N,3,0.0,06-08507,N
2.0,N,6.0,2.0,N,3,0.0,06-08507,N
2.0,N,6.0,2.0,N,3,0.0,06-08507,N
2.0,N,1.0,1.0,N,3,0.0,06-08507,N
2.0,N,6.0,1.0,N,3,0.0,06-08507,N
1.0,N,1.0,1.0,N,3,0.0,06-08507,N
2.0,N,6.0,1.0,N,3,0.0,06-08507,N
2.0,N,6.0,2.0,N,3,0.0,06-08507,N
1.0,N,6.0,2.0,N,3,0.0,06-08507,N
1.0,N,6.0,2.0,N,3,0.0,06-08507,N
2.0,N,1.0,1.0,N,3,0.0,06-08507,N
1.0,N,6.0,1.0,N,3,0.0,06-08507,N
2.0,N,6.0,1.0,N,3,0.0,06-08507,N
1.0,N,6.0,2.0,N,3,0.0,06-08507,N
1.0,N,6.0,2.0,N,3,0.0,06-08507,N
2.0,N,6.0,1.0,N,3,0.0,06-08507,N
2.0,N,6.0,1.0,N,3,0.0,06-08507,N
2.0,N,6.0,2.0,N,3,0.0,06-08507,N
2.0,N,1.0,1.0,N,3,0.0,06-08507,N
1.0,N,1.0,1.0,N,3,0.0,06-08507,N
2.0,N,1.0,1.0,N,3,0.0,06-08507,N
2.0,N,1.0,1.0,N,3,0.0,06-08507,N
2.0,N,1.0,1.0,N,3,0.0,06-08507,N
1.0,N,6.0,1.0,N,3,0.0,06-08507,N
1.0,N,1.0,1.0,N,3,0.0,06-08507,N
1.0,N,1.0,1.0,N,3,0.0,06-08507,N
2.0,N,1.0,1.0,N,3,0.0,06-08507,N
1.0,N,6.0,1.0,N,3,0.0,06-08507,N
2.0,N,6.0,1.0,N,3,0.0,06-08507,N
1.0,N,6.0,1.0,N,3,0.0,06-08507,N
2.0,N,6.0,1.0,N,3,0.0,06-08507,N
2.0,N,6.0,1.0,N,3,0.0,06-08507,N
2.0,N,6.0,1.0,N,3,0.0,06-08507,N
1.0,N,6.0,1.0,N,3,0.0,06-08507,N
1.0,N,6.0,1.0,N,3,0.0,06-08507,N
1.0,N,6.0,1.0,N,3,0.0,06-08507,N
2.0,N,1.0,1.0,N,3,0.0,06-08507,N
1.0,N,6.0,1.0,N,3,0.0,06-08507,N
1.0,N,1.0,1.0,N,3,0.0,06-08507,N
2.0,N,1.0,1.0,N,3,0.0,06-08507,N
1.0,N,6.0,2.0,N,3,0.0,06-08507,N
1.0,N,6.0,1.0,N,3,0.0,06-08507,N
2.0,N,6.0,2.0,N,3,0.0,06-08507,N
1.0,N,6.0,1.0,N,3,0.0,06-08507,N
1.0,N,6.0,1.0,N,3,0.0,06-08507,N
1.0,N,6.0,1.0,N,3,0.0,06-08507,N
2.0,N,6.0,1.0,N,3,0.0,06-08507,N
1.0,N,1.0,1.0,N,3,0.0,06-08507,N
2.0,N,1.0,1.0,N,3,0.0,06-08507,N
1.0,N,6.0,2.0,N,3,0.0,06-08507,N
2.0,N,6.0,1.0,N,3,0.0,06-08507,N
2.0,N,6.0,1.0,N,3,0.0,06-08507,N
2.0,N,6.0,2.0,N,3,0.0,06-08507,N
1.0,N,6.0,1.0,N,3,0.0,06-08507,N
2.0,N,1.0,1.0,N,3,0.0,06-08507,N
1.0,N,1.0,1.0,N,3,0.0,06-08507,N
2.0,N,1.0,1.0,N,3,0.0,06-08507,N
2.0,N,1.0,1.0,N,3,0.0,06-08507,N
2.0,N,1.0,1.0,N,3,0.0,06-08507,N
2.0,N,1.0,1.0,N,3,0.0,06-08507,N
2.0,N,6.0,2.0,N,3,0.0,06-08507,N
1.0,N,6.0,1.0,N,3,0.0,06-08507,N
1.0,N,1.0,1.0,N,3,0.0,06-08507,N
2.0,N,1.0,1.0,N,3,0.0,06-08507,N
2.0,N,1.0,1.0,N,3,0.0,06-08507,N
1.0,N,6.0,1.0,N,3,0.0,06-08507,N
1.0,N,6.0,1.0,N,3,0.0,06-08507,N
2.0,N,6.0,2.0,N,3,0.0,06-08507,N
1.0,N,6.0,1.0,N,3,0.0,06-08507,N
1.0,N,6.0,1.0,N,3,0.0,06-08507,N
2.0,N,6.0,1.0,N,3,0.0,06-08507,N
1.0,N,6.0,1.0,N,3,0.0,06-08507,N
2.0,N,6.0,2.0,N,3,0.0,06-08507,N
2.0,N,6.0,2.0,N,3,0.0,06-08507,N
2.0,N,6.0,1.0,N,3,0.0,06-08507,N
2.0,N,6.0,1.0,N,3,0.0,06-08507,N
1.0,N,6.0,1.0,N,3,0.0,06-08507,N
1.0,N,6.0,1.0,N,3,0.0,06-08507,N
2.0,N,1.0,1.0,N,3,0.0,06-08507,N
2.0,N,6.0,1.0,N,3,0.0,06-08507,N
2.0,N,6.0,1.0,N,3,0.0,06-08507,N
1.0,N,6.0,1.0,N,3,0.0,06-08507,N
1.0,N,6.0,1.0,N,3,0.0,06-08507,N
1.0,N,6.0,1.0,N,3,0.0,06-08507,N
1.0,N,6.0,1.0,N,3,0.0,06-08507,N
1.0,N,6.0,1.0,N,3,0.0,06-08507,N
1.0,N,6.0,2.0,N,3,0.0,06-08507,N
1.0,N,1.0,1.0,N,3,0.0,06-08507,N
1.0,N,1.0,1.0,N,3,0.0,06-08507,N
1.0,N,1.0,1.0,N,3,0.0,06-08507,N
1.0,N,6.0,2.0,N,3,0.0,06-08507,N
1.0,N,6.0,1.0,N,3,0.0,06-08507,N
1.0,N,1.0,1.0,N,3,0.0,06-08507,N
1.0,N,6.0,1.0,N,3,0.0,06-08507,N
2.0,N,6.0,1.0,N,3,0.0,06-08507,N
2.0,N,6.0,1.0,N,3,0.0,06-08507,N
2.0,N,1.0,1.0,N,3,0.0,06-08507,N
2.0,N,1.0,1.0,N,3,0.0,06-08507,N
1.0,N,6.0,1.0,N,3,0.0,06-08507,N
1.0,N,6.0,1.0,N,3,0.0,06-08507,N
2.0,N,6.0,1.0,N,3,0.0,06-08507,N
1.0,N,6.0,1.0,N,3,0.0,06-08507,N
1.0,N,6.0,1.0,N,3,0.0,06-08507,N
1.0,N,6.0,1.0,N,3,0.0,06-08507,N
2.0,N,6.0,1.0,N,3,0.0,06-08507,N
2.0,N,1.0,1.0,N,3,0.0,06-08507,N
2.0,N,1.0,1.0,N,3,0.0,06-08507,N
1.0,N,1.0,1.0,N,3,0.0,06-08507,N
2.0,N,1.0,1.0,N,3,0.0,06-08507,N
2.0,N,6.0,2.0,N,3,0.0,06-08507,N
2.0,N,1.0,1.0,N,3,0.0,06-08507,N
1.0,N,1.0,1.0,N,3,0.0,06-08507,N
1.0,N,6.0,1.0,N,3,0.0,06-08507,N
1.0,N,6.0,1.0,N,3,0.0,06-08507,N
2.0,N,1.0,1.0,N,3,0.0,06-08507,N
2.0,N,6.0,1.0,N,3,0.0,06-08507,N
1.0,N,6.0,1.0,N,3,0.0,06-08507,N
1.0,N,1.0,1.0,N,3,0.0,06-08507,N
1.0,N,6.0,1.0,N,3,0.0,06-08507,N
1.0,N,6.0,1.0,N,3,0.0,06-08507,N
2.0,N,1.0,1.0,N,3,0.0,06-08507,N
2.0,N,1.0,1.0,N,3,0.0,06-08507,N
2.0,N,1.0,1.0,N,3,0.0,06-08507,N
2.0,N,6.0,2.0,N,3,0.0,06-08507,N
1.0,N,1.0,1.0,N,3,0.0,06-08507,N
1.0,N,6.0,1.0,N,3,0.0,06-08507,N
1.0,N,6.0,1.0,N,3,0.0,06-08507,N
2.0,N,6.0,2.0,N,3,0.0,06-08507,N
2.0,N,6.0,2.0,N,3,0.0,06-08507,N
2.0,N,1.0,1.0,N,3,0.0,06-08507,N
2.0,N,1.0,1.0,N,3,0.0,06-08507,N
2.0,N,1.0,1.0,N,3,0.0,06-08507,N
2.0,N,6.0,1.0,N,3,0.0,06-08507,N
1.0,N,6.0,1.0,N,3,0.0,06-08507,N
1.0,N,6.0,2.0,N,3,0.0,06-08507,N
1.0,N,6.0,2.0,N,3,0.0,06-08507,N
1.0,N,6.0,2.0,N,3,0.0,06-08507,N
2.0,N,1.0,1.0,N,3,0.0,06-08507,N
1.0,N,1.0,1.0,N,3,0.0,06-08507,N
2.0,N,1.0,2.0,N,3,0.0,38-00100,N
1.0,N,1.0,1.0,N,N,0.0,38-00100,N
2.0,N,1.0,1.0,N,2,0.0,38-00100,N
2.0,N,1.0,1.0,N,N,0.0,38-00100,N
1.0,N,1.0,1.0,N,3,0.0,38-00100,N
2.0,N,1.0,1.0,N,1,0.0,38-00100,N
1.0,N,1.0,1.0,N,3,0.0,38-00100,N
2.0,N,1.0,1.0,N,2,0.0,38-00100,N
1.0,N,1.0,1.0,N,3,0.0,38-00100,N
2.0,N,1.0,1.0,N,2,0.0,38-00100,N
2.0,N,1.0,2.0,N,3,0.0,38-00100,N
2.0,N,1.0,1.0,N,3,0.0,38-00100,N
2.0,N,1.0,1.0,N,1,0.0,38-00100,N
1.0,N,1.0,1.0,N,N,0.0,38-00100,N
2.0,N,1.0,1.0,N,3,0.0,38-00100,N
2.0,N,1.0,1.0,N,3,0.0,38-00100,N
1.0,N,1.0,1.0,N,N,0.0,38-00100,N
1.0,N,1.0,1.0,N,3,0.0,38-00100,N
2.0,N,1.0,1.0,N,3,0.0,38-00100,N
1.0,N,1.0,1.0,N,3,0.0,38-00100,N
1.0,N,1.0,1.0,N,N,0.0,38-00100,N
2.0,N,1.0,1.0,N,N,0.0,38-00100,N
2.0,N,1.0,1.0,N,N,0.0,38-00100,N
1.0,N,1.0,1.0,N,2,0.0,38-00100,N
2.0,N,1.0,1.0,N,2,0.0,38-00100,N
1.0,N,1.0,1.0,N,1,0.0,38-00100,N
2.0,N,1.0,1.0,N,3,0.0,38-00100,N
1.0,N,1.0,1.0,N,2,0.0,38-00100,N
1.0,N,1.0,1.0,N,3,0.0,38-00100,N
1.0,N,1.0,1.0,N,3,0.0,38-00100,N
1.0,N,1.0,1.0,N,3,0.0,38-00100,N
1.0,N,1.0,1.0,N,2,0.0,38-00100,N
1.0,N,1.0,1.0,N,2,0.0,38-00100,N
2.0,N,1.0,1.0,N,1,0.0,38-00100,N
2.0,N,1.0,1.0,N,3,0.0,38-00100,N
2.0,N,1.0,1.0,N,N,0.0,38-00100,N
2.0,N,1.0,1.0,N,3,0.0,38-00100,N
1.0,N,1.0,1.0,N,3,0.0,38-00100,N
1.0,N,1.0,1.0,N,3,0.0,38-00100,N
1.0,N,1.0,1.0,N,2,0.0,38-00100,N
1.0,N,1.0,1.0,N,N,0.0,38-00100,N
1.0,N,1.0,1.0,N,3,0.0,38-00100,N
2.0,N,1.0,1.0,N,1,0.0,38-00100,N
2.0,N,1.0,1.0,N,1,0.0,38-00100,N
2.0,N,1.0,1.0,N,3,0.0,38-00100,N
1.0,N,1.0,1.0,N,3,0.0,38-00100,N
2.0,N,1.0,1.0,N,1,0.0,38-00100,N
1.0,N,1.0,1.0,N,3,0.0,38-00100,N
1.0,N,1.0,1.0,N,3,0.0,38-00100,N
2.0,N,1.0,1.0,N,3,0.0,38-00100,N
2.0,N,1.0,1.0,N,3,0.0,38-00100,N
1.0,N,1.0,1.0,N,3,0.0,38-00100,N
2.0,N,1.0,1.0,N,3,0.0,38-00100,N
1.0,N,1.0,1.0,N,3,0.0,38-00100,N
1.0,N,1.0,1.0,N,2,0.0,38-00100,N
2.0,N,1.0,1.0,N,1,0.0,38-00100,N
1.0,N,1.0,1.0,N,N,0.0,38-00100,N
1.0,N,1.0,1.0,N,N,0.0,38-00100,N
2.0,N,1.0,1.0,N,2,0.0,38-00100,N
1.0,N,1.0,1.0,N,2,0.0,38-00100,N
1.0,N,1.0,1.0,N,3,0.0,38-00100,N
2.0,N,1.0,2.0,N,3,0.0,38-00100,N
2.0,N,1.0,1.0,N,1,0.0,38-00100,N
1.0,N,1.0,1.0,N,3,0.0,38-00100,N
1.0,N,1.0,1.0,N,2,0.0,38-00100,N
2.0,N,1.0,1.0,N,N,0.0,38-00100,N
1.0,N,1.0,1.0,N,3,0.0,38-00100,N
1.0,N,1.0,1.0,N,3,0.0,38-00100,N
1.0,N,1.0,1.0,N,3,0.0,38-00100,N
2.0,N,1.0,1.0,N,N,0.0,38-00100,N
2.0,N,1.0,1.0,N,3,0.0,38-00100,N
2.0,N,1.0,1.0,N,3,0.0,38-00100,N
1.0,N,1.0,1.0,N,2,0.0,38-00100,N
1.0,N,1.0,1.0,N,3,0.0,38-00100,N
2.0,N,1.0,1.0,N,3,0.0,38-00100,N
2.0,N,1.0,1.0,N,3,0.0,38-00100,N
1.0,N,1.0,1.0,N,3,0.0,38-00100,N
2.0,N,1.0,1.0,N,3,0.0,38-00100,N
1.0,N,1.0,1.0,N,3,0.0,38-00100,N
2.0,N,1.0,1.0,N,3,0.0,38-00100,N
1.0,N,1.0,1.0,N,1,0.0,38-00100,N
1.0,N,1.0,1.0,N,2,0.0,38-00100,N
1.0,N,1.0,1.0,N,1,0.0,38-00100,N
1.0,N,1.0,1.0,N,3,0.0,38-00100,N
1.0,N,1.0,1.0,N,3,0.0,38-00100,N
2.0,N,1.0,1.0,N,3,0.0,38-00100,N
1.0,N,1.0,1.0,N,3,0.0,38-00100,N
2.0,N,1.0,1.0,N,2,0.0,38-00100,N
1.0,N,1.0,1.0,N,3,0.0,38-00100,N
1.0,N,1.0,1.0,N,3,0.0,38-00100,N
2.0,N,1.0,1.0,N,3,0.0,38-00100,N
1.0,N,1.0,1.0,N,3,0.0,38-00100,N
1.0,N,1.0,1.0,N,3,0.0,38-00100,N
1.0,N,1.0,1.0,N,1,0.0,38-00100,N
2.0,N,1.0,2.0,N,3,0.0,38-00100,N
1.0,N,1.0,1.0,N,3,0.0,38-00100,N
1.0,N,1.0,1.0,N,3,0.0,38-00100,N
1.0,N,1.0,1.0,N,1,0.0,38-00100,N
1.0,N,1.0,1.0,N,1,0.0,38-00100,N
1.0,N,1.0,1.0,N,3,0.0,38-00100,N
1.0,N,1.0,1.0,N,3,0.0,38-00100,N
1.0,N,1.0,1.0,N,3,0.0,38-00100,N
1.0,N,1.0,1.0,N,3,0.0,38-00100,N
2.0,N,1.0,1.0,N,1,0.0,38-00100,N
2.0,N,1.0,1.0,N,N,0.0,38-00100,N
1.0,N,1.0,1.0,N,3,0.0,38-00100,N
1.0,N,1.0,1.0,N,3,0.0,38-00100,N
2.0,N,1.0,2.0,N,3,0.0,38-00100,N
2.0,N,1.0,1.0,N,2,0.0,38-00100,N
2.0,N,1.0,1.0,N,1,0.0,38-00100,N
2.0,N,1.0,1.0,N,N,0.0,38-00100,N
2.0,N,1.0,1.0,N,2,0.0,38-00100,N
1.0,N,1.0,1.0,N,3,0.0,38-00100,N
2.0,N,1.0,1.0,N,3,0.0,38-00100,N
2.0,N,1.0,1.0,N,3,0.0,38-00100,N
2.0,N,1.0,2.0,N,3,0.0,38-00100,N
2.0,N,1.0,2.0,N,3,0.0,38-00100,N
2.0,N,1.0,2.0,N,3,0.0,38-00100,N
2.0,N,1.0,1.0,N,2,0.0,38-00100,N
1.0,N,1.0,1.0,N,3,0.0,38-00100,N
1.0,N,1.0,1.0,N,3,0.0,38-00100,N
2.0,N,1.0,1.0,N,3,0.0,38-00100,N
1.0,N,1.0,1.0,N,1,0.0,38-00100,N
2.0,N,1.0,1.0,N,N,0.0,38-00100,N
2.0,N,1.0,1.0,N,3,0.0,38-00100,N
1.0,N,1.0,1.0,N,N,0.0,38-00100,N
2.0,N,1.0,1.0,N,3,0.0,38-00100,N
2.0,N,1.0,2.0,N,3,0.0,38-00100,N
2.0,N,1.0,1.0,N,1,0.0,38-00100,N
1.0,N,1.0,1.0,N,N,0.0,38-00100,N
2.0,N,1.0,1.0,N,3,0.0,38-00100,N
2.0,N,1.0,2.0,N,3,0.0,38-00100,N
2.0,N,1.0,2.0,N,3,0.0,38-00100,N
2.0,N,1.0,1.0,N,3,0.0,38-00100,N
1.0,N,1.0,1.0,N,2,0.0,38-00100,N
1.0,N,1.0,1.0,N,1,0.0,38-00100,N
2.0,N,1.0,1.0,N,N,0.0,38-00100,N
2.0,N,1.0,1.0,N,3,0.0,38-00100,N
2.0,N,1.0,2.0,N,3,0.0,38-00100,N
2.0,N,1.0,1.0,N,2,0.0,38-00100,N
2.0,N,1.0,1.0,N,N,0.0,38-00100,N
1.0,N,1.0,1.0,N,3,0.0,38-00100,N
1.0,N,1.0,1.0,N,1,0.0,38-00100,N
1.0,N,1.0,1.0,N,3,0.0,38-00100,N
1.0,N,1.0,1.0,N,3,0.0,38-00100,N
1.0,N,1.0,1.0,N,3,0.0,38-00100,N
1.0,N,1.0,1.0,N,1,0.0,38-00100,N
1.0,N,1.0,1.0,N,1,0.0,38-00100,N
1.0,N,1.0,1.0,N,3,0.0,38-00100,N
2.0,N,1.0,1.0,N,3,0.0,38-00100,N
1.0,N,1.0,1.0,N,N,0.0,38-00100,N
1.0,N,1.0,1.0,N,2,0.0,38-00100,N
1.0,N,1.0,1.0,N,N,0.0,38-00100,N
2.0,N,1.0,1.0,N,N,0.0,38-00100,N
1.0,N,1.0,1.0,N,N,0.0,38-00100,N
1.0,N,1.0,1.0,N,N,0.0,38-00100,N
2.0,N,1.0,1.0,N,N,0.0,38-00100,N
2.0,N,1.0,1.0,N,2,0.0,38-00100,N
2.0,N,1.0,1.0,N,N,0.0,38-00100,N
2.0,N,1.0,1.0,N,3,0.0,38-00100,N
2.0,N,1.0,1.0,N,3,0.0,38-00100,N
1.0,N,1.0,1.0,N,3,0.0,38-00100,N
1.0,N,1.0,1.0,N,3,0.0,38-00100,N
2.0,N,1.0,1.0,N,3,0.0,38-00100,N
2.0,N,1.0,1.0,N,3,0.0,38-00100,N
1.0,N,1.0,1.0,N,3,0.0,38-00100,N
1.0,N,1.0,1.0,N,3,0.0,38-00100,N
1.0,N,1.0,1.0,N,2,0.0,38-00100,N
2.0,N,1.0,1.0,N,1,0.0,38-00100,N
1.0,N,1.0,1.0,N,N,0.0,38-00100,N
2.0,N,1.0,2.0,N,3,0.0,38-00100,N
2.0,N,1.0,1.0,N,2,0.0,38-00100,N
1.0,N,1.0,1.0,N,N,0.0,38-00100,N
2.0,N,1.0,1.0,N,N,0.0,38-00100,N
1.0,N,1.0,1.0,N,3,0.0,38-00100,N
1.0,N,1.0,1.0,N,N,0.0,38-00100,N
2.0,N,1.0,1.0,N,N,0.0,38-00100,N
2.0,N,1.0,1.0,N,3,0.0,38-00100,N
2.0,N,1.0,1.0,N,3,0.0,38-00100,N
1.0,N,1.0,1.0,N,3,0.0,38-00100,N
2.0,N,1.0,1.0,N,N,0.0,38-00100,N
1.0,N,1.0,1.0,N,1,0.0,38-00100,N
2.0,N,1.0,1.0,N,1,0.0,38-00100,N
1.0,N,1.0,1.0,N,N,0.0,38-00100,N
1.0,N,1.0,1.0,N,N,0.0,38-00100,N
2.0,N,1.0,1.0,N,3,0.0,38-00100,N
1.0,N,1.0,1.0,N,3,0.0,38-00100,N
2.0,N,1.0,1.0,N,3,0.0,38-00100,N
1.0,N,1.0,1.0,N,3,0.0,38-00100,N
1.0,N,1.0,1.0,N,3,0.0,38-00100,N
2.0,N,1.0,1.0,N,3,0.0,38-00100,N
2.0,N,1.0,1.0,N,1,0.0,38-00100,N
2.0,N,1.0,1.0,N,3,0.0,38-00100,N
2.0,N,1.0,1.0,N,N,0.0,38-00100,N
2.0,N,1.0,1.0,N,3,0.0,38-00100,N
1.0,N,1.0,1.0,N,3,0.0,38-00100,N
1.0,N,1.0,1.0,N,3,0.0,38-00100,N
1.0,N,1.0,1.0,N,2,0.0,38-00100,N
1.0,N,1.0,1.0,N,3,0.0,38-00100,N
2.0,N,1.0,1.0,N,3,0.0,38-00100,N
1.0,N,1.0,1.0,N,1,0.0,38-00100,N
1.0,N,1.0,1.0,N,3,0.0,38-00100,N
1.0,N,1.0,1.0,N,3,0.0,38-00100,N
1.0,N,1.0,1.0,N,3,0.0,38-00100,N
1.0,N,1.0,1.0,N,3,0.0,38-00100,N
2.0,N,1.0,1.0,N,3,0.0,38-00100,N
1.0,N,1.0,1.0,N,3,0.0,38-00100,N
1.0,N,1.0,1.0,N,3,0.0,38-00100,N
2.0,N,1.0,1.0,N,1,0.0,38-00100,N
2.0,N,1.0,1.0,N,N,0.0,38-00100,N
1.0,N,1.0,1.0,N,3,0.0,38-00100,N
1.0,N,1.0,1.0,N,N,0.0,38-00100,N
1.0,N,1.0,1.0,N,3,0.0,38-00100,N
2.0,N,1.0,1.0,N,1,0.0,38-00100,N
1.0,N,1.0,1.0,N,1,0.0,38-00100,N
2.0,N,1.0,1.0,N,3,0.0,38-00100,N
1.0,N,1.0,1.0,N,1,0.0,38-00100,N
2.0,N,1.0,1.0,N,N,0.0,38-00100,N
2.0,N,1.0,1.0,N,3,0.0,38-00100,N
2.0,N,1.0,1.0,N,1,0.0,38-00100,N
1.0,N,1.0,1.0,N,1,0.0,38-00100,N
2.0,N,1.0,1.0,N,N,0.0,38-00100,N
1.0,N,1.0,1.0,N,2,0.0,38-00100,N
2.0,N,1.0,1.0,N,3,0.0,38-00100,N
2.0,N,1.0,1.0,N,3,0.0,38-00100,N
2.0,N,1.0,1.0,N,2,0.0,38-00100,N
2.0,N,1.0,1.0,N,N,0.0,38-00100,N
1.0,N,1.0,1.0,N,N,0.0,38-00100,N
1.0,N,1.0,1.0,N,3,0.0,38-00100,N
2.0,N,1.0,1.0,N,2,0.0,38-00100,N
2.0,N,1.0,1.0,N,3,0.0,38-00100,N
1.0,N,1.0,1.0,N,1,0.0,38-00100,N
1.0,N,1.0,1.0,N,N,0.0,38-00100,N
1.0,N,1.0,1.0,N,N,0.0,38-00100,N
1.0,N,1.0,1.0,N,3,0.0,38-00100,N
1.0,N,1.0,1.0,N,3,0.0,38-00100,N
2.0,N,1.0,1.0,N,N,0.0,38-00100,N
2.0,N,1.0,1.0,N,3,0.0,38-00100,N
2.0,N,1.0,1.0,N,3,0.0,38-00100,N
2.0,N,1.0,1.0,N,N,0.0,38-00100,N
2.0,N,1.0,1.0,N,3,0.0,38-00100,N
2.0,N,1.0,1.0,N,1,0.0,38-00100,N
1.0,N,1.0,1.0,N,1,0.0,38-00100,N
2.0,N,1.0,1.0,N,N,0.0,38-00100,N
1.0,N,1.0,1.0,N,2,0.0,38-00100,N
1.0,N,1.0,1.0,N,N,0.0,38-00100,N
1.0,N,1.0,1.0,N,3,0.0,38-00100,N
2.0,N,1.0,1.0,N,3,0.0,38-00100,N
1.0,N,1.0,1.0,N,1,0.0,38-00100,N
1.0,N,1.0,1.0,N,N,0.0,38-00100,N
1.0,N,1.0,1.0,N,2,0.0,38-00100,N
1.0,N,1.0,1.0,N,2,0.0,38-00100,N
1.0,N,1.0,1.0,N,3,0.0,38-00100,N
1.0,N,1.0,1.0,N,3,0.0,38-00100,N
2.0,N,1.0,1.0,N,1,0.0,38-00100,N
1.0,N,1.0,1.0,N,2,0.0,38-00100,N
1.0,N,1.0,1.0,N,1,0.0,38-00100,N
1.0,N,1.0,1.0,N,3,0.0,38-00100,N
1.0,N,1.0,1.0,N,1,0.0,38-00100,N
2.0,N,1.0,1.0,N,2,0.0,38-00100,N
1.0,N,1.0,1.0,N,N,0.0,38-00100,N
1.0,N,1.0,1.0,N,3,0.0,38-00100,N
2.0,N,1.0,1.0,N,3,0.0,38-00100,N
2.0,N,1.0,1.0,N,1,0.0,38-00100,N
2.0,N,1.0,1.0,N,3,0.0,38-00100,N
2.0,N,1.0,1.0,N,3,0.0,38-00100,N
2.0,N,1.0,1.0,N,N,0.0,38-00100,N
2.0,N,1.0,2.0,N,3,0.0,38-00100,N
2.0,N,1.0,1.0,N,3,0.0,08-00803,N
1.0,N,1.0,1.0,N,3,0.0,08-00803,N
2.0,N,1.0,1.0,N,3,0.0,08-00803,N
2.0,N,1.0,1.0,N,3,0.0,08-00803,N
2.0,N,1.0,1.0,N,3,0.0,08-00803,N
1.0,N,1.0,1.0,N,3,0.0,08-00803,N
2.0,N,1.0,1.0,N,3,0.0,08-00803,N
2.0,N,1.0,1.0,N,3,0.0,08-00803,N
2.0,N,1.0,1.0,N,3,0.0,08-00803,N
2.0,N,1.0,1.0,N,3,0.0,08-00803,N
2.0,N,1.0,1.0,N,3,0.0,08-00803,N
1.0,N,1.0,1.0,N,3,0.0,08-00803,N
2.0,N,1.0,1.0,N,3,0.0,08-00803,N
1.0,N,1.0,1.0,N,3,0.0,08-00803,N
2.0,N,1.0,1.0,N,3,0.0,08-00803,N
1.0,N,1.0,1.0,N,3,0.0,08-00803,N
1.0,N,1.0,1.0,N,3,0.0,08-00803,N
1.0,N,1.0,1.0,N,3,0.0,08-00803,N
2.0,N,1.0,1.0,N,3,0.0,08-00803,N
2.0,N,1.0,1.0,N,3,0.0,08-00803,N
1.0,N,1.0,1.0,N,3,0.0,08-00803,N
1.0,N,1.0,1.0,N,3,0.0,08-00803,N
1.0,N,1.0,1.0,N,3,0.0,08-00803,N
1.0,N,1.0,1.0,N,3,0.0,08-00803,N
2.0,N,1.0,1.0,N,3,0.0,08-00803,N
1.0,N,1.0,1.0,N,3,0.0,08-00803,N
2.0,N,1.0,1.0,N,3,0.0,08-00803,N
2.0,N,1.0,1.0,N,3,0.0,08-00803,N
1.0,N,1.0,1.0,N,3,0.0,08-00803,N
2.0,N,1.0,1.0,N,3,0.0,08-00803,N
2.0,N,1.0,1.0,N,3,0.0,08-00803,N
1.0,N,1.0,1.0,N,3,0.0,08-00803,N
2.0,N,1.0,1.0,N,3,0.0,08-00803,N
1.0,N,1.0,1.0,N,3,0.0,08-00803,N
2.0,N,1.0,1.0,N,3,0.0,08-00803,N
1.0,N,1.0,1.0,N,3,0.0,08-00803,N
2.0,N,1.0,1.0,N,3,0.0,08-00803,N
1.0,N,1.0,1.0,N,3,0.0,08-00803,N
1.0,N,1.0,1.0,N,3,0.0,08-00803,N
1.0,N,1.0,1.0,N,3,0.0,08-00803,N
1.0,N,1.0,1.0,N,3,0.0,08-00803,N
1.0,N,1.0,1.0,N,3,0.0,08-00803,N
1.0,N,1.0,1.0,N,3,0.0,08-00803,N
1.0,N,1.0,1.0,N,3,0.0,08-00803,N
2.0,N,1.0,1.0,N,3,0.0,08-00803,N
1.0,N,1.0,1.0,N,3,0.0,08-00803,N
2.0,N,1.0,1.0,N,3,0.0,08-00803,N
2.0,N,1.0,1.0,N,3,0.0,08-00803,N
1.0,N,1.0,1.0,N,3,0.0,08-00803,N
2.0,N,1.0,1.0,N,3,0.0,08-00803,N
2.0,N,1.0,1.0,N,3,0.0,08-00803,N
1.0,N,1.0,1.0,N,3,0.0,08-00803,N
1.0,N,1.0,1.0,N,3,0.0,08-00803,N
1.0,N,1.0,1.0,N,3,0.0,08-00803,N
2.0,N,1.0,1.0,N,3,0.0,08-00803,N
2.0,N,1.0,1.0,N,3,0.0,08-00803,N
1.0,N,1.0,1.0,N,3,0.0,08-00803,N
1.0,N,1.0,1.0,N,3,0.0,08-00803,N
1.0,N,1.0,1.0,N,3,0.0,08-00803,N
2.0,N,1.0,1.0,N,3,0.0,08-00803,N
1.0,N,3.0,1.0,N,3,0.0,40-00200,N
2.0,N,1.0,1.0,N,3,0.0,40-00200,N
1.0,N,3.0,1.0,N,3,0.0,40-00200,N
1.0,N,3.0,1.0,N,3,0.0,40-00200,N
1.0,N,3.0,1.0,N,3,0.0,40-00200,N
1.0,N,3.0,1.0,N,3,0.0,40-00200,N
2.0,N,1.0,1.0,N,3,0.0,40-00200,N
1.0,N,1.0,1.0,N,3,0.0,40-00200,N
2.0,N,1.0,1.0,N,3,0.0,40-00200,N
2.0,N,1.0,1.0,N,3,0.0,40-00200,N
2.0,N,3.0,1.0,N,3,0.0,40-00200,N
2.0,N,1.0,1.0,N,3,0.0,40-00200,N
1.0,N,3.0,1.0,N,3,0.0,40-00200,N
1.0,N,3.0,1.0,N,3,0.0,40-00200,N
1.0,N,1.0,1.0,N,3,0.0,40-00200,N
1.0,N,1.0,1.0,N,3,0.0,40-00200,N
2.0,N,1.0,1.0,N,3,0.0,40-00200,N
1.0,N,3.0,1.0,N,3,0.0,40-00200,N
2.0,N,3.0,1.0,N,3,0.0,40-00200,N
1.0,N,3.0,1.0,N,3,0.0,40-00200,N
2.0,N,3.0,1.0,N,3,0.0,40-00200,N
1.0,N,3.0,1.0,N,3,0.0,40-00200,N
2.0,N,1.0,1.0,N,3,0.0,40-00200,N
1.0,N,1.0,1.0,N,3,0.0,40-00200,N
2.0,N,3.0,1.0,N,3,0.0,40-00200,N
1.0,N,3.0,1.0,N,3,0.0,40-00200,N
2.0,N,3.0,1.0,N,3,0.0,40-00200,N
1.0,N,3.0,1.0,N,3,0.0,40-00200,N
2.0,N,3.0,1.0,N,3,0.0,40-00200,N
2.0,N,1.0,1.0,N,3,0.0,40-00200,N
1.0,N,1.0,1.0,N,3,0.0,40-00200,N
1.0,N,1.0,1.0,N,3,0.0,40-00200,N
2.0,N,1.0,1.0,N,3,0.0,40-00200,N
2.0,N,1.0,1.0,N,3,0.0,40-00200,N
1.0,N,1.0,1.0,N,3,0.0,40-00200,N
2.0,N,1.0,1.0,N,3,0.0,40-00200,N
2.0,N,3.0,1.0,N,3,0.0,40-00200,N
2.0,N,3.0,1.0,N,3,0.0,40-00200,N
2.0,N,3.0,1.0,N,3,0.0,40-00200,N
1.0,N,1.0,1.0,N,3,0.0,40-00200,N
2.0,N,1.0,1.0,N,3,0.0,40-00200,N
2.0,N,1.0,1.0,N,3,0.0,40-00200,N
2.0,N,3.0,1.0,N,3,0.0,40-00200,N
2.0,N,3.0,1.0,N,3,0.0,40-00200,N
2.0,N,3.0,1.0,N,3,0.0,40-00200,N
2.0,N,1.0,1.0,N,3,0.0,40-00200,N
1.0,N,1.0,1.0,N,3,0.0,40-00200,N
2.0,N,1.0,1.0,N,3,0.0,40-00200,N
1.0,N,1.0,1.0,N,3,0.0,40-00200,N
2.0,N,3.0,1.0,N,3,0.0,40-00200,N
1.0,N,1.0,1.0,N,3,0.0,40-00200,N
1.0,N,1.0,1.0,N,3,0.0,40-00200,N
1.0,N,1.0,1.0,N,3,0.0,40-00200,N
2.0,N,3.0,1.0,N,3,0.0,40-00200,N
2.0,N,3.0,1.0,N,3,0.0,40-00200,N
1.0,N,3.0,1.0,N,3,0.0,40-00200,N
1.0,N,3.0,1.0,N,3,0.0,40-00200,N
1.0,N,3.0,1.0,N,3,0.0,40-00200,N
1.0,N,1.0,1.0,N,3,0.0,40-00200,N
2.0,N,3.0,1.0,N,3,0.0,40-00200,N
2.0,N,3.0,1.0,N,3,0.0,40-00200,N
2.0,N,3.0,1.0,N,3,0.0,40-00200,N
1.0,N,1.0,1.0,N,3,0.0,40-00200,N
2.0,N,3.0,1.0,N,3,0.0,40-00200,N
1.0,N,3.0,1.0,N,3,0.0,40-00200,N
2.0,N,1.0,1.0,N,3,0.0,40-00200,N
1.0,N,1.0,1.0,N,3,0.0,40-00200,N
2.0,N,2.0,2.0,N,3,0.0,13-04600,N
1.0,N,2.0,2.0,N,3,0.0,13-04600,N
2.0,N,2.0,2.0,N,3,0.0,13-04600,N
1.0,N,2.0,2.0,N,3,0.0,13-04600,N
1.0,N,2.0,2.0,N,3,0.0,13-04600,N
2.0,N,2.0,2.0,N,3,0.0,13-04600,N
2.0,N,2.0,2.0,N,3,0.0,13-04600,N
2.0,N,2.0,2.0,N,3,0.0,13-04600,N
2.0,N,2.0,2.0,N,3,0.0,13-04600,N
2.0,N,2.0,2.0,N,3,0.0,13-04600,N
2.0,N,2.0,2.0,N,3,0.0,13-04600,N
1.0,N,2.0,2.0,N,3,0.0,13-04600,N
2.0,N,2.0,2.0,N,3,0.0,13-04600,N
1.0,N,2.0,2.0,N,3,0.0,13-04600,N
2.0,N,2.0,2.0,N,3,0.0,13-04600,N
2.0,N,2.0,2.0,N,3,0.0,13-04600,N
1.0,N,2.0,2.0,N,3,0.0,13-04600,N
2.0,N,2.0,2.0,N,3,0.0,13-04600,N
2.0,N,2.0,2.0,N,3,0.0,13-04600,N
1.0,N,2.0,2.0,N,3,0.0,13-04600,N
2.0,N,2.0,2.0,N,3,0.0,13-04600,N
1.0,N,2.0,2.0,N,3,0.0,13-04600,N
2.0,N,2.0,2.0,N,3,0.0,13-04600,N
1.0,N,2.0,2.0,N,3,0.0,13-04600,N
2.0,N,2.0,2.0,N,3,0.0,13-04600,N
2.0,N,2.0,2.0,N,3,0.0,13-04600,N
1.0,N,2.0,2.0,N,3,0.0,13-04600,N
2.0,N,2.0,2.0,N,3,0.0,13-04600,N
2.0,N,2.0,2.0,N,3,0.0,13-04600,N
2.0,N,2.0,2.0,N,3,0.0,13-04600,N
1.0,N,2.0,2.0,N,3,0.0,13-04600,N
2.0,N,2.0,2.0,N,3,0.0,13-04600,N
2.0,N,2.0,2.0,N,3,0.0,13-04600,N
1.0,N,2.0,2.0,N,3,0.0,13-04600,N
2.0,N,2.0,2.0,N,3,0.0,13-04600,N
1.0,N,2.0,2.0,N,3,0.0,13-04600,N
1.0,N,2.0,2.0,N,3,0.0,17-03529,N
1.0,N,2.0,2.0,N,3,0.0,17-03531,N
2.0,N,2.0,2.0,N,3,0.0,17-03531,N
2.0,N,2.0,2.0,N,3,0.0,17-03531,N
2.0,N,2.0,1.0,N,3,0.0,17-03529,N
2.0,N,2.0,1.0,N,3,0.0,17-03529,N
1.0,N,2.0,2.0,N,3,0.0,17-03529,N
2.0,N,2.0,2.0,N,3,0.0,17-03531,N
1.0,N,2.0,2.0,N,N,0.0,17-03531,N
2.0,N,2.0,2.0,N,3,0.0,17-03531,N
1.0,N,2.0,2.0,N,N,0.0,17-03531,N
1.0,N,2.0,2.0,N,3,0.0,17-03529,N
2.0,N,2.0,2.0,N,3,0.0,17-03529,N
1.0,N,2.0,1.0,N,3,0.0,17-03531,N
1.0,N,2.0,1.0,N,3,0.0,17-03531,N
1.0,N,2.0,1.0,N,3,0.0,17-03531,N
1.0,N,2.0,2.0,N,3,0.0,17-03531,N
1.0,N,2.0,2.0,N,N,0.0,17-03531,N
2.0,N,2.0,1.0,N,3,0.0,17-03529,N
2.0,N,2.0,2.0,N,3,0.0,17-03529,N
2.0,N,2.0,1.0,N,3,0.0,17-03529,N
1.0,N,2.0,2.0,N,3,0.0,17-03529,N
1.0,N,2.0,2.0,N,3,0.0,17-03529,N
1.0,N,2.0,1.0,N,3,0.0,17-03531,N
1.0,N,2.0,2.0,N,3,0.0,17-03529,N
1.0,N,2.0,2.0,N,3,0.0,17-03529,N
2.0,N,2.0,2.0,N,3,0.0,17-03529,N
2.0,N,2.0,1.0,N,3,0.0,17-03531,N
1.0,N,2.0,1.0,N,3,0.0,17-03531,N
2.0,N,2.0,2.0,N,3,0.0,17-03529,N
1.0,N,2.0,2.0,N,3,0.0,17-03529,N
2.0,N,2.0,2.0,N,3,0.0,17-03531,N
2.0,N,2.0,1.0,N,3,0.0,17-03531,N
1.0,N,2.0,1.0,N,3,0.0,17-03531,N
2.0,N,2.0,2.0,N,3,0.0,17-03529,N
1.0,N,2.0,2.0,N,3,0.0,17-03529,N
1.0,N,2.0,2.0,N,3,0.0,17-03529,N
1.0,N,2.0,2.0,N,3,0.0,17-03529,N
2.0,N,2.0,1.0,N,3,0.0,17-03531,N
2.0,N,2.0,2.0,N,3,0.0,17-03531,N
1.0,N,2.0,2.0,N,3,0.0,17-03531,N
1.0,N,2.0,2.0,N,N,0.0,17-03531,N
1.0,N,2.0,2.0,N,N,0.0,17-03531,N
2.0,N,2.0,1.0,N,3,0.0,17-03529,N
2.0,N,2.0,2.0,N,3,0.0,17-03529,N
2.0,N,2.0,2.0,N,3,0.0,17-03529,N
1.0,N,2.0,2.0,N,3,0.0,17-03529,N
2.0,N,2.0,2.0,N,3,0.0,17-03529,N
1.0,N,2.0,2.0,N,3,0.0,17-03529,N
1.0,N,2.0,2.0,N,3,0.0,17-03531,N
2.0,N,2.0,1.0,N,3,0.0,17-03531,N
2.0,N,2.0,2.0,N,3,0.0,17-03529,N
1.0,N,2.0,2.0,N,N,0.0,17-03531,N
1.0,N,2.0,1.0,N,3,0.0,17-03531,N
2.0,N,2.0,1.0,N,3,0.0,17-03529,N
1.0,N,2.0,2.0,N,3,0.0,17-03529,N
2.0,N,2.0,2.0,N,3,0.0,17-03531,N
1.0,N,2.0,2.0,N,3,0.0,17-03531,N
1.0,N,2.0,2.0,N,3,0.0,17-03529,N
2.0,N,2.0,1.0,N,3,0.0,17-03529,N
2.0,N,2.0,2.0,N,3,0.0,17-03529,N
2.0,N,2.0,2.0,N,3,0.0,17-03529,N
2.0,N,2.0,2.0,N,3,0.0,17-03529,N
1.0,N,2.0,2.0,N,3,0.0,17-03531,N
1.0,N,2.0,2.0,N,3,0.0,17-03531,N
1.0,N,2.0,2.0,N,N,0.0,17-03531,N
2.0,N,2.0,2.0,N,3,0.0,17-03529,N
1.0,N,2.0,2.0,N,3,0.0,17-03529,N
2.0,N,2.0,2.0,N,3,0.0,17-03529,N
2.0,N,2.0,1.0,N,3,0.0,17-03531,N
1.0,N,2.0,2.0,N,3,0.0,17-03531,N
2.0,N,2.0,2.0,N,3,0.0,17-03531,N
1.0,N,2.0,2.0,N,3,0.0,17-03531,N
2.0,N,2.0,2.0,N,3,0.0,17-03531,N
1.0,N,2.0,2.0,N,N,0.0,17-03531,N
1.0,N,2.0,2.0,N,N,0.0,17-03531,N
1.0,N,2.0,1.0,N,3,0.0,17-03531,N
2.0,N,2.0,2.0,N,3,0.0,17-03531,N
2.0,N,2.0,1.0,N,3,0.0,17-03531,N
2.0,N,2.0,1.0,N,3,0.0,17-03531,N
1.0,N,2.0,2.0,N,3,0.0,17-03531,N
1.0,N,2.0,2.0,N,3,0.0,17-03531,N
2.0,N,2.0,1.0,N,3,0.0,17-03529,N
2.0,N,2.0,1.0,N,3,0.0,17-03531,N
1.0,N,2.0,2.0,N,N,0.0,17-03531,N
1.0,N,2.0,2.0,N,3,0.0,17-03529,N
2.0,N,2.0,1.0,N,3,0.0,17-03531,N
1.0,N,2.0,2.0,N,3,0.0,17-03529,N
2.0,N,2.0,2.0,N,3,0.0,17-03531,N
2.0,N,2.0,2.0,N,3,0.0,17-03529,N
1.0,N,2.0,2.0,N,3,0.0,17-03529,N
1.0,N,2.0,1.0,N,3,0.0,17-03531,N
2.0,N,2.0,2.0,N,3,0.0,17-03529,N
1.0,N,2.0,2.0,N,3,0.0,17-03529,N
2.0,N,2.0,2.0,N,3,0.0,17-03529,N
2.0,N,2.0,2.0,N,3,0.0,17-03529,N
2.0,N,2.0,2.0,N,3,0.0,17-03529,N
1.0,N,2.0,2.0,N,3,0.0,17-03529,N
2.0,N,2.0,2.0,N,3,0.0,17-03529,N
1.0,N,2.0,2.0,N,3,0.0,17-03529,N
2.0,N,2.0,2.0,N,3,0.0,17-03529,N
2.0,N,2.0,1.0,N,3,0.0,17-03529,N
2.0,N,2.0,1.0,N,3,0.0,17-03529,N
1.0,N,2.0,2.0,N,3,0.0,17-03531,N
2.0,N,2.0,2.0,N,3,0.0,17-03529,N
1.0,N,2.0,2.0,N,3,0.0,17-03531,N
2.0,N,2.0,2.0,N,3,0.0,17-03531,N
1.0,N,2.0,2.0,N,N,0.0,17-03531,N
2.0,N,2.0,2.0,N,3,0.0,17-03529,N
1.0,N,2.0,2.0,N,3,0.0,17-03529,N
1.0,N,2.0,1.0,N,3,0.0,17-03531,N
1.0,N,2.0,1.0,N,3,0.0,17-03531,N
2.0,N,2.0,2.0,N,3,0.0,17-03531,N
1.0,N,2.0,2.0,N,3,0.0,17-03531,N
2.0,N,2.0,2.0,N,3,0.0,17-03531,N
1.0,N,2.0,2.0,N,N,0.0,17-03531,N
2.0,N,2.0,2.0,N,3,0.0,17-03529,N
2.0,N,2.0,2.0,N,3,0.0,17-03531,N
2.0,N,2.0,2.0,N,3,0.0,17-03529,N
1.0,N,2.0,2.0,N,3,0.0,17-03529,N
1.0,N,2.0,2.0,N,3,0.0,17-03531,N
2.0,N,2.0,2.0,N,3,0.0,17-03531,N
1.0,N,2.0,2.0,N,3,0.0,17-03531,N
1.0,N,2.0,2.0,N,3,0.0,17-03531,N
1.0,N,2.0,1.0,N,3,0.0,17-03531,N
2.0,N,2.0,1.0,N,3,0.0,17-03531,N
1.0,N,2.0,2.0,N,3,0.0,17-03531,N
2.0,N,2.0,2.0,N,3,0.0,17-03531,N
2.0,N,2.0,2.0,N,3,0.0,17-03529,N
2.0,N,2.0,1.0,N,3,0.0,17-03529,N
2.0,N,2.0,1.0,N,3,0.0,17-03531,N
2.0,N,2.0,1.0,N,3,0.0,17-03529,N
1.0,N,2.0,1.0,N,3,0.0,17-03531,N
1.0,N,2.0,1.0,N,3,0.0,17-03531,N
2.0,N,2.0,1.0,N,3,0.0,17-03531,N
2.0,N,2.0,2.0,N,3,0.0,17-03529,N
2.0,N,2.0,2.0,N,3,0.0,17-03529,N
1.0,N,2.0,2.0,N,3,0.0,17-03529,N
2.0,N,2.0,1.0,N,3,0.0,17-03531,N
1.0,N,2.0,2.0,N,3,0.0,17-03529,N
2.0,N,2.0,2.0,N,3,0.0,17-03529,N
1.0,N,2.0,2.0,N,3,0.0,17-03529,N
2.0,N,2.0,2.0,N,3,0.0,17-03529,N
1.0,N,2.0,2.0,N,3,0.0,17-03529,N
1.0,N,2.0,2.0,N,3,0.0,17-03529,N
1.0,N,2.0,2.0,N,3,0.0,17-03529,N
2.0,N,2.0,1.0,N,3,0.0,17-03531,N
1.0,N,1.0,1.0,N,2,0.0,19-01700,N
1.0,N,1.0,1.0,N,2,0.0,19-01700,N
1.0,N,1.0,1.0,N,2,0.0,19-01700,N
1.0,N,1.0,1.0,N,3,0.0,19-01700,N
1.0,N,1.0,1.0,N,3,0.0,19-01700,N
2.0,N,1.0,1.0,N,3,0.0,19-01700,N
2.0,N,1.0,1.0,N,2,0.0,19-01700,N
1.0,N,1.0,1.0,N,N,0.0,19-01700,N
2.0,N,1.0,1.0,N,2,0.0,19-01700,N
1.0,N,1.0,1.0,N,2,0.0,19-01700,N
1.0,N,1.0,1.0,N,N,0.0,19-01700,N
1.0,N,1.0,1.0,N,3,0.0,19-01700,N
1.0,N,1.0,1.0,N,3,0.0,19-01700,N
1.0,N,1.0,1.0,N,3,0.0,19-01700,N
1.0,N,1.0,1.0,N,N,0.0,19-01700,N
2.0,N,1.0,1.0,N,3,0.0,19-01700,N
1.0,N,1.0,1.0,N,3,0.0,19-01700,N
2.0,N,1.0,1.0,N,2,0.0,19-01700,N
1.0,N,1.0,1.0,N,N,0.0,19-01700,N
1.0,N,1.0,1.0,N,3,0.0,19-01700,N
1.0,N,1.0,1.0,N,3,0.0,19-01700,N
1.0,N,1.0,1.0,N,2,0.0,19-01700,N
2.0,N,1.0,1.0,N,3,0.0,19-01700,N
2.0,N,1.0,1.0,N,3,0.0,19-01700,N
1.0,N,1.0,1.0,N,3,0.0,19-01700,N
1.0,N,1.0,1.0,N,2,0.0,19-01700,N
2.0,N,1.0,1.0,N,2,0.0,19-01700,N
1.0,N,1.0,1.0,N,3,0.0,19-01700,N
1.0,N,1.0,1.0,N,3,0.0,19-01700,N
1.0,N,1.0,1.0,N,3,0.0,19-01700,N
2.0,N,1.0,1.0,N,2,0.0,19-01700,N
1.0,N,1.0,1.0,N,3,0.0,19-01700,N
2.0,N,1.0,1.0,N,2,0.0,19-01700,N
2.0,N,1.0,1.0,N,2,0.0,19-01700,N
1.0,N,1.0,1.0,N,3,0.0,19-01700,N
2.0,N,1.0,1.0,N,3,0.0,19-01700,N
1.0,N,1.0,1.0,N,3,0.0,19-01700,N
2.0,N,1.0,1.0,N,3,0.0,19-01700,N
1.0,N,1.0,1.0,N,2,0.0,19-01700,N
2.0,N,1.0,1.0,N,3,0.0,19-01700,N
2.0,N,1.0,1.0,N,3,0.0,19-01700,N
1.0,N,1.0,1.0,N,2,0.0,19-01700,N
2.0,N,1.0,1.0,N,3,0.0,19-01700,N
2.0,N,1.0,1.0,N,3,0.0,19-01700,N
1.0,N,1.0,1.0,N,2,0.0,19-01700,N
2.0,N,1.0,1.0,N,2,0.0,19-01700,N
1.0,N,1.0,1.0,N,N,0.0,19-01700,N
1.0,N,1.0,1.0,N,2,0.0,19-01700,N
1.0,N,1.0,1.0,N,3,0.0,19-01700,N
1.0,N,1.0,1.0,N,3,0.0,19-01700,N
2.0,N,1.0,1.0,N,2,0.0,19-01700,N
2.0,N,1.0,1.0,N,3,0.0,19-01700,N
2.0,N,1.0,1.0,N,3,0.0,19-01700,N
2.0,N,1.0,1.0,N,3,0.0,19-01700,N
2.0,N,1.0,1.0,N,3,0.0,19-01700,N
1.0,N,1.0,1.0,N,2,0.0,19-01700,N
1.0,N,1.0,1.0,N,N,0.0,19-01700,N
2.0,N,1.0,1.0,N,3,0.0,19-01700,N
2.0,N,1.0,1.0,N,3,0.0,19-01700,N
2.0,N,1.0,1.0,N,3,0.0,19-01700,N
1.0,N,1.0,1.0,N,N,0.0,19-01700,N
1.0,N,1.0,1.0,N,2,0.0,19-01700,N
2.0,N,1.0,1.0,N,2,0.0,19-01700,N
1.0,N,1.0,1.0,N,3,0.0,19-01700,N
2.0,N,1.0,1.0,N,3,0.0,19-01700,N
2.0,N,1.0,1.0,N,3,0.0,19-01700,N
1.0,N,1.0,1.0,N,3,0.0,19-01700,N
1.0,N,1.0,1.0,N,3,0.0,19-01700,N
1.0,N,1.0,1.0,N,3,0.0,19-01700,N
2.0,N,1.0,1.0,N,3,0.0,19-01700,N
1.0,N,1.0,1.0,N,3,0.0,19-01700,N
1.0,N,1.0,1.0,N,N,0.0,19-01700,N
2.0,N,1.0,1.0,N,3,0.0,19-01700,N
2.0,N,1.0,1.0,N,3,0.0,19-01700,N
2.0,N,1.0,1.0,N,3,0.0,19-01700,N
2.0,N,1.0,1.0,N,3,0.0,19-01700,N
1.0,N,1.0,1.0,N,2,0.0,19-01700,N
1.0,N,1.0,1.0,N,N,0.0,19-01700,N
2.0,N,1.0,1.0,N,2,0.0,19-01700,N
2.0,N,1.0,1.0,N,2,0.0,19-01700,N
1.0,N,1.0,1.0,N,N,0.0,19-01700,N
1.0,N,1.0,1.0,N,3,0.0,19-01700,N
1.0,N,1.0,1.0,N,N,0.0,19-01700,N
1.0,N,1.0,1.0,N,3,0.0,19-01700,N
1.0,N,1.0,1.0,N,2,0.0,19-01700,N
2.0,N,1.0,1.0,N,3,0.0,19-01700,N
2.0,N,1.0,1.0,N,3,0.0,19-01700,N
2.0,N,1.0,1.0,N,3,0.0,19-01700,N
2.0,N,1.0,1.0,N,3,0.0,19-01700,N
2.0,N,1.0,1.0,N,3,0.0,19-01700,N
1.0,N,1.0,1.0,N,N,0.0,19-01700,N
2.0,N,1.0,1.0,N,3,0.0,51-01301,N
1.0,N,1.0,1.0,N,N,0.0,51-51255,N
1.0,N,1.0,1.0,N,3,0.0,51-51255,N
1.0,N,1.0,1.0,N,2,0.0,51-51255,N
1.0,N,1.0,1.0,N,N,0.0,51-01301,N
1.0,N,1.0,1.0,N,2,0.0,51-51255,N
1.0,N,1.0,1.0,N,2,0.0,51-51255,N
1.0,N,1.0,1.0,N,2,0.0,51-51255,N
1.0,N,1.0,1.0,N,3,0.0,51-01301,N
1.0,N,1.0,1.0,N,3,0.0,51-01301,N
2.0,N,1.0,1.0,N,2,0.0,51-01301,N
2.0,N,1.0,1.0,N,2,0.0,51-01301,N
1.0,N,1.0,1.0,N,N,0.0,51-51255,N
1.0,N,1.0,1.0,N,N,0.0,51-51255,N
1.0,N,1.0,1.0,N,N,0.0,51-51255,N
1.0,N,1.0,1.0,N,N,0.0,51-01301,N
1.0,N,1.0,1.0,N,3,0.0,51-51255,N
2.0,N,1.0,1.0,N,3,0.0,51-51255,N
1.0,N,1.0,1.0,N,3,0.0,51-51255,N
1.0,N,1.0,1.0,N,2,0.0,51-51255,N
2.0,N,1.0,1.0,N,N,0.0,51-51255,N
1.0,N,1.0,1.0,N,3,0.0,51-01301,N
2.0,N,1.0,1.0,N,3,0.0,51-01301,N
2.0,N,1.0,1.0,N,3,0.0,51-01301,N
2.0,N,1.0,1.0,N,3,0.0,51-01301,N
2.0,N,1.0,1.0,N,3,0.0,51-01301,N
2.0,N,1.0,1.0,N,N,0.0,51-51255,N
1.0,N,1.0,1.0,N,3,0.0,51-51255,N
1.0,N,1.0,1.0,N,3,0.0,51-01301,N
2.0,N,1.0,1.0,N,3,0.0,51-51255,N
2.0,N,1.0,1.0,N,3,0.0,51-51255,N
2.0,N,1.0,1.0,N,3,0.0,51-01301,N
2.0,N,1.0,1.0,N,3,0.0,51-01301,N
2.0,N,1.0,1.0,N,2,0.0,51-01301,N
1.0,N,1.0,1.0,N,N,0.0,51-01301,N
2.0,N,1.0,1.0,N,3,0.0,51-51255,N
1.0,N,1.0,1.0,N,3,0.0,51-51255,N
2.0,N,1.0,1.0,N,2,0.0,51-01301,N
1.0,N,1.0,1.0,N,3,0.0,51-01301,N
1.0,N,1.0,1.0,N,3,0.0,51-01301,N
1.0,N,1.0,1.0,N,3,0.0,51-01301,N
2.0,N,1.0,1.0,N,N,0.0,51-51255,N
1.0,N,1.0,1.0,N,N,0.0,51-01301,N
1.0,N,1.0,1.0,N,N,0.0,51-01301,N
1.0,N,1.0,1.0,N,3,0.0,51-01301,N
2.0,N,1.0,1.0,N,3,0.0,51-01301,N
2.0,N,1.0,1.0,N,3,0.0,51-01301,N
1.0,N,1.0,1.0,N,2,0.0,51-51255,N
2.0,N,1.0,1.0,N,3,0.0,51-01301,N
1.0,N,1.0,1.0,N,3,0.0,51-01301,N
2.0,N,1.0,1.0,N,2,0.0,51-01301,N
2.0,N,1.0,1.0,N,3,0.0,51-51255,N
1.0,N,1.0,1.0,N,3,0.0,51-51255,N
1.0,N,1.0,1.0,N,3,0.0,51-51255,N
2.0,N,1.0,1.0,N,3,0.0,51-01301,N
2.0,N,1.0,1.0,N,N,0.0,51-51255,N
2.0,N,1.0,1.0,N,N,0.0,51-51255,N
1.0,N,1.0,1.0,N,3,0.0,51-01301,N
2.0,N,1.0,1.0,N,2,0.0,51-01301,N
1.0,N,1.0,1.0,N,3,0.0,51-01301,N
2.0,N,1.0,1.0,N,3,0.0,51-01301,N
1.0,N,1.0,1.0,N,3,0.0,51-51255,N
2.0,N,1.0,1.0,N,3,0.0,51-51255,N
1.0,N,1.0,1.0,N,3,0.0,51-01301,N
1.0,N,1.0,1.0,N,N,0.0,51-51255,N
2.0,N,1.0,1.0,N,3,0.0,51-51255,N
2.0,N,1.0,1.0,N,3,0.0,51-01301,N
2.0,N,1.0,1.0,N,3,0.0,51-01301,N
1.0,N,1.0,1.0,N,3,0.0,51-01301,N
1.0,N,1.0,1.0,N,N,0.0,51-01301,N
1.0,N,1.0,1.0,N,3,0.0,51-01301,N
1.0,N,1.0,1.0,N,3,0.0,51-01301,N
2.0,N,1.0,1.0,N,3,0.0,51-01301,N
1.0,N,1.0,1.0,N,3,0.0,51-01301,N
1.0,N,1.0,1.0,N,3,0.0,51-01301,N
2.0,N,1.0,1.0,N,3,0.0,51-01301,N
1.0,N,1.0,1.0,N,3,0.0,51-51255,N
1.0,N,1.0,1.0,N,3,0.0,51-01301,N
1.0,N,1.0,1.0,N,2,0.0,51-51255,N
1.0,N,1.0,1.0,N,2,0.0,51-51255,N
1.0,N,1.0,1.0,N,N,0.0,51-51255,N
2.0,N,1.0,1.0,N,N,0.0,51-51255,N
2.0,N,1.0,1.0,N,3,0.0,51-01301,N
2.0,N,1.0,1.0,N,3,0.0,51-01301,N
1.0,N,1.0,1.0,N,3,0.0,51-01301,N
1.0,N,1.0,1.0,N,N,0.0,51-01301,N
2.0,N,1.0,1.0,N,3,0.0,51-01301,N
1.0,N,1.0,1.0,N,2,0.0,51-51255,N
1.0,N,1.0,1.0,N,N,0.0,51-51255,N
2.0,N,1.0,1.0,N,N,0.0,51-51255,N
2.0,N,1.0,1.0,N,3,0.0,51-51255,N
1.0,N,1.0,1.0,N,3,0.0,51-51255,N
2.0,N,1.0,1.0,N,2,0.0,51-01301,N
2.0,N,1.0,1.0,N,2,0.0,51-01301,N
1.0,N,1.0,1.0,N,3,0.0,51-51255,N
1.0,N,1.0,1.0,N,N,0.0,51-51255,N
2.0,N,1.0,1.0,N,3,0.0,51-01301,N
2.0,N,1.0,1.0,N,3,0.0,51-01301,N
2.0,N,1.0,1.0,N,3,0.0,51-01301,N
2.0,N,1.0,1.0,N,2,0.0,51-01301,N
1.0,N,1.0,1.0,N,3,0.0,51-51255,N
2.0,N,1.0,1.0,N,N,0.0,51-51255,N
1.0,N,1.0,1.0,N,2,0.0,51-51255,N
2.0,N,1.0,1.0,N,N,0.0,51-51255,N
2.0,N,1.0,1.0,N,3,0.0,51-51255,N
1.0,N,1.0,1.0,N,N,0.0,51-01301,N
1.0,N,1.0,1.0,N,N,0.0,51-01301,N
2.0,N,1.0,1.0,N,3,0.0,51-51255,N
1.0,N,1.0,1.0,N,3,0.0,51-51255,N
1.0,N,1.0,1.0,N,3,0.0,51-51255,N
2.0,N,1.0,1.0,N,3,0.0,51-51255,N
1.0,N,1.0,1.0,N,3,0.0,51-51255,N
2.0,N,1.0,1.0,N,2,0.0,51-01301,N
1.0,N,1.0,1.0,N,2,0.0,51-51255,N
1.0,N,1.0,1.0,N,2,0.0,51-51255,N
2.0,N,1.0,1.0,N,3,0.0,51-01301,N
2.0,N,1.0,1.0,N,3,0.0,51-01301,N
1.0,N,1.0,1.0,N,3,0.0,51-51255,N
1.0,N,1.0,1.0,N,3,0.0,51-51255,N
1.0,N,1.0,1.0,N,N,0.0,51-01301,N
1.0,N,1.0,1.0,N,3,0.0,51-51255,N
1.0,N,1.0,1.0,N,3,0.0,51-51255,N
2.0,N,1.0,1.0,N,3,0.0,51-51255,N
1.0,N,1.0,1.0,N,3,0.0,51-51255,N
1.0,N,1.0,1.0,N,3,0.0,51-51255,N
1.0,N,1.0,1.0,N,3,0.0,51-01301,N
1.0,N,1.0,1.0,N,3,0.0,51-51255,N
1.0,N,1.0,1.0,N,2,0.0,51-51255,N
1.0,N,1.0,1.0,N,3,0.0,51-01301,N
1.0,N,1.0,1.0,N,3,0.0,51-01301,N
2.0,N,1.0,1.0,N,2,0.0,51-01301,N
1.0,N,1.0,1.0,N,3,0.0,51-01301,N
1.0,N,1.0,1.0,N,N,0.0,51-51255,N
1.0,N,1.0,1.0,N,N,0.0,51-51255,N
1.0,N,1.0,1.0,N,3,0.0,51-01301,N
2.0,N,1.0,1.0,N,3,0.0,51-01301,N
1.0,N,1.0,1.0,N,3,0.0,51-01301,N
2.0,N,1.0,1.0,N,N,0.0,51-51255,N
1.0,N,1.0,1.0,N,N,0.0,51-51255,N
1.0,N,1.0,1.0,N,2,0.0,51-51255,N
2.0,N,1.0,1.0,N,3,0.0,51-01301,N
2.0,N,1.0,1.0,N,3,0.0,51-01301,N
1.0,N,1.0,1.0,N,3,0.0,51-51255,N
2.0,N,1.0,1.0,N,3,0.0,51-51255,N
1.0,N,1.0,1.0,N,3,0.0,51-01301,N
1.0,N,1.0,1.0,N,3,0.0,51-51255,N
1.0,N,1.0,1.0,N,3,0.0,51-51255,N
1.0,N,1.0,1.0,N,3,0.0,51-51255,N
2.0,N,1.0,1.0,N,2,0.0,51-01301,N
1.0,N,1.0,1.0,N,N,0.0,51-01301,N
2.0,N,1.0,1.0,N,3,0.0,51-01301,N
2.0,N,1.0,1.0,N,3,0.0,51-01301,N
1.0,N,1.0,1.0,N,3,0.0,51-51255,N
2.0,N,1.0,1.0,N,N,0.0,51-51255,N
2.0,N,1.0,1.0,N,N,0.0,51-51255,N
1.0,N,1.0,1.0,N,3,0.0,51-51255,N
1.0,N,1.0,1.0,N,2,0.0,51-51255,N
2.0,N,1.0,1.0,N,3,0.0,51-01301,N
1.0,N,1.0,1.0,N,N,0.0,51-51255,N
2.0,N,1.0,1.0,N,2,0.0,51-01301,N
2.0,N,1.0,1.0,N,3,0.0,51-51255,N
2.0,N,1.0,1.0,N,N,0.0,51-51255,N
2.0,N,1.0,1.0,N,3,0.0,51-01301,N
2.0,N,1.0,1.0,N,3,0.0,51-01301,N
1.0,N,1.0,1.0,N,3,0.0,51-51255,N
1.0,N,1.0,1.0,N,N,0.0,51-51255,N
2.0,N,1.0,1.0,N,3,0.0,51-01301,N
1.0,N,1.0,1.0,N,3,0.0,51-01301,N
1.0,N,1.0,1.0,N,3,0.0,51-51255,N
1.0,N,1.0,1.0,N,3,0.0,51-51255,N
1.0,N,1.0,1.0,N,3,0.0,51-51255,N
2.0,N,1.0,1.0,N,3,0.0,51-01301,N
2.0,N,1.0,1.0,N,3,0.0,51-01301,N
2.0,N,1.0,1.0,N,3,0.0,51-01301,N
2.0,N,1.0,1.0,N,3,0.0,51-01301,N
2.0,N,1.0,1.0,N,3,0.0,51-51255,N
1.0,N,1.0,1.0,N,3,0.0,51-01301,N
1.0,N,1.0,1.0,N,N,0.0,51-01301,N
2.0,N,1.0,1.0,N,3,0.0,51-51255,N
1.0,N,1.0,1.0,N,3,0.0,51-51255,N
2.0,N,1.0,1.0,N,3,0.0,51-51255,N
2.0,N,1.0,1.0,N,3,0.0,51-51255,N
1.0,N,1.0,1.0,N,3,0.0,51-01301,N
1.0,N,1.0,1.0,N,3,0.0,51-01301,N
1.0,N,1.0,1.0,N,N,0.0,24-01004,N
2.0,N,1.0,1.0,N,3,0.0,24-01004,N
1.0,N,1.0,1.0,N,3,0.0,24-01004,N
2.0,N,1.0,1.0,N,3,0.0,24-01004,N
1.0,N,1.0,1.0,N,N,0.0,24-01004,N
2.0,N,1.0,1.0,N,3,0.0,24-01004,N
2.0,N,1.0,1.0,N,3,0.0,24-01004,N
2.0,N,6.0,1.0,N,3,0.0,24-01004,N
2.0,N,1.0,1.0,N,3,0.0,24-01004,N
1.0,N,1.0,1.0,N,3,0.0,24-01004,N
1.0,N,1.0,1.0,N,3,0.0,24-01004,N
2.0,N,6.0,1.0,N,3,0.0,24-01004,N
2.0,N,1.0,1.0,N,3,0.0,24-01004,N
1.0,N,1.0,1.0,N,2,0.0,24-01004,N
2.0,N,1.0,1.0,N,3,0.0,24-01004,N
1.0,N,1.0,1.0,N,3,0.0,24-01004,N
1.0,N,1.0,1.0,N,3,0.0,24-01004,N
1.0,N,1.0,1.0,N,3,0.0,24-01004,N
2.0,N,1.0,1.0,N,3,0.0,24-01004,N
2.0,N,1.0,1.0,N,3,0.0,24-01004,N
2.0,N,1.0,1.0,N,3,0.0,24-01004,N
1.0,N,1.0,1.0,N,3,0.0,24-01004,N
2.0,N,1.0,1.0,N,3,0.0,24-01004,N
1.0,N,1.0,1.0,N,3,0.0,24-01004,N
1.0,N,1.0,1.0,N,3,0.0,24-01004,N
1.0,N,1.0,1.0,N,3,0.0,24-01004,N
1.0,N,1.0,1.0,N,3,0.0,24-01004,N
1.0,N,1.0,1.0,N,2,0.0,24-01004,N
2.0,N,1.0,1.0,N,2,0.0,24-01004,N
2.0,N,1.0,1.0,N,N,0.0,24-01004,N
2.0,N,1.0,1.0,N,2,0.0,24-01004,N
1.0,N,1.0,1.0,N,3,0.0,24-01004,N
2.0,N,1.0,1.0,N,3,0.0,24-01004,N
2.0,N,1.0,1.0,N,3,0.0,24-01004,N
2.0,N,1.0,1.0,N,N,0.0,24-01004,N
2.0,N,1.0,1.0,N,3,0.0,24-01004,N
1.0,N,1.0,1.0,N,3,0.0,24-01004,N
1.0,N,1.0,1.0,N,3,0.0,24-01004,N
1.0,N,1.0,1.0,N,3,0.0,24-01004,N
1.0,N,1.0,1.0,N,2,0.0,24-01004,N
2.0,N,1.0,1.0,N,1,0.0,24-01004,N
1.0,N,1.0,1.0,N,N,0.0,24-01004,N
1.0,N,1.0,1.0,N,3,0.0,24-01004,N
1.0,N,1.0,1.0,N,3,0.0,24-01004,N
2.0,N,1.0,1.0,N,3,0.0,24-01004,N
2.0,N,1.0,1.0,N,1,0.0,24-01004,N
1.0,N,1.0,1.0,N,2,0.0,24-01004,N
2.0,N,1.0,1.0,N,1,0.0,24-01004,N
2.0,N,1.0,1.0,N,N,0.0,24-01004,N
1.0,N,1.0,1.0,N,N,0.0,24-01004,N
1.0,N,1.0,1.0,N,N,0.0,24-01004,N
2.0,N,1.0,1.0,N,2,0.0,24-01004,N
2.0,N,1.0,1.0,N,N,0.0,24-01004,N
1.0,N,1.0,1.0,N,3,0.0,24-01004,N
1.0,N,1.0,1.0,N,3,0.0,24-01004,N
2.0,N,1.0,1.0,N,3,0.0,24-01004,N
2.0,N,1.0,1.0,N,3,0.0,24-01004,N
1.0,N,1.0,1.0,N,3,0.0,24-01004,N
1.0,N,1.0,1.0,N,3,0.0,24-01004,N
2.0,N,1.0,1.0,N,2,0.0,24-01004,N
1.0,N,1.0,1.0,N,3,0.0,24-01004,N
2.0,N,1.0,1.0,N,3,0.0,24-01004,N
1.0,N,1.0,1.0,N,3,0.0,24-01004,N
1.0,N,1.0,1.0,N,3,0.0,24-01004,N
2.0,N,1.0,1.0,N,3,0.0,24-01004,N
2.0,N,1.0,1.0,N,N,0.0,24-01004,N
2.0,N,1.0,1.0,N,3,0.0,24-01004,N
1.0,N,1.0,1.0,N,3,0.0,24-01004,N
1.0,N,1.0,1.0,N,3,0.0,24-01004,N
2.0,N,1.0,1.0,N,2,0.0,24-01004,N
1.0,N,1.0,1.0,N,2,0.0,24-01004,N
1.0,N,1.0,1.0,N,N,0.0,24-01004,N
2.0,N,1.0,1.0,N,3,0.0,24-01004,N
2.0,N,1.0,1.0,N,3,0.0,24-01004,N
2.0,N,1.0,1.0,N,3,0.0,24-01004,N
2.0,N,1.0,1.0,N,2,0.0,24-01004,N
2.0,N,1.0,1.0,N,2,0.0,24-01004,N
1.0,N,1.0,1.0,N,N,0.0,24-01004,N
2.0,N,1.0,1.0,N,1,0.0,24-01004,N
1.0,N,1.0,1.0,N,N,0.0,24-01004,N
1.0,N,1.0,1.0,N,2,0.0,24-01004,N
1.0,N,1.0,1.0,N,2,0.0,24-01004,N
2.0,N,1.0,1.0,N,N,0.0,24-01004,N
1.0,N,1.0,1.0,N,3,0.0,24-01004,N
2.0,N,1.0,1.0,N,3,0.0,24-01004,N
2.0,N,1.0,1.0,N,3,0.0,24-01004,N
2.0,N,1.0,1.0,N,3,0.0,24-01004,N
2.0,N,1.0,1.0,N,2,0.0,24-01004,N
2.0,N,1.0,1.0,N,2,0.0,24-01004,N
1.0,N,1.0,1.0,N,2,0.0,24-01004,N
2.0,N,1.0,1.0,N,2,0.0,24-01004,N
1.0,N,1.0,1.0,N,N,0.0,24-01004,N
1.0,N,1.0,1.0,N,3,0.0,24-01004,N
2.0,N,6.0,1.0,N,3,0.0,24-01004,N
2.0,N,6.0,1.0,N,3,0.0,24-01004,N
1.0,N,1.0,1.0,N,3,0.0,24-01004,N
1.0,N,1.0,1.0,N,3,0.0,24-01004,N
1.0,N,1.0,1.0,N,3,0.0,24-01004,N
2.0,N,1.0,1.0,N,2,0.0,24-01004,N
1.0,N,1.0,1.0,N,N,0.0,24-01004,N
2.0,N,1.0,1.0,N,3,0.0,24-01004,N
2.0,N,1.0,1.0,N,2,0.0,24-01004,N
2.0,N,1.0,1.0,N,3,0.0,24-01004,N
1.0,N,1.0,1.0,N,3,0.0,24-01004,N
2.0,N,1.0,1.0,N,3,0.0,24-01004,N
1.0,N,1.0,1.0,N,3,0.0,24-01004,N
1.0,N,1.0,1.0,N,2,0.0,24-01004,N
1.0,N,1.0,1.0,N,3,0.0,24-01004,N
2.0,N,1.0,1.0,N,3,0.0,24-01004,N
1.0,N,1.0,1.0,N,3,0.0,24-01004,N
2.0,N,1.0,1.0,N,3,0.0,24-01004,N
1.0,N,1.0,1.0,N,3,0.0,24-01004,N
1.0,N,1.0,1.0,N,3,0.0,24-01004,N
2.0,N,6.0,1.0,N,3,0.0,24-01004,N
2.0,N,6.0,1.0,N,3,0.0,24-01004,N
1.0,N,1.0,1.0,N,N,0.0,24-01004,N
1.0,N,1.0,1.0,N,3,0.0,24-01004,N
2.0,N,1.0,1.0,N,3,0.0,24-01004,N
1.0,N,1.0,1.0,N,N,0.0,24-01004,N
1.0,N,1.0,1.0,N,N,0.0,24-01004,N
1.0,N,1.0,1.0,N,N,0.0,24-01004,N
1.0,N,1.0,1.0,N,3,0.0,24-01004,N
2.0,N,1.0,1.0,N,3,0.0,24-01004,N
1.0,N,1.0,1.0,N,N,0.0,24-01004,N
1.0,N,1.0,1.0,N,3,0.0,24-01004,N
2.0,N,1.0,1.0,N,N,0.0,24-01004,N
1.0,N,1.0,1.0,N,N,0.0,24-01004,N
1.0,N,1.0,1.0,N,N,0.0,24-01004,N
2.0,N,1.0,1.0,N,2,0.0,24-01004,N
2.0,N,1.0,1.0,N,1,0.0,24-01004,N
2.0,N,1.0,1.0,N,2,0.0,24-01004,N
2.0,N,1.0,1.0,N,N,0.0,24-01004,N
1.0,N,1.0,1.0,N,2,0.0,24-01004,N
2.0,N,1.0,1.0,N,N,0.0,24-01004,N
1.0,N,1.0,1.0,N,N,0.0,24-01004,N
2.0,N,1.0,1.0,N,N,0.0,24-01004,N
2.0,N,1.0,1.0,N,2,0.0,24-01004,N
2.0,N,1.0,1.0,N,N,0.0,24-01004,N
1.0,N,1.0,1.0,N,2,0.0,24-01004,N
2.0,N,1.0,1.0,N,3,0.0,24-01004,N
2.0,N,1.0,1.0,N,2,0.0,24-01004,N
1.0,N,1.0,1.0,N,3,0.0,24-01004,N
2.0,N,1.0,1.0,N,3,0.0,24-01004,N
1.0,N,1.0,1.0,N,2,0.0,24-01004,N
2.0,N,1.0,1.0,N,3,0.0,24-01004,N
2.0,N,6.0,1.0,N,3,0.0,24-01004,N
1.0,N,1.0,1.0,N,3,0.0,24-01004,N
2.0,N,1.0,1.0,N,3,0.0,24-01004,N
2.0,N,1.0,1.0,N,3,0.0,24-01004,N
2.0,N,1.0,1.0,N,1,0.0,24-01004,N
2.0,N,1.0,1.0,N,N,0.0,24-01004,N
2.0,N,1.0,1.0,N,3,0.0,24-01004,N
1.0,N,1.0,1.0,N,N,0.0,24-01004,N
1.0,N,1.0,1.0,N,2,0.0,24-01004,N
1.0,N,1.0,1.0,N,2,0.0,24-01004,N
1.0,N,1.0,1.0,N,N,0.0,24-01004,N
1.0,N,1.0,1.0,N,N,0.0,24-01004,N
1.0,N,1.0,1.0,N,3,0.0,24-01004,N
2.0,N,1.0,1.0,N,2,0.0,24-01004,N
2.0,N,1.0,1.0,N,1,0.0,24-01004,N
2.0,N,1.0,1.0,N,2,0.0,24-01004,N
1.0,N,1.0,1.0,N,N,0.0,24-01004,N
2.0,N,1.0,1.0,N,3,0.0,24-01004,N
1.0,N,1.0,1.0,N,3,0.0,24-01004,N
2.0,N,1.0,1.0,N,3,0.0,24-01004,N
2.0,N,1.0,1.0,N,3,0.0,24-01004,N
2.0,N,1.0,1.0,N,2,0.0,24-01004,N
2.0,N,1.0,1.0,N,3,0.0,24-01004,N
2.0,N,1.0,1.0,N,1,0.0,24-01004,N
1.0,N,1.0,1.0,N,N,0.0,24-01004,N
1.0,N,1.0,1.0,N,3,0.0,24-01004,N
1.0,N,1.0,1.0,N,3,0.0,24-01004,N
2.0,N,1.0,1.0,N,3,0.0,24-01004,N
2.0,N,1.0,1.0,N,3,0.0,24-01004,N
1.0,N,1.0,1.0,N,2,0.0,24-01004,N
1.0,N,1.0,1.0,N,N,0.0,24-01004,N
2.0,N,1.0,1.0,N,3,0.0,24-01004,N
1.0,N,1.0,1.0,N,3,0.0,24-01004,N
1.0,N,1.0,1.0,N,3,0.0,24-01004,N
1.0,N,1.0,1.0,N,3,0.0,24-01004,N
1.0,N,1.0,1.0,N,3,0.0,24-01004,N
2.0,N,1.0,1.0,N,2,0.0,24-01004,N
1.0,N,1.0,1.0,N,N,0.0,24-01004,N
1.0,N,1.0,1.0,N,3,0.0,24-01004,N
1.0,N,1.0,1.0,N,3,0.0,24-01004,N
2.0,N,1.0,1.0,N,3,0.0,24-01004,N
1.0,N,1.0,1.0,N,3,0.0,24-01004,N
2.0,N,1.0,1.0,N,3,0.0,24-01004,N
1.0,N,1.0,1.0,N,3,0.0,24-01004,N
2.0,N,1.0,1.0,N,3,0.0,24-01004,N
1.0,N,1.0,1.0,N,3,0.0,24-01004,N
2.0,N,1.0,1.0,N,3,0.0,24-01004,N
1.0,N,1.0,1.0,N,3,0.0,24-01004,N
1.0,N,1.0,1.0,N,2,0.0,24-01004,N
2.0,N,6.0,1.0,N,3,0.0,24-01004,N
2.0,N,6.0,1.0,N,3,0.0,24-01004,N
2.0,N,1.0,1.0,N,2,0.0,24-01004,N
2.0,N,1.0,1.0,N,2,0.0,24-01004,N
1.0,N,1.0,1.0,N,N,0.0,24-01004,N
1.0,N,1.0,1.0,N,N,0.0,24-01004,N
1.0,N,1.0,1.0,N,3,0.0,24-01004,N
1.0,N,1.0,1.0,N,3,0.0,24-01004,N
2.0,N,1.0,1.0,N,3,0.0,24-01004,N
1.0,N,1.0,1.0,N,3,0.0,24-01004,N
1.0,N,1.0,1.0,N,3,0.0,24-01004,N
2.0,N,1.0,1.0,N,3,0.0,24-01004,N
1.0,N,1.0,1.0,N,3,0.0,24-01004,N
1.0,N,1.0,1.0,N,3,0.0,24-01004,N
2.0,N,1.0,1.0,N,3,0.0,24-01004,N
1.0,N,1.0,1.0,N,2,0.0,24-01004,N
1.0,N,1.0,1.0,N,2,0.0,24-01004,N
2.0,N,1.0,1.0,N,N,0.0,24-01004,N
2.0,N,1.0,1.0,N,N,0.0,24-01004,N
1.0,N,1.0,1.0,N,3,0.0,24-01004,N
2.0,N,1.0,1.0,N,1,0.0,24-01004,N
2.0,N,1.0,1.0,N,3,0.0,24-01004,N
2.0,N,1.0,1.0,N,3,0.0,24-01004,N
1.0,N,1.0,1.0,N,3,0.0,24-01004,N
1.0,N,1.0,1.0,N,3,0.0,24-01004,N
2.0,N,1.0,1.0,N,2,0.0,24-01004,N
1.0,N,1.0,1.0,N,N,0.0,24-01004,N
2.0,N,1.0,1.0,N,3,0.0,24-01004,N
2.0,N,1.0,1.0,N,2,0.0,24-01004,N
2.0,N,1.0,1.0,N,2,0.0,24-01004,N
2.0,N,6.0,1.0,N,3,0.0,24-01004,N
2.0,N,6.0,1.0,N,3,0.0,24-01004,N
2.0,N,1.0,1.0,N,1,0.0,24-01004,N
2.0,N,6.0,1.0,N,3,0.0,24-01004,N
2.0,N,1.0,1.0,N,N,0.0,24-01004,N
2.0,N,6.0,1.0,N,3,0.0,24-01004,N
1.0,N,1.0,1.0,N,3,0.0,24-01004,N
2.0,N,1.0,1.0,N,3,0.0,24-01004,N
1.0,N,1.0,1.0,N,3,0.0,24-01004,N
1.0,N,1.0,1.0,N,3,0.0,24-01004,N
1.0,N,1.0,1.0,N,N,0.0,24-01004,N
1.0,N,1.0,1.0,N,2,0.0,24-01004,N
1.0,N,1.0,1.0,N,N,0.0,24-01004,N
1.0,N,1.0,1.0,N,2,0.0,24-01004,N
1.0,N,1.0,1.0,N,2,0.0,24-01004,N
2.0,N,1.0,1.0,N,3,0.0,24-01004,N
2.0,N,1.0,1.0,N,3,0.0,24-01004,N
1.0,N,1.0,1.0,N,3,0.0,24-01004,N
2.0,N,1.0,1.0,N,2,0.0,24-01004,N
2.0,N,6.0,1.0,N,3,0.0,24-01004,N
2.0,N,6.0,1.0,N,3,0.0,24-01004,N
1.0,N,1.0,1.0,N,2,0.0,24-01004,N
2.0,N,1.0,1.0,N,1,0.0,24-01004,N
1.0,N,1.0,1.0,N,3,0.0,24-01004,N
2.0,N,1.0,1.0,N,2,0.0,24-01004,N
1.0,N,1.0,1.0,N,3,0.0,24-01004,N
2.0,N,1.0,1.0,N,2,0.0,24-01004,N
2.0,N,6.0,1.0,N,3,0.0,24-01004,N
1.0,N,1.0,1.0,N,3,0.0,24-01004,N
1.0,N,1.0,1.0,N,N,0.0,24-01004,N
2.0,N,1.0,1.0,N,3,0.0,24-01004,N
2.0,N,1.0,1.0,N,3,0.0,24-01004,N
2.0,N,1.0,1.0,N,3,0.0,24-01004,N
2.0,N,1.0,1.0,N,3,0.0,24-01004,N
1.0,N,1.0,1.0,N,3,0.0,24-01004,N
1.0,N,1.0,1.0,N,3,0.0,24-01004,N
1.0,N,1.0,1.0,N,3,0.0,24-01004,N
2.0,N,1.0,1.0,N,3,0.0,24-01004,N
2.0,N,1.0,1.0,N,3,0.0,24-01004,N
2.0,N,1.0,1.0,N,2,0.0,24-01004,N
2.0,N,1.0,1.0,N,1,0.0,24-01004,N
2.0,N,1.0,1.0,N,3,0.0,24-01004,N
1.0,N,1.0,1.0,N,3,0.0,24-01004,N
2.0,N,1.0,1.0,N,2,0.0,24-01004,N
2.0,N,1.0,1.0,N,3,0.0,26-02702,N
1.0,N,1.0,1.0,N,3,0.0,26-02702,N
1.0,N,1.0,1.0,N,3,0.0,26-02702,N
2.0,N,1.0,1.0,N,3,0.0,26-02702,N
2.0,N,1.0,1.0,N,3,0.0,26-02702,N
2.0,N,1.0,1.0,N,3,0.0,26-02702,N
1.0,N,1.0,1.0,N,3,0.0,26-02702,N
2.0,N,1.0,1.0,N,3,0.0,26-02702,N
1.0,N,1.0,1.0,N,3,0.0,26-02702,N
1.0,N,1.0,1.0,N,3,0.0,26-02702,N
1.0,N,1.0,1.0,N,3,0.0,26-02702,N
2.0,N,1.0,1.0,N,3,0.0,26-02702,N
1.0,N,1.0,1.0,N,3,0.0,26-02702,N
2.0,N,1.0,1.0,N,3,0.0,26-02702,N
2.0,N,1.0,1.0,N,3,0.0,26-02702,N
1.0,N,1.0,1.0,N,3,0.0,26-02702,N
2.0,N,1.0,1.0,N,3,0.0,26-02702,N
1.0,N,1.0,1.0,N,3,0.0,26-02702,N
2.0,N,1.0,1.0,N,3,0.0,26-02702,N
2.0,N,1.0,1.0,N,3,0.0,26-02702,N
2.0,N,1.0,1.0,N,3,0.0,26-02702,N
1.0,N,1.0,1.0,N,3,0.0,26-02702,N
2.0,N,1.0,1.0,N,3,0.0,26-02702,N
1.0,N,1.0,1.0,N,3,0.0,26-02702,N
1.0,N,1.0,1.0,N,3,0.0,26-02702,N
1.0,N,1.0,1.0,N,3,0.0,26-02702,N
1.0,N,2.0,1.0,N,3,0.0,28-01100,N
2.0,N,2.0,2.0,N,3,0.0,28-01100,N
2.0,N,2.0,2.0,N,N,0.0,28-01100,N
1.0,N,2.0,1.0,N,3,0.0,28-01100,N
1.0,N,2.0,2.0,N,3,0.0,28-01100,N
1.0,N,2.0,1.0,N,3,0.0,28-01100,N
2.0,N,2.0,2.0,N,N,0.0,28-01100,N
2.0,N,2.0,1.0,N,3,0.0,28-01100,N
2.0,N,2.0,2.0,N,3,0.0,28-01100,N
1.0,N,2.0,2.0,N,3,0.0,28-01100,N
2.0,N,2.0,2.0,N,N,0.0,28-01100,N
2.0,N,2.0,2.0,N,3,0.0,28-01100,N
1.0,N,2.0,2.0,N,3,0.0,28-01100,N
2.0,N,2.0,2.0,N,3,0.0,28-01100,N
1.0,N,2.0,1.0,N,3,0.0,28-01100,N
1.0,N,2.0,1.0,N,3,0.0,28-01100,N
1.0,N,2.0,1.0,N,3,0.0,28-01100,N
1.0,N,2.0,2.0,N,3,0.0,28-01100,N
2.0,N,2.0,2.0,N,3,0.0,28-01100,N
2.0,N,2.0,2.0,N,3,0.0,28-01100,N
2.0,N,2.0,2.0,N,N,0.0,28-01100,N
2.0,N,2.0,1.0,N,3,0.0,28-01100,N
2.0,N,2.0,1.0,N,3,0.0,28-01100,N
2.0,N,2.0,2.0,N,3,0.0,28-01100,N
2.0,N,2.0,2.0,N,3,0.0,28-01100,N
2.0,N,2.0,2.0,N,3,0.0,28-01100,N
2.0,N,2.0,1.0,N,3,0.0,28-01100,N
2.0,N,2.0,1.0,N,3,0.0,28-01100,N
2.0,N,2.0,1.0,N,3,0.0,28-01100,N
2.0,N,2.0,1.0,N,3,0.0,28-01100,N
1.0,N,2.0,1.0,N,3,0.0,28-01100,N
2.0,N,2.0,1.0,N,3,0.0,28-01100,N
1.0,N,2.0,1.0,N,3,0.0,28-01100,N
2.0,N,2.0,1.0,N,3,0.0,28-01100,N
2.0,N,2.0,2.0,N,3,0.0,28-01100,N
2.0,N,2.0,2.0,N,3,0.0,28-01100,N
2.0,N,2.0,2.0,N,3,0.0,28-01100,N
2.0,N,2.0,2.0,N,N,0.0,28-01100,N
1.0,N,2.0,2.0,N,3,0.0,28-01100,N
2.0,N,2.0,1.0,N,3,0.0,28-01100,N
2.0,N,2.0,2.0,N,N,0.0,28-01100,N
1.0,N,2.0,2.0,N,3,0.0,28-01100,N
2.0,N,2.0,2.0,N,N,0.0,28-01100,N
2.0,N,2.0,1.0,N,3,0.0,28-01100,N
2.0,N,2.0,1.0,N,3,0.0,28-01100,N
2.0,N,2.0,2.0,N,N,0.0,28-01100,N
2.0,N,2.0,2.0,N,N,0.0,28-01100,N
2.0,N,2.0,1.0,N,3,0.0,28-01100,N
1.0,N,2.0,2.0,N,3,0.0,28-01100,N
2.0,N,2.0,2.0,N,N,0.0,28-01100,N
2.0,N,2.0,1.0,N,3,0.0,28-01100,N
1.0,N,2.0,1.0,N,3,0.0,28-01100,N
1.0,N,2.0,1.0,N,3,0.0,28-01100,N
2.0,N,2.0,2.0,N,3,0.0,28-01100,N
2.0,N,2.0,2.0,N,3,0.0,28-01100,N
2.0,N,2.0,2.0,N,3,0.0,28-01100,N
1.0,N,2.0,1.0,N,3,0.0,28-01100,N
2.0,N,2.0,1.0,N,3,0.0,28-01100,N
2.0,N,2.0,1.0,N,3,0.0,28-01100,N
1.0,N,2.0,2.0,N,3,0.0,28-01100,N
2.0,N,2.0,2.0,N,3,0.0,28-01100,N
2.0,N,2.0,2.0,N,3,0.0,28-01100,N
2.0,N,2.0,2.0,N,N,0.0,28-01100,N
2.0,N,2.0,2.0,N,N,0.0,28-01100,N
1.0,N,2.0,2.0,N,3,0.0,28-01100,N
2.0,N,2.0,1.0,N,3,0.0,28-01100,N
1.0,N,2.0,1.0,N,3,0.0,28-01100,N
1.0,N,2.0,1.0,N,3,0.0,28-01100,N
2.0,N,2.0,1.0,N,3,0.0,28-01100,N
2.0,N,2.0,1.0,N,3,0.0,28-01100,N
2.0,N,2.0,2.0,N,N,0.0,28-01100,N
2.0,N,2.0,2.0,N,3,0.0,28-01100,N
2.0,N,2.0,2.0,N,N,0.0,28-01100,N
1.0,N,2.0,2.0,N,3,0.0,28-01100,N
2.0,N,2.0,2.0,N,3,0.0,28-01100,N
2.0,N,2.0,1.0,N,3,0.0,28-01100,N
2.0,N,2.0,1.0,N,3,0.0,28-01100,N
1.0,N,2.0,1.0,N,3,0.0,28-01100,N
2.0,N,2.0,1.0,N,3,0.0,28-01100,N
1.0,N,2.0,1.0,N,3,0.0,28-01100,N
2.0,N,2.0,1.0,N,3,0.0,28-01100,N
2.0,N,2.0,1.0,N,3,0.0,28-01100,N
2.0,N,2.0,2.0,N,3,0.0,28-01100,N
1.0,N,2.0,2.0,N,3,0.0,28-01100,N
1.0,N,2.0,2.0,N,3,0.0,28-01100,N
1.0,N,2.0,2.0,N,3,0.0,29-01901,N
2.0,N,2.0,2.0,N,3,0.0,29-01901,N
2.0,N,2.0,2.0,N,3,0.0,29-01901,N
2.0,N,2.0,2.0,N,3,0.0,29-01901,N
2.0,N,2.0,2.0,N,3,0.0,29-01901,N
1.0,N,2.0,2.0,N,3,0.0,29-01901,N
1.0,N,2.0,2.0,N,3,0.0,29-01901,N
1.0,N,2.0,2.0,N,3,0.0,29-01901,N
1.0,N,2.0,2.0,N,3,0.0,29-01901,N
1.0,N,2.0,2.0,N,3,0.0,29-01901,N
2.0,N,2.0,2.0,N,3,0.0,29-01901,N
1.0,N,2.0,2.0,N,3,0.0,29-01901,N
1.0,N,2.0,2.0,N,3,0.0,29-01901,N
2.0,N,2.0,2.0,N,3,0.0,29-01901,N
1.0,N,2.0,2.0,N,3,0.0,29-01901,N
1.0,N,2.0,2.0,N,3,0.0,29-01901,N
1.0,N,2.0,2.0,N,3,0.0,29-01901,N
1.0,N,2.0,2.0,N,3,0.0,29-01901,N
2.0,N,2.0,2.0,N,3,0.0,29-01901,N
2.0,N,2.0,2.0,N,3,0.0,29-01901,N
2.0,N,2.0,2.0,N,3,0.0,29-01901,N
2.0,N,2.0,2.0,N,3,0.0,29-01901,N
1.0,N,2.0,2.0,N,3,0.0,29-01901,N
1.0,N,2.0,2.0,N,3,0.0,29-01901,N
2.0,N,2.0,2.0,N,3,0.0,29-01901,N
1.0,N,2.0,2.0,N,3,0.0,29-01901,N
1.0,N,2.0,2.0,N,3,0.0,29-01901,N
2.0,N,2.0,2.0,N,3,0.0,29-01901,N
1.0,N,2.0,2.0,N,3,0.0,29-01901,N
1.0,N,2.0,2.0,N,3,0.0,29-01901,N
2.0,N,2.0,2.0,N,3,0.0,29-01901,N
2.0,N,2.0,2.0,N,3,0.0,29-01901,N
1.0,N,2.0,2.0,N,3,0.0,29-01901,N
2.0,N,2.0,2.0,N,3,0.0,29-01901,N
1.0,N,1.0,1.0,N,3,0.0,30-00600,N
2.0,N,1.0,1.0,N,3,0.0,30-00600,N
1.0,N,1.0,1.0,N,2,0.0,30-00600,N
1.0,N,1.0,1.0,N,N,0.0,30-00600,N
1.0,N,3.0,1.0,N,3,0.0,30-00600,N
2.0,N,3.0,1.0,N,3,0.0,30-00600,N
1.0,N,1.0,1.0,N,3,0.0,30-00600,N
2.0,N,1.0,1.0,N,3,0.0,30-00600,N
1.0,N,1.0,1.0,N,2,0.0,30-00600,N
2.0,N,1.0,1.0,N,1,0.0,30-00600,N
2.0,N,1.0,1.0,N,3,0.0,30-00600,N
1.0,N,1.0,1.0,N,3,0.0,30-00600,N
1.0,N,1.0,1.0,N,2,0.0,30-00600,N
2.0,N,1.0,1.0,N,3,0.0,30-00600,N
2.0,N,1.0,1.0,N,3,0.0,30-00600,N
1.0,N,1.0,1.0,N,3,0.0,30-00600,N
1.0,N,1.0,1.0,N,2,0.0,30-00600,N
1.0,N,1.0,1.0,N,3,0.0,30-00600,N
1.0,N,1.0,1.0,N,3,0.0,30-00600,N
2.0,N,1.0,1.0,N,3,0.0,30-00600,N
1.0,N,1.0,1.0,N,3,0.0,30-00600,N
2.0,N,1.0,1.0,N,N,0.0,30-00600,N
2.0,N,1.0,1.0,N,N,0.0,30-00600,N
1.0,N,1.0,1.0,N,1,0.0,30-00600,N
2.0,N,1.0,1.0,N,N,0.0,30-00600,N
2.0,N,1.0,1.0,N,3,0.0,30-00600,N
1.0,N,1.0,1.0,N,3,0.0,30-00600,N
1.0,N,1.0,1.0,N,3,0.0,30-00600,N
2.0,N,1.0,1.0,N,2,0.0,30-00600,N
2.0,N,1.0,1.0,N,1,0.0,30-00600,N
2.0,N,1.0,1.0,N,1,0.0,30-00600,N
2.0,N,1.0,1.0,N,N,0.0,30-00600,N
2.0,N,1.0,1.0,N,3,0.0,30-00600,N
2.0,N,1.0,1.0,N,N,0.0,30-00600,N
1.0,N,1.0,1.0,N,3,0.0,30-00600,N
1.0,N,1.0,1.0,N,3,0.0,30-00600,N
2.0,N,1.0,1.0,N,3,0.0,30-00600,N
1.0,N,1.0,1.0,N,3,0.0,30-00600,N
1.0,N,1.0,1.0,N,N,0.0,30-00600,N
1.0,N,1.0,1.0,N,N,0.0,30-00600,N
1.0,N,1.0,1.0,N,N,0.0,30-00600,N
1.0,N,3.0,1.0,N,3,0.0,30-00600,N
1.0,N,3.0,1.0,N,3,0.0,30-00600,N
1.0,N,1.0,1.0,N,3,0.0,30-00600,N
2.0,N,1.0,1.0,N,2,0.0,30-00600,N
1.0,N,1.0,1.0,N,3,0.0,30-00600,N
1.0,N,1.0,1.0,N,3,0.0,30-00600,N
2.0,N,1.0,1.0,N,N,0.0,30-00600,N
1.0,N,3.0,1.0,N,3,0.0,30-00600,N
2.0,N,1.0,1.0,N,2,0.0,30-00600,N
1.0,N,1.0,1.0,N,2,0.0,30-00600,N
2.0,N,1.0,1.0,N,3,0.0,30-00600,N
1.0,N,1.0,1.0,N,3,0.0,30-00600,N
1.0,N,1.0,1.0,N,3,0.0,30-00600,N
2.0,N,1.0,1.0,N,3,0.0,30-00600,N
1.0,N,1.0,1.0,N,3,0.0,30-00600,N
1.0,N,3.0,1.0,N,3,0.0,30-00600,N
1.0,N,3.0,1.0,N,3,0.0,30-00600,N
2.0,N,3.0,1.0,N,3,0.0,30-00600,N
1.0,N,3.0,1.0,N,3,0.0,30-00600,N
1.0,N,1.0,1.0,N,3,0.0,30-00600,N
1.0,N,1.0,1.0,N,3,0.0,30-00600,N
2.0,N,1.0,1.0,N,3,0.0,30-00600,N
1.0,N,1.0,1.0,N,3,0.0,30-00600,N
2.0,N,1.0,1.0,N,3,0.0,30-00600,N
1.0,N,1.0,1.0,N,3,0.0,30-00600,N
2.0,N,1.0,1.0,N,3,0.0,30-00600,N
1.0,N,1.0,1.0,N,3,0.0,30-00600,N
2.0,N,1.0,1.0,N,3,0.0,30-00600,N
1.0,N,1.0,1.0,N,3,0.0,30-00600,N
2.0,N,1.0,1.0,N,1,0.0,30-00600,N
1.0,N,1.0,1.0,N,3,0.0,30-00600,N
1.0,N,1.0,1.0,N,3,0.0,30-00600,N
2.0,N,1.0,1.0,N,1,0.0,30-00600,N
2.0,N,1.0,1.0,N,N,0.0,30-00600,N
1.0,N,1.0,1.0,N,3,0.0,30-00600,N
1.0,N,1.0,1.0,N,3,0.0,30-00600,N
1.0,N,1.0,1.0,N,3,0.0,30-00600,N
2.0,N,1.0,1.0,N,3,0.0,30-00600,N
1.0,N,1.0,1.0,N,1,0.0,30-00600,N
2.0,N,1.0,1.0,N,N,0.0,30-00600,N
1.0,N,1.0,1.0,N,3,0.0,30-00600,N
2.0,N,1.0,1.0,N,3,0.0,30-00600,N
2.0,N,1.0,1.0,N,3,0.0,30-00600,N
2.0,N,1.0,1.0,N,2,0.0,30-00600,N
1.0,N,1.0,1.0,N,2,0.0,30-00600,N
2.0,N,1.0,1.0,N,2,0.0,30-00600,N
2.0,N,3.0,1.0,N,3,0.0,30-00600,N
1.0,N,3.0,1.0,N,3,0.0,30-00600,N
1.0,N,3.0,1.0,N,3,0.0,30-00600,N
2.0,N,3.0,1.0,N,3,0.0,30-00600,N
2.0,N,1.0,1.0,N,2,0.0,30-00600,N
2.0,N,1.0,1.0,N,1,0.0,30-00600,N
1.0,N,1.0,1.0,N,N,0.0,30-00600,N
2.0,N,1.0,1.0,N,3,0.0,30-00600,N
2.0,N,1.0,1.0,N,2,0.0,30-00600,N
1.0,N,1.0,1.0,N,N,0.0,30-00600,N
2.0,N,1.0,1.0,N,3,0.0,30-00600,N
2.0,N,1.0,1.0,N,3,0.0,30-00600,N
2.0,N,1.0,1.0,N,N,0.0,30-00600,N
2.0,N,1.0,1.0,N,N,0.0,30-00600,N
1.0,N,1.0,1.0,N,3,0.0,30-00600,N
2.0,N,1.0,1.0,N,3,0.0,30-00600,N
1.0,N,1.0,1.0,N,3,0.0,30-00600,N
1.0,N,1.0,1.0,N,3,0.0,30-00600,N
1.0,N,1.0,1.0,N,2,0.0,30-00600,N
2.0,N,1.0,1.0,N,1,0.0,30-00600,N
1.0,N,1.0,1.0,N,3,0.0,30-00600,N
2.0,N,1.0,1.0,N,3,0.0,30-00600,N
1.0,N,1.0,1.0,N,N,0.0,30-00600,N
2.0,N,1.0,1.0,N,2,0.0,30-00600,N
1.0,N,1.0,1.0,N,1,0.0,30-00600,N
1.0,N,1.0,1.0,N,2,0.0,30-00600,N
1.0,N,1.0,1.0,N,3,0.0,30-00600,N
2.0,N,1.0,1.0,N,3,0.0,30-00600,N
2.0,N,1.0,1.0,N,3,0.0,30-00600,N
1.0,N,1.0,1.0,N,3,0.0,30-00600,N
1.0,N,1.0,1.0,N,1,0.0,30-00600,N
2.0,N,1.0,1.0,N,N,0.0,30-00600,N
2.0,N,1.0,1.0,N,3,0.0,30-00600,N
1.0,N,1.0,1.0,N,1,0.0,30-00600,N
2.0,N,1.0,1.0,N,3,0.0,30-00600,N
2.0,N,1.0,1.0,N,3,0.0,30-00600,N
2.0,N,1.0,1.0,N,1,0.0,30-00600,N
2.0,N,3.0,1.0,N,3,0.0,30-00600,N
2.0,N,3.0,1.0,N,3,0.0,30-00600,N
2.0,N,1.0,1.0,N,3,0.0,30-00600,N
1.0,N,1.0,1.0,N,3,0.0,30-00600,N
1.0,N,1.0,1.0,N,3,0.0,30-00600,N
1.0,N,1.0,1.0,N,2,0.0,30-00600,N
2.0,N,1.0,1.0,N,3,0.0,30-00600,N
2.0,N,1.0,1.0,N,3,0.0,30-00600,N
2.0,N,1.0,1.0,N,3,0.0,30-00600,N
1.0,N,1.0,1.0,N,2,0.0,30-00600,N
2.0,N,1.0,1.0,N,N,0.0,30-00600,N
1.0,N,1.0,1.0,N,1,0.0,30-00600,N
2.0,N,3.0,1.0,N,3,0.0,30-00600,N
1.0,N,1.0,1.0,N,3,0.0,30-00600,N
2.0,N,1.0,1.0,N,2,0.0,30-00600,N
1.0,N,1.0,1.0,N,N,0.0,30-00600,N
2.0,N,1.0,1.0,N,3,0.0,30-00600,N
1.0,N,1.0,1.0,N,3,0.0,30-00600,N
1.0,N,1.0,1.0,N,3,0.0,30-00600,N
2.0,N,1.0,1.0,N,3,0.0,30-00600,N
1.0,N,1.0,1.0,N,N,0.0,30-00600,N
2.0,N,1.0,1.0,N,3,0.0,30-00600,N
2.0,N,1.0,1.0,N,3,0.0,30-00600,N
1.0,N,1.0,1.0,N,2,0.0,30-00600,N
1.0,N,1.0,1.0,N,3,0.0,30-00600,N
1.0,N,1.0,1.0,N,3,0.0,30-00600,N
2.0,N,1.0,1.0,N,3,0.0,30-00600,N
1.0,N,1.0,1.0,N,2,0.0,30-00600,N
2.0,N,1.0,1.0,N,2,0.0,30-00600,N
2.0,N,1.0,1.0,N,N,0.0,30-00600,N
2.0,N,1.0,1.0,N,3,0.0,30-00600,N
2.0,N,1.0,1.0,N,2,0.0,30-00600,N
1.0,N,1.0,1.0,N,1,0.0,30-00600,N
2.0,N,1.0,1.0,N,3,0.0,30-00600,N
1.0,N,1.0,1.0,N,3,0.0,30-00600,N
1.0,N,1.0,1.0,N,2,0.0,30-00600,N
2.0,N,1.0,1.0,N,3,0.0,30-00600,N
2.0,N,1.0,1.0,N,1,0.0,30-00600,N
2.0,N,1.0,1.0,N,N,0.0,30-00600,N
2.0,N,1.0,1.0,N,3,0.0,30-00600,N
1.0,N,1.0,1.0,N,2,0.0,30-00600,N
2.0,N,1.0,1.0,N,2,0.0,30-00600,N
2.0,N,1.0,1.0,N,2,0.0,30-00600,N
1.0,N,1.0,1.0,N,N,0.0,30-00600,N
2.0,N,1.0,1.0,N,3,0.0,30-00600,N
2.0,N,1.0,1.0,N,3,0.0,30-00600,N
1.0,N,1.0,1.0,N,1,0.0,30-00600,N
1.0,N,1.0,1.0,N,3,0.0,30-00600,N
1.0,N,1.0,1.0,N,N,0.0,30-00600,N
2.0,N,3.0,1.0,N,3,0.0,30-00600,N
2.0,N,1.0,1.0,N,3,0.0,30-00600,N
1.0,N,1.0,1.0,N,2,0.0,30-00600,N
2.0,N,1.0,1.0,N,3,0.0,30-00600,N
2.0,N,1.0,1.0,N,1,0.0,30-00600,N
2.0,N,1.0,1.0,N,N,0.0,30-00600,N
2.0,N,1.0,1.0,N,2,0.0,30-00600,N
1.0,N,1.0,1.0,N,3,0.0,30-00600,N
1.0,N,1.0,1.0,N,N,0.0,30-00600,N
2.0,N,1.0,1.0,N,3,0.0,30-00600,N
1.0,N,1.0,1.0,N,1,0.0,30-00600,N
1.0,N,1.0,1.0,N,N,0.0,30-00600,N
1.0,N,3.0,1.0,N,3,0.0,30-00600,N
1.0,N,1.0,1.0,N,3,0.0,30-00600,N
1.0,N,1.0,1.0,N,3,0.0,30-00600,N
1.0,N,1.0,1.0,N,1,0.0,30-00600,N
2.0,N,1.0,1.0,N,1,0.0,30-00600,N
1.0,N,3.0,1.0,N,3,0.0,30-00600,N
1.0,N,1.0,1.0,N,3,0.0,30-00600,N
2.0,N,1.0,1.0,N,2,0.0,30-00600,N
2.0,N,1.0,1.0,N,3,0.0,30-00600,N
2.0,N,1.0,1.0,N,3,0.0,30-00600,N
2.0,N,1.0,1.0,N,3,0.0,30-00600,N
2.0,N,1.0,1.0,N,1,0.0,30-00600,N
1.0,N,1.0,1.0,N,1,0.0,30-00600,N
1.0,N,1.0,1.0,N,N,0.0,30-00600,N
1.0,N,3.0,1.0,N,3,0.0,30-00600,N
1.0,N,1.0,1.0,N,1,0.0,30-00600,N
2.0,N,1.0,1.0,N,3,0.0,30-00600,N
2.0,N,1.0,1.0,N,2,0.0,30-00600,N
1.0,N,1.0,1.0,N,3,0.0,30-00600,N
2.0,N,1.0,1.0,N,3,0.0,30-00600,N
2.0,N,1.0,1.0,N,N,0.0,30-00600,N
1.0,N,1.0,1.0,N,3,0.0,30-00600,N
1.0,N,1.0,1.0,N,3,0.0,30-00600,N
1.0,N,1.0,1.0,N,3,0.0,30-00600,N
2.0,N,1.0,1.0,N,N,0.0,30-00600,N
2.0,N,3.0,1.0,N,3,0.0,30-00600,N
1.0,N,3.0,1.0,N,3,0.0,30-00600,N
1.0,N,3.0,1.0,N,3,0.0,30-00600,N
1.0,N,3.0,1.0,N,3,0.0,30-00600,N
1.0,N,1.0,1.0,N,3,0.0,30-00600,N
1.0,N,1.0,1.0,N,2,0.0,30-00600,N
1.0,N,1.0,1.0,N,2,0.0,30-00600,N
2.0,N,1.0,1.0,N,1,0.0,30-00600,N
1.0,N,1.0,1.0,N,3,0.0,30-00600,N
2.0,N,1.0,1.0,N,3,0.0,30-00600,N
1.0,N,1.0,1.0,N,N,0.0,30-00600,N
1.0,N,1.0,1.0,N,1,0.0,30-00600,N
2.0,N,3.0,1.0,N,3,0.0,30-00600,N
2.0,N,3.0,1.0,N,3,0.0,30-00600,N
2.0,N,3.0,1.0,N,3,0.0,30-00600,N
2.0,N,1.0,1.0,N,1,0.0,30-00600,N
2.0,N,1.0,1.0,N,2,0.0,30-00600,N
2.0,N,1.0,1.0,N,2,0.0,30-00600,N
2.0,N,1.0,1.0,N,N,0.0,30-00600,N
1.0,N,1.0,1.0,N,N,0.0,30-00600,N
1.0,N,1.0,1.0,N,2,0.0,30-00600,N
2.0,N,1.0,1.0,N,1,0.0,30-00600,N
1.0,N,1.0,1.0,N,N,0.0,30-00600,N
1.0,N,1.0,1.0,N,N,0.0,30-00600,N
2.0,N,1.0,1.0,N,3,0.0,30-00600,N
2.0,N,1.0,1.0,N,2,0.0,30-00600,N
2.0,N,1.0,1.0,N,N,0.0,30-00600,N
2.0,N,1.0,1.0,N,N,0.0,30-00600,N
